temperature,rpm,pressure,vibration,operating_hours,failure
78.2,1551,28.6,0.31,342,0
77.9,1408,29.7,0.32,469,0
78.6,1498,30.2,0.28,542,0
79.3,1433,28.5,0.32,636,0
77.5,1408,29.5,0.25,742,0
77.4,1425,28.4,0.29,751,0
79.6,1558,30.0,0.24,655,0
78.6,1527,28.0,0.38,755,0
76.6,1667,25.3,0.28,826,0
78.6,1741,26.5,0.38,853,0
76.9,1782,25.7,0.32,905,0
78.7,1423,30.4,0.37,878,0
80.1,1339,30.3,0.36,1013,0
76.5,1742,26.1,0.28,1126,0
76.1,2035,24.7,0.32,964,0
79.3,1542,30.9,0.38,1298,0
78.7,1311,29.6,0.33,1173,0
80.3,1410,30.6,0.33,1391,0
79.4,1306,31.8,0.38,1437,0
77.7,1632,28.7,0.44,1435,0
81.9,1375,30.9,0.49,1612,0
80.0,1450,30.7,0.42,1680,0
79.5,1581,28.0,0.38,1631,0
77.7,1758,25.8,0.35,1676,0
79.5,1561,29.1,0.37,1833,0
79.7,1861,26.5,0.42,1817,0
79.2,1512,29.2,0.49,1918,0
79.9,1811,25.4,0.34,1678,0
80.0,1439,28.9,0.44,1966,0
79.6,1693,26.9,0.39,1868,0
80.6,1339,31.9,0.45,2028,0
81.9,1798,26.7,0.45,2140,0
81.1,1419,31.7,0.42,2258,0
78.7,1665,27.2,0.45,2079,0
80.6,1559,26.6,0.47,2148,0
79.3,1452,31.0,0.48,2235,0
80.3,1581,28.4,0.49,2218,0
77.7,1439,29.0,0.47,2428,0
79.4,1379,32.5,0.56,2380,0
81.2,1350,34.1,0.46,2484,0
81.4,1362,30.9,0.49,2559,0
81.1,1368,31.9,0.52,2540,0
80.7,1368,31.5,0.42,2516,0
80.7,1372,31.7,0.48,2629,0
79.1,1472,30.8,0.5,2655,0
80.1,1489,31.9,0.58,2785,0
78.8,1843,26.8,0.44,2892,0
82.1,1418,31.4,0.51,2772,0
82.0,1425,33.4,0.6,2779,0
79.0,1412,31.1,0.48,2994,0
78.8,2861,20.2,0.33,2982,1
81.1,1383,33.9,0.58,3082,0
79.8,1497,30.3,0.5,3140,0
80.9,1565,27.9,0.48,3032,0
81.1,1691,26.8,0.55,3294,0
82.0,1512,30.5,0.6,3181,0
80.0,1477,30.4,0.6,3308,0
80.5,1513,28.8,0.61,3293,0
80.4,1661,28.0,0.58,3337,0
83.0,1378,32.3,0.54,3570,0
81.1,1393,33.2,0.64,3496,0
80.4,1592,29.9,0.56,3578,0
78.4,1829,26.9,0.5,3571,0
78.5,1812,28.3,0.56,3644,0
82.0,1523,28.8,0.52,3682,0
83.1,1394,31.4,0.55,3704,0
79.9,1679,27.4,0.59,3808,0
82.1,1466,31.6,0.64,3785,0
80.7,1527,28.7,0.6,4044,0
81.8,1410,36.1,0.68,3974,1
80.4,1924,25.9,0.59,3842,0
83.5,1452,30.8,0.68,3972,0
81.6,1369,32.2,0.65,4054,0
83.0,1592,29.6,0.57,4061,0
77.6,1601,29.4,0.59,4148,0
82.4,1379,31.8,0.7,4192,0
81.6,1461,31.8,0.73,4055,0
80.7,1455,29.9,0.64,4302,1
79.0,1398,31.4,0.31,460,0
75.7,1402,27.2,0.28,488,0
78.3,1445,32.3,0.33,523,0
79.2,1450,29.2,0.3,725,0
80.1,1453,29.0,0.19,674,0
77.9,1469,29.9,0.36,678,0
77.8,1422,30.9,0.41,733,0
77.2,1804,25.7,0.26,659,0
80.0,1436,28.8,0.29,788,0
78.6,1544,25.7,0.31,845,0
78.4,1419,30.6,0.34,959,0
79.1,1487,29.8,0.38,1087,0
77.8,1753,25.1,0.31,1131,0
78.9,1830,24.4,0.28,1223,0
77.0,1727,23.8,0.27,1241,0
78.7,1450,28.8,0.4,1169,0
77.7,1622,26.9,0.36,1249,0
78.0,1351,33.0,0.44,1280,0
79.1,1575,28.4,0.32,1164,0
78.5,1750,26.8,0.42,1292,0
78.2,1529,27.0,0.29,1429,0
78.6,1523,29.6,0.43,1464,0
76.3,1852,26.6,0.27,1555,0
77.0,1991,24.7,0.31,1586,0
78.4,1555,27.5,0.46,1443,0
77.8,1441,28.7,0.43,1662,0
78.6,1450,29.2,0.39,1688,0
78.5,1591,26.6,0.36,1759,0
81.4,1445,31.6,0.44,1830,0
79.5,1497,30.7,0.46,1769,0
78.8,1621,27.4,0.45,1934,0
78.3,1572,28.9,0.39,1852,0
75.1,1872,24.6,0.31,1883,0
78.7,1499,31.6,0.45,2028,0
78.9,1498,28.7,0.42,2054,0
81.7,1486,29.9,0.4,2157,0
77.8,1680,26.7,0.43,2349,0
79.5,1431,30.8,0.47,2257,0
78.6,1564,28.4,0.46,2278,0
77.0,1599,28.2,0.41,2227,0
79.5,1707,26.1,0.45,2196,0
79.6,1467,28.8,0.42,2380,0
80.4,1433,32.6,0.46,2506,0
78.1,1558,29.4,0.47,2431,0
81.8,1310,32.6,0.59,2524,0
77.8,1546,29.1,0.53,2642,0
79.3,1727,26.9,0.5,2675,0
81.2,1560,27.7,0.53,2633,0
79.1,1329,34.8,0.71,2648,0
78.8,1413,29.0,0.52,2548,0
79.1,1587,29.5,0.56,2655,0
77.9,1559,27.4,0.53,2719,0
76.9,1473,30.2,0.56,2708,0
78.0,1737,26.0,0.55,2832,0
77.7,1441,29.8,0.51,3001,0
79.9,1430,31.8,0.54,3023,0
78.5,1369,32.0,0.59,2974,0
80.2,1711,26.8,0.49,3052,0
78.5,1420,30.2,0.57,2985,0
80.0,1297,32.0,0.66,3250,0
81.0,1449,32.9,0.56,3043,0
79.0,1268,32.6,0.6,3330,0
79.6,1511,29.0,0.56,3332,0
80.6,1544,29.5,0.54,3268,0
76.5,1778,26.8,0.45,3347,0
80.0,1407,31.9,0.59,3326,0
79.7,1391,30.9,0.62,3419,0
79.8,1513,29.6,0.62,3432,0
77.6,1612,28.3,0.53,3656,0
77.8,1515,30.1,0.55,3780,0
80.3,1379,30.7,0.63,3546,0
79.6,1473,29.9,0.53,3920,0
79.7,1422,30.9,0.6,3807,0
79.3,1463,29.1,0.54,3867,0
78.3,1584,30.2,0.68,3779,0
78.6,1850,26.2,0.55,4056,0
79.2,1528,29.6,0.68,4002,0
77.0,1987,26.5,0.6,4113,0
81.6,1495,31.0,0.64,4208,0
80.0,1478,30.8,0.62,4271,0
77.9,1499,30.9,0.65,4201,0
80.6,1471,33.2,0.68,4290,0
79.5,1282,34.2,0.76,4293,1
80.9,1412,33.3,0.69,4449,1
77.3,1586,27.6,0.31,527,0
75.7,1468,29.3,0.31,621,0
78.1,1440,27.4,0.29,678,0
76.6,1733,25.7,0.24,504,0
77.1,1612,28.0,0.28,786,0
79.3,1458,29.4,0.29,843,0
78.0,1433,33.0,0.38,826,1
77.2,1318,32.7,0.38,919,0
75.4,1610,28.9,0.33,917,0
76.2,1462,32.0,0.44,1030,0
75.0,1924,24.8,0.28,986,0
76.4,1591,27.6,0.37,1107,0
78.1,1306,32.5,0.41,1128,0
77.9,1382,29.5,0.35,1124,0
76.4,1618,27.5,0.34,1209,0
77.6,1988,25.0,0.31,1446,0
77.3,1436,32.5,0.4,1210,0
81.1,1304,32.1,0.36,1280,0
78.7,1475,30.1,0.34,1283,0
75.3,1824,25.4,0.36,1326,0
76.4,1342,31.5,0.44,1526,0
77.8,1485,29.7,0.42,1571,0
76.4,1667,26.3,0.37,1549,0
78.0,1446,31.0,0.42,1667,0
79.1,1301,31.8,0.47,1684,0
77.9,1379,29.0,0.44,1643,0
76.7,1606,27.8,0.35,1569,0
76.3,1539,31.6,0.38,1794,0
78.0,1477,30.8,0.43,1794,0
78.6,1666,27.7,0.4,1818,0
78.9,1398,32.8,0.45,1814,0
76.2,1678,28.0,0.34,2000,0
76.7,2678,22.2,0.42,2058,1
79.0,1453,30.5,0.44,2064,0
78.2,1432,31.8,0.48,2021,0
79.0,1527,30.4,0.51,2293,0
78.8,1588,29.3,0.35,2309,0
77.9,1433,31.4,0.47,2317,0
78.9,1609,28.5,0.44,2119,0
79.4,1575,29.9,0.46,2365,0
79.7,1636,28.9,0.45,2384,0
79.8,1490,29.1,0.53,2407,0
76.6,1741,27.9,0.49,2552,0
78.7,1344,33.6,0.57,2585,0
79.6,1609,29.7,0.48,2616,0
81.2,1421,33.3,0.51,2700,1
79.5,1591,28.9,0.41,2588,0
84.0,1477,30.1,0.46,2669,0
79.8,1523,28.5,0.51,2747,0
80.4,1575,28.6,0.49,2727,0
81.4,1344,33.3,0.55,2870,0
80.6,1386,30.8,0.53,2859,0
78.7,1589,27.6,0.6,3041,0
80.3,1548,29.1,0.5,2916,0
78.3,1499,30.2,0.57,3196,0
78.3,1664,25.7,0.51,3224,0
78.7,1447,30.4,0.53,3089,0
79.7,1434,31.8,0.62,3224,0
82.8,1416,34.0,0.65,3154,0
76.1,1827,26.1,0.49,3302,0
80.7,1304,29.5,0.61,3296,0
77.3,1569,29.1,0.56,3243,0
78.4,1584,28.6,0.53,3099,0
81.6,1362,34.0,0.63,3395,0
79.8,1329,31.7,0.58,3475,0
77.9,1539,29.3,0.56,3595,0
78.5,1629,29.0,0.55,3527,0
79.9,1538,27.7,0.6,3657,0
78.6,1570,29.7,0.57,3576,0
79.8,1408,30.0,0.56,3621,0
79.9,1424,31.3,0.6,3768,0
78.3,1512,28.2,0.46,3522,0
82.2,1478,29.7,0.6,3756,0
79.6,1680,28.9,0.59,3759,0
76.7,1495,30.9,0.61,3953,0
78.8,1552,29.4,0.69,3837,0
78.7,1393,31.6,0.69,3974,0
79.5,1611,28.9,0.61,4042,0
78.7,1339,34.5,0.61,3885,0
77.8,1777,26.2,0.56,4046,0
81.0,1348,34.5,0.69,4058,1
80.5,1442,31.8,0.63,4204,0
78.4,1395,33.9,0.65,4218,0
78.1,1627,28.1,0.55,4199,0
78.1,1585,28.0,0.58,4187,0
78.9,1469,32.4,0.72,4389,0
82.8,1362,35.2,0.72,4336,1
81.2,1405,34.4,0.71,4248,1
74.7,1662,26.3,0.27,377,0
77.7,1466,29.9,0.35,571,0
78.8,1620,27.9,0.29,487,0
78.3,1357,29.8,0.34,773,0
74.6,1514,28.1,0.27,585,0
76.0,1489,27.6,0.28,696,0
79.8,1331,34.5,0.39,744,0
74.6,1615,25.9,0.36,708,0
77.0,1482,27.8,0.37,623,0
79.1,1420,34.2,0.41,853,1
76.4,1522,30.8,0.36,831,0
76.2,1654,27.6,0.37,954,0
72.1,1736,26.1,0.33,970,0
74.9,1587,26.8,0.23,1055,0
77.0,1390,31.1,0.32,1212,0
75.0,1454,28.4,0.36,1079,0
78.9,1440,29.3,0.29,1121,0
73.6,1954,24.4,0.27,1114,0
75.1,1800,25.2,0.3,1267,0
76.6,1524,28.6,0.36,1404,0
78.3,1520,28.6,0.37,1368,0
75.3,1452,28.9,0.38,1529,0
78.4,1484,30.7,0.43,1535,0
77.1,1426,31.2,0.4,1481,0
74.9,1652,25.8,0.35,1646,0
78.3,1401,33.0,0.39,1640,0
76.0,1750,26.1,0.41,1702,0
76.8,1479,32.0,0.42,1700,0
76.4,1620,26.8,0.34,1782,0
75.8,1819,26.3,0.38,1900,0
77.6,1456,30.4,0.41,1904,0
77.6,1626,28.4,0.4,2114,0
79.8,1390,32.4,0.48,2076,0
76.3,1469,30.2,0.44,2109,0
79.2,2051,24.6,0.47,2087,0
75.3,1568,28.7,0.43,1974,0
77.4,1589,27.7,0.46,2107,0
78.2,1805,27.4,0.35,2156,0
78.7,1385,29.5,0.43,2221,0
78.0,1436,30.4,0.45,2329,0
78.5,1438,30.0,0.45,2420,0
77.7,1473,29.0,0.5,2425,0
77.7,1335,28.9,0.52,2531,0
80.0,1392,30.5,0.51,2449,0
79.9,1372,32.3,0.52,2584,0
77.6,1716,27.2,0.44,2644,0
80.3,1395,29.2,0.57,2690,0
78.3,1713,27.5,0.54,2808,0
78.6,2129,25.6,0.44,2805,0
79.0,1567,29.1,0.54,2724,0
77.7,1622,30.9,0.53,2874,0
77.3,1740,26.0,0.51,2918,0
79.4,1512,30.2,0.47,3127,0
79.8,1479,29.9,0.53,3017,0
78.1,1737,27.2,0.52,3018,0
77.8,2129,24.0,0.52,3167,0
81.0,1374,31.6,0.54,3208,0
78.1,1579,29.5,0.46,3198,0
80.4,1305,31.5,0.56,3239,0
79.1,1449,30.8,0.61,3368,0
79.5,1526,30.5,0.51,3278,0
81.3,1453,30.6,0.54,3408,0
80.5,1468,28.7,0.57,3446,0
81.4,1313,33.3,0.62,3611,0
81.9,1300,32.7,0.66,3582,0
79.4,1646,31.1,0.55,3527,0
79.8,1714,29.6,0.56,3571,0
78.3,1685,26.2,0.61,3834,0
79.8,1512,31.1,0.56,3806,0
78.8,1612,30.1,0.64,3822,0
79.5,1550,30.1,0.56,3791,0
79.8,1518,29.1,0.63,4000,0
78.8,1448,31.2,0.61,3827,0
82.7,1561,31.6,0.6,4011,0
78.8,1488,31.0,0.62,3951,0
77.7,1699,26.5,0.61,4020,0
81.4,1501,30.9,0.64,4133,0
81.9,1373,34.8,0.75,4099,1
80.0,1703,28.9,0.67,4111,0
80.2,1720,29.0,0.57,4196,0
80.0,1398,30.4,0.62,4165,0
79.6,1391,33.0,0.66,4439,0
76.8,1538,30.0,0.25,419,0
75.1,1647,26.3,0.32,702,0
77.7,1469,29.8,0.33,566,0
75.2,1749,25.2,0.25,747,0
74.4,1995,23.3,0.26,533,0
75.7,1742,27.0,0.34,790,0
77.0,1563,27.8,0.39,846,0
75.5,1713,25.9,0.31,907,0
75.4,1474,28.2,0.22,733,0
76.5,1530,25.3,0.32,835,0
77.5,1471,29.7,0.39,991,0
77.0,1388,30.0,0.37,992,0
74.6,2448,23.1,0.3,1039,0
76.9,1585,26.6,0.34,1040,0
75.7,1459,30.7,0.31,1229,0
75.5,1544,30.1,0.32,1367,0
75.8,1617,27.5,0.32,1202,0
76.6,1595,27.4,0.39,1266,0
77.9,1400,30.0,0.35,1269,0
78.8,1611,25.6,0.37,1456,0
79.0,1507,30.3,0.41,1473,0
76.6,1674,26.0,0.42,1375,0
77.1,1658,28.3,0.37,1500,0
76.1,1623,30.4,0.32,1504,0
78.3,1398,31.6,0.45,1836,0
77.1,1517,26.2,0.47,1725,0
77.8,1467,28.1,0.43,1662,0
76.3,1567,28.0,0.37,1709,0
78.2,1521,28.8,0.37,1881,0
79.4,1596,27.9,0.38,1942,0
77.1,1640,27.3,0.48,1969,0
78.8,1438,30.1,0.45,1960,0
79.9,1407,32.1,0.46,2054,0
78.7,1353,33.9,0.49,2074,0
78.7,1552,28.7,0.44,2026,0
78.1,1569,29.4,0.51,2080,0
78.3,1489,28.2,0.41,2240,0
77.1,1587,29.9,0.49,2259,0
77.9,1622,28.2,0.46,2376,0
78.9,1604,28.9,0.52,2449,0
80.6,1405,32.5,0.58,2541,0
79.5,1412,29.6,0.49,2412,0
81.0,1431,30.4,0.48,2560,0
76.9,1533,29.4,0.48,2605,0
79.8,1401,33.2,0.53,2556,0
79.1,1424,33.5,0.48,2644,0
80.1,1754,27.1,0.53,2665,0
76.4,1754,26.5,0.47,2892,0
75.7,2564,25.2,0.37,2767,1
78.2,1546,30.6,0.43,2831,0
76.9,1335,30.9,0.45,2809,0
77.8,1842,26.8,0.51,2827,0
77.3,1712,26.4,0.46,2815,0
79.8,1414,31.0,0.53,3043,0
80.7,1319,31.4,0.59,3069,0
83.1,1249,34.3,0.59,3019,0
81.3,1455,33.3,0.59,3007,0
79.9,1408,33.8,0.6,3129,0
79.1,1460,29.5,0.57,3128,0
80.0,1491,30.5,0.48,3186,0
77.9,1490,31.6,0.54,3138,0
82.0,1350,32.6,0.63,3310,0
80.5,1528,30.6,0.54,3365,0
78.2,1571,28.8,0.61,3469,0
77.0,1490,30.3,0.68,3405,0
79.9,1774,28.7,0.56,3426,0
79.1,1502,30.7,0.66,3381,0
81.4,1392,30.9,0.66,3683,0
76.2,2100,24.7,0.49,3702,0
78.3,1722,27.9,0.57,3668,0
79.4,1678,29.4,0.65,3595,0
81.2,1273,34.9,0.66,3640,0
79.8,1297,31.3,0.59,3729,0
81.6,1350,35.2,0.63,3886,0
79.5,1439,33.2,0.65,3867,0
79.7,1600,30.2,0.59,3760,0
80.5,1434,32.3,0.71,3965,0
80.8,1459,30.8,0.64,3919,0
81.3,1472,31.6,0.69,3980,0
79.3,1429,31.6,0.64,4153,0
78.9,1388,31.5,0.63,4172,0
80.9,1573,28.8,0.57,4234,0
79.7,1588,28.8,0.58,4180,0
79.1,1511,31.0,0.68,4288,0
81.8,1495,31.0,0.67,4206,0
80.6,1394,33.1,0.72,4268,0
76.9,2151,23.9,0.17,474,0
76.7,1501,28.1,0.29,537,0
79.2,1301,29.3,0.26,486,0
78.3,1657,26.8,0.3,624,0
77.5,1333,32.1,0.37,812,0
78.2,1484,29.5,0.28,644,0
78.2,1430,29.2,0.37,660,0
78.1,1665,26.4,0.38,702,0
76.6,1501,29.8,0.37,1069,0
78.4,1496,28.8,0.33,928,0
78.8,1595,28.9,0.31,923,0
77.1,1208,32.9,0.39,1003,0
76.2,1596,27.7,0.3,1052,0
75.3,1446,30.0,0.36,1018,0
77.3,1466,29.0,0.3,1063,0
77.5,1848,25.0,0.23,1145,0
79.8,1484,30.1,0.38,1153,0
77.4,1493,29.3,0.37,1233,0
79.0,1504,26.8,0.33,1329,0
75.6,1538,28.3,0.32,1256,0
76.3,1341,33.1,0.42,1580,0
77.0,1535,27.2,0.32,1467,0
78.3,1389,28.5,0.38,1359,0
78.3,1393,30.1,0.48,1298,0
76.8,1399,34.0,0.48,1530,1
78.2,1469,29.8,0.36,1675,0
76.1,1582,28.9,0.35,1749,0
78.3,1793,26.2,0.38,1736,0
78.8,1452,29.6,0.36,1733,0
78.8,1376,33.0,0.4,1744,0
78.1,1552,30.1,0.46,1837,0
77.3,1622,28.6,0.43,1824,0
78.8,1419,30.0,0.45,1909,0
80.1,1440,30.1,0.46,2101,0
76.9,1643,28.0,0.41,2021,0
79.3,1510,29.4,0.41,2185,0
78.7,1468,30.1,0.49,2233,0
79.1,1429,33.1,0.57,2121,0
79.3,1478,30.8,0.46,2176,0
78.4,1276,34.8,0.47,2418,0
78.3,1486,29.8,0.43,2294,0
77.6,1476,31.4,0.45,2399,0
81.4,1431,29.0,0.49,2602,0
79.3,1402,28.8,0.4,2606,0
78.6,1433,29.8,0.52,2570,0
77.3,2874,20.6,0.4,2666,1
78.7,1511,28.4,0.41,2630,0
79.0,1456,29.8,0.47,2751,0
79.7,1550,29.4,0.51,2560,0
78.4,2182,25.1,0.43,2748,0
78.3,1619,28.7,0.51,2628,0
78.6,1586,28.8,0.49,2843,0
79.7,1499,31.2,0.59,2865,0
77.2,1419,30.5,0.53,3081,0
78.7,1497,29.9,0.51,3118,0
81.9,1520,28.4,0.49,3073,0
83.3,1478,32.5,0.61,3135,0
80.5,1380,29.3,0.56,3234,0
81.1,1570,28.7,0.58,3193,0
81.0,1468,31.2,0.59,3272,0
83.2,1833,27.5,0.43,3469,0
82.8,1323,34.4,0.59,3333,0
80.0,1583,29.1,0.51,3417,0
79.5,1556,29.8,0.55,3464,0
78.7,1548,28.5,0.56,3794,0
82.1,1324,34.6,0.69,3626,0
79.5,1568,29.2,0.62,3703,0
78.6,1685,28.1,0.55,3710,0
80.1,1582,29.1,0.58,3768,0
79.6,1463,29.9,0.56,3793,0
83.7,1584,30.2,0.63,3838,0
83.5,1347,33.4,0.68,3728,0
81.4,1459,29.0,0.65,3926,0
83.7,1420,31.7,0.68,3924,0
82.1,1404,30.3,0.55,4012,0
80.7,1470,29.6,0.62,3998,0
84.6,1326,32.1,0.73,4101,0
83.2,1459,32.5,0.66,4150,0
80.5,1530,29.3,0.69,3931,0
81.0,1505,30.4,0.64,4183,0
79.9,1611,29.2,0.63,4104,0
79.6,1515,29.5,0.6,4308,0
82.2,1804,28.9,0.57,4300,0
84.8,1464,33.1,0.72,4486,0
80.5,1390,32.0,0.72,4447,0
80.1,1442,30.4,0.31,461,0
78.5,1529,28.9,0.25,628,0
78.3,1610,28.0,0.29,581,0
78.2,1543,26.9,0.34,602,0
79.0,1445,29.0,0.4,709,0
78.4,1893,25.4,0.26,896,0
78.4,1415,28.0,0.26,871,0
79.6,1564,27.3,0.35,901,0
79.3,1479,28.5,0.32,1111,0
79.2,1426,29.7,0.38,868,0
78.1,1428,27.3,0.34,902,0
78.2,1620,27.3,0.28,1010,0
79.5,1715,26.7,0.31,1155,0
79.5,1732,25.5,0.37,994,0
79.8,1391,34.1,0.39,1245,0
79.1,1924,23.0,0.26,1043,0
79.8,2027,25.8,0.24,1184,0
78.0,1617,27.7,0.32,1261,0
80.4,1497,28.0,0.34,1212,0
79.7,1448,28.3,0.41,1268,0
81.1,1401,30.3,0.35,1435,0
78.9,1620,28.1,0.43,1522,0
78.3,1466,30.2,0.34,1274,0
79.1,1373,31.0,0.51,1493,0
80.5,1592,27.3,0.45,1505,0
80.9,1553,30.5,0.41,1576,0
79.2,1569,28.2,0.32,1595,0
80.8,1709,28.5,0.38,1553,0
78.3,1549,27.5,0.38,1833,0
80.6,1443,30.1,0.38,1838,0
78.0,1675,27.4,0.4,1772,0
79.0,1623,26.3,0.37,1777,0
81.0,1365,31.1,0.43,1803,0
78.3,1759,26.6,0.38,1734,0
80.0,1516,29.0,0.42,2005,0
81.4,1499,27.1,0.52,2128,0
78.8,1775,27.5,0.38,2130,0
82.0,1473,29.6,0.49,2165,0
80.1,1296,32.4,0.5,2218,0
80.4,1803,25.9,0.43,2175,0
82.0,1563,26.3,0.47,2239,0
77.0,1831,26.1,0.46,2354,0
78.8,1958,25.7,0.43,2477,0
80.6,1809,26.2,0.44,2567,0
80.6,1482,30.1,0.48,2474,0
82.0,1332,32.4,0.53,2462,0
79.8,1437,30.3,0.46,2584,0
80.0,1698,26.6,0.46,2778,0
81.3,1274,31.9,0.56,2576,0
81.9,1622,27.5,0.5,2759,0
80.9,1564,27.6,0.5,2848,0
81.9,1368,31.8,0.52,2766,0
80.9,1539,29.1,0.53,2827,0
81.3,1357,32.4,0.54,2983,0
81.3,1433,31.6,0.57,3001,0
81.5,1650,28.5,0.51,3081,0
80.9,1503,31.1,0.55,3227,0
82.9,1318,33.8,0.65,3110,0
83.6,1678,29.1,0.5,3037,0
82.2,1574,27.9,0.54,3191,0
81.3,1529,28.7,0.54,3241,0
83.0,1669,30.0,0.61,3358,0
81.6,1570,27.9,0.54,3330,0
79.6,1541,29.6,0.58,3402,0
80.6,1680,28.4,0.55,3378,0
79.1,1935,25.6,0.47,3585,0
81.5,1596,30.3,0.55,3845,0
82.6,1498,28.9,0.63,3613,0
84.2,1676,27.2,0.54,3702,0
84.1,1351,31.4,0.55,3676,0
83.2,1472,31.8,0.62,3652,0
84.5,1439,29.8,0.57,3825,0
81.5,1410,34.3,0.68,3846,0
83.7,1440,32.8,0.72,3706,0
83.6,1591,29.5,0.65,4115,0
81.1,1533,30.0,0.68,4055,0
83.7,1700,28.2,0.58,4063,0
82.7,1798,26.2,0.58,4077,0
82.6,1394,33.4,0.62,4196,0
84.3,1341,32.3,0.66,4236,0
85.0,1697,26.9,0.59,4267,0
83.6,1419,31.8,0.64,4410,0
81.8,2001,25.1,0.65,4517,0
83.0,1501,33.6,0.63,4609,1
81.3,1623,29.3,0.71,4417,0
83.1,1628,29.5,0.71,4527,0
81.6,1491,30.5,0.71,4638,0
82.5,1517,29.8,0.64,4582,0
81.9,1525,30.9,0.64,4630,0
82.8,1668,27.9,0.64,4807,0
80.9,1312,31.6,0.34,572,0
81.8,1278,31.2,0.32,638,0
80.2,1330,32.0,0.29,609,0
79.5,1530,28.3,0.35,715,0
79.3,1428,30.8,0.4,751,0
80.1,1480,30.7,0.33,822,0
80.3,1616,26.9,0.31,790,0
81.2,1547,29.0,0.27,869,0
77.9,2194,22.8,0.26,1034,0
80.6,2000,23.7,0.31,949,0
84.4,1336,35.2,0.44,909,1
81.2,1542,27.5,0.31,1084,0
82.5,1693,25.0,0.31,1239,0
80.6,1461,31.7,0.37,952,0
79.3,1565,27.3,0.33,1188,0
79.5,1403,31.6,0.4,1319,0
82.6,1629,26.6,0.27,1155,0
81.9,1534,27.3,0.35,1319,0
81.5,1553,30.0,0.39,1280,0
81.2,1563,28.4,0.34,1327,0
79.4,1634,26.1,0.33,1410,0
84.6,1445,30.4,0.38,1388,0
81.0,1642,27.0,0.34,1435,0
80.9,1686,26.8,0.36,1562,0
82.8,1393,29.6,0.42,1834,0
82.6,1433,31.1,0.34,1770,0
82.4,1507,28.8,0.46,1879,0
81.8,1389,31.1,0.44,1898,0
83.1,1408,30.8,0.52,1832,0
84.2,1725,27.7,0.36,1948,0
82.9,1926,26.5,0.35,2064,0
84.0,1509,29.7,0.42,2078,0
81.5,1545,28.3,0.45,2116,0
80.9,1533,29.3,0.36,2178,0
82.4,1455,29.3,0.43,2369,0
83.6,1335,34.3,0.54,2275,0
84.1,1523,32.3,0.44,2236,0
80.7,1460,32.2,0.54,2291,0
83.9,1554,28.9,0.44,2248,0
82.6,1419,30.9,0.46,2555,0
82.1,1442,29.2,0.52,2585,0
81.0,1507,30.2,0.55,2499,0
79.5,1858,24.9,0.45,2702,0
83.4,1463,29.9,0.55,2614,0
81.7,1585,28.1,0.55,2564,0
79.8,1536,28.6,0.45,2707,0
80.7,1403,32.3,0.58,2702,0
81.1,1515,29.6,0.44,2773,0
83.9,1390,31.1,0.55,2649,0
82.0,1226,35.0,0.57,2730,0
79.2,1495,28.8,0.56,2967,0
80.3,1608,26.9,0.54,3037,0
81.2,1392,31.0,0.57,3103,0
78.3,1461,32.3,0.56,3203,0
80.9,1559,29.4,0.55,3125,0
81.4,1400,31.7,0.58,3155,0
81.1,1732,26.1,0.51,3131,0
82.8,1611,28.2,0.59,3210,0
82.1,1503,29.9,0.62,3133,0
81.0,1391,30.8,0.58,3302,0
78.8,2015,24.1,0.51,3199,0
83.7,1683,27.3,0.54,3486,0
80.9,1435,31.0,0.51,3466,0
80.2,1732,28.5,0.52,3308,0
82.4,1365,33.8,0.72,3509,0
81.1,1562,29.9,0.55,3717,0
81.4,1449,31.4,0.71,3585,0
79.8,1700,28.4,0.6,3551,0
80.6,1427,31.7,0.64,3541,0
80.5,1479,30.6,0.62,3597,0
80.3,1469,29.8,0.59,3833,0
80.3,1390,32.6,0.63,3791,0
80.1,1729,27.5,0.63,3834,0
80.9,1470,31.8,0.61,3863,0
83.1,1459,33.1,0.7,3922,0
76.7,1738,26.7,0.51,3870,0
82.0,1471,29.4,0.58,4029,0
81.8,1822,27.7,0.66,3979,0
78.2,1554,29.2,0.62,4068,0
80.8,1433,30.5,0.64,4245,0
81.1,1449,31.6,0.74,4247,0
76.8,1456,27.6,0.34,555,0
78.1,1424,29.3,0.34,708,0
77.3,1577,28.1,0.26,584,0
81.1,1478,28.6,0.29,680,0
81.5,1295,33.1,0.38,692,0
81.1,1372,31.0,0.36,731,0
79.9,1432,28.6,0.31,722,0
76.9,1656,27.1,0.31,862,0
78.6,1410,30.6,0.36,937,0
78.4,1874,25.7,0.35,1031,0
77.5,1538,28.2,0.38,1039,0
79.0,1636,25.7,0.26,1143,0
78.6,1504,27.6,0.34,1125,0
78.6,1531,29.2,0.32,1143,0
79.0,1735,26.7,0.35,1155,0
80.5,1354,32.1,0.45,1194,0
78.7,1413,28.6,0.38,1524,0
80.8,1563,29.5,0.37,1440,0
78.3,1479,30.4,0.4,1458,0
80.1,1477,28.6,0.4,1534,0
80.8,1394,31.9,0.4,1580,0
79.2,1487,29.5,0.37,1769,0
78.8,1815,26.8,0.28,1648,0
77.3,1453,30.8,0.46,1938,0
80.0,1539,29.6,0.44,1786,0
78.4,1416,27.3,0.43,1981,0
77.8,1683,26.8,0.45,1977,0
80.3,1515,29.8,0.38,1987,0
79.0,1531,30.9,0.39,2120,0
77.7,1479,30.5,0.46,2137,0
77.2,1516,28.4,0.44,2187,0
80.3,1507,28.4,0.38,2357,0
78.4,1434,30.2,0.48,2168,0
80.8,1838,25.8,0.41,2181,0
77.2,1416,30.7,0.45,2242,0
82.0,1357,31.3,0.49,2490,0
78.6,1697,27.7,0.34,2519,0
79.4,1443,32.7,0.48,2415,0
78.4,1453,27.9,0.45,2304,0
79.8,1439,29.5,0.53,2511,0
78.7,1609,28.5,0.47,2482,0
81.5,1324,32.9,0.58,2559,0
79.6,1420,31.0,0.41,2550,0
79.4,1545,29.6,0.46,2595,0
79.2,1477,30.7,0.53,2910,0
80.7,1447,34.1,0.56,2740,0
79.3,1809,25.8,0.5,2943,0
77.4,1696,26.1,0.42,2848,0
78.7,1427,30.9,0.57,2811,0
81.3,1500,31.3,0.52,2977,0
80.6,1390,31.4,0.52,2959,0
79.3,1640,27.9,0.56,3009,0
79.7,1628,28.9,0.58,3073,0
79.7,1499,28.2,0.58,3050,0
79.7,1425,30.5,0.67,3074,0
78.5,1586,28.6,0.6,3253,0
80.5,1471,31.2,0.57,3370,0
79.2,1431,33.3,0.62,3274,0
79.0,1924,25.5,0.5,3412,0
77.3,1421,30.1,0.66,3555,0
81.4,1305,32.7,0.68,3481,0
79.4,1557,25.8,0.56,3584,0
79.3,1555,31.0,0.62,3617,0
80.2,1474,29.2,0.54,3594,0
81.5,1506,31.3,0.64,3658,0
80.8,1390,29.5,0.58,3694,0
77.7,1450,32.7,0.57,3838,0
77.7,1513,30.2,0.64,3922,0
78.0,1643,28.4,0.64,3962,0
80.0,1361,33.3,0.69,3903,0
79.5,1450,31.9,0.62,4056,0
78.4,1451,32.8,0.62,4029,0
80.5,1289,35.4,0.67,4045,1
78.6,1356,31.6,0.63,3808,0
78.6,1528,30.4,0.66,4045,0
76.0,1978,26.2,0.63,4078,0
77.5,1535,30.0,0.68,4285,0
76.5,1843,27.7,0.53,4278,0
78.5,1422,30.8,0.67,4238,0
80.2,1536,29.8,0.64,4384,0
78.3,1483,31.2,0.59,4281,0
82.6,1492,31.5,0.71,4365,0
79.7,1584,30.7,0.68,4481,0
79.2,1555,29.1,0.66,4616,0
78.2,1497,31.5,0.75,4721,0
79.3,1537,29.2,0.68,4597,0
78.0,1505,31.4,0.68,4803,0
78.5,1646,29.9,0.7,4737,0
79.8,1286,33.0,0.38,519,0
75.8,1400,31.5,0.33,548,0
78.1,1337,33.6,0.37,573,0
76.0,1332,32.5,0.33,660,0
75.9,1561,25.7,0.3,719,0
77.6,1546,27.7,0.29,625,0
74.7,1713,26.7,0.25,716,0
78.6,1343,31.3,0.3,900,0
77.9,1391,33.0,0.41,817,0
76.7,1311,34.2,0.45,861,0
77.7,1453,32.0,0.42,1020,0
77.4,1510,29.7,0.29,976,0
77.4,1448,32.4,0.31,1049,0
74.4,1453,30.4,0.32,1152,0
75.0,1468,27.4,0.35,1222,0
76.1,1382,30.3,0.26,969,0
75.9,1580,27.3,0.31,1135,0
76.6,1666,26.5,0.39,1149,0
77.4,1409,30.4,0.43,1255,0
74.3,1675,25.2,0.32,1244,0
76.2,1698,26.2,0.33,1407,0
76.7,1579,28.1,0.38,1403,0
76.4,1743,27.4,0.39,1549,0
78.3,1497,30.9,0.38,1590,0
77.3,1741,27.3,0.35,1622,0
77.9,1435,30.2,0.39,1576,0
77.4,1440,29.2,0.37,1647,0
74.4,1641,27.2,0.38,1655,0
77.5,1420,30.2,0.42,1636,0
76.6,1611,27.7,0.35,1857,0
77.0,1373,29.9,0.45,1809,0
74.7,1683,27.6,0.42,1732,0
75.0,1547,28.2,0.43,1948,0
77.7,1605,28.4,0.4,1976,0
75.5,2010,22.9,0.3,1865,0
77.2,1565,29.0,0.46,1973,0
75.8,1828,25.8,0.37,2063,0
76.4,1579,29.0,0.4,2189,0
77.2,1882,25.3,0.36,2288,0
76.9,1285,32.7,0.49,2339,0
76.6,1571,28.5,0.51,2362,0
76.2,1549,29.0,0.44,2347,0
76.3,1544,29.7,0.43,2577,0
77.3,1412,30.8,0.53,2548,0
78.3,1422,32.2,0.54,2563,0
75.2,1867,25.6,0.35,2644,0
78.5,1424,29.9,0.54,2602,0
75.9,1452,31.4,0.61,2665,0
76.6,1550,29.0,0.4,2539,0
76.0,1588,29.3,0.45,2710,0
78.7,1338,30.7,0.41,2917,0
77.0,1513,29.9,0.51,2824,0
78.1,1470,30.8,0.58,2856,0
74.6,1516,28.7,0.52,2981,0
77.7,1434,31.8,0.61,2983,0
78.7,1368,32.8,0.61,2927,0
77.5,1304,31.9,0.63,3028,0
78.6,1398,32.8,0.61,2970,0
76.2,1516,28.5,0.52,3112,0
78.8,1474,30.3,0.56,3065,0
79.4,1547,27.4,0.5,3242,0
76.4,1482,30.2,0.55,3181,0
76.2,1436,29.8,0.57,3209,0
78.1,1474,29.8,0.56,3301,0
77.9,1481,29.3,0.61,3375,0
75.9,1501,30.8,0.57,3285,0
75.8,1566,29.0,0.53,3375,0
75.8,1579,28.3,0.52,3461,0
74.8,1631,30.1,0.59,3595,0
75.8,1544,30.9,0.54,3321,0
75.5,1521,29.4,0.58,3626,0
75.2,1616,27.2,0.6,3582,0
77.5,1333,33.9,0.65,3609,0
76.8,1533,28.3,0.58,3683,0
79.2,1368,30.9,0.63,3761,0
76.3,1465,31.6,0.6,3876,0
78.3,1406,30.2,0.59,3819,0
77.1,1565,30.7,0.63,4083,0
77.2,1582,28.9,0.63,4054,0
78.6,1439,30.8,0.69,4055,0
75.8,1566,28.6,0.62,4062,0
78.1,1485,31.6,0.71,4224,0
77.4,1566,29.0,0.69,4271,0
77.7,1439,30.7,0.69,4107,0
78.3,1416,33.9,0.74,4179,0
78.2,2833,23.6,0.49,4339,1
77.1,1465,32.0,0.64,4399,0
73.5,1586,26.9,0.3,476,0
73.0,1567,25.8,0.22,530,0
73.9,1389,31.1,0.31,631,0
74.1,1368,30.6,0.36,796,0
76.4,1444,30.4,0.39,735,0
76.2,1498,28.3,0.31,666,0
72.9,1615,25.9,0.27,829,0
71.9,1898,24.9,0.29,918,0
75.4,1350,30.7,0.32,883,0
73.0,1516,28.9,0.32,1045,0
74.6,1542,28.4,0.34,1067,0
73.4,1541,26.9,0.33,1082,0
70.9,1951,23.9,0.31,1179,0
74.8,1645,26.7,0.3,1082,0
75.8,1416,29.6,0.35,1415,0
71.5,2044,24.8,0.29,1327,0
73.3,1414,32.5,0.34,1375,0
72.7,1678,26.0,0.36,1399,0
73.0,1594,26.8,0.4,1515,0
73.7,1514,27.9,0.42,1477,0
76.1,1358,31.7,0.42,1542,0
73.7,1325,33.9,0.42,1652,0
72.8,1339,32.4,0.47,1642,0
72.0,1335,32.4,0.47,1754,0
71.0,1892,25.4,0.37,1733,0
72.2,1575,27.6,0.45,1944,0
75.3,1444,28.9,0.44,1907,0
71.1,1915,25.7,0.36,1960,0
72.5,1584,28.5,0.4,1892,0
72.5,1685,27.0,0.36,2187,0
75.3,1337,32.0,0.51,2012,0
78.2,1235,37.1,0.55,2026,1
72.5,1464,30.2,0.49,2193,0
71.3,1739,25.7,0.48,2188,0
74.0,1490,28.3,0.42,2160,0
74.6,1356,32.0,0.39,2437,0
75.8,1397,33.1,0.52,2374,0
73.6,1458,28.9,0.48,2332,0
71.0,2161,23.3,0.37,2560,0
72.7,1651,27.8,0.46,2521,0
74.5,1389,31.5,0.54,2509,0
74.3,1370,32.6,0.49,2728,0
73.9,1408,31.8,0.51,2634,0
75.0,1343,33.0,0.6,2666,0
74.7,1423,30.7,0.48,2621,0
75.4,1426,31.4,0.54,2709,0
74.7,1435,32.6,0.44,2708,0
72.5,1573,27.4,0.44,2910,0
72.9,1612,27.1,0.49,2701,0
75.4,1446,31.5,0.6,2975,0
73.3,1329,33.1,0.52,2831,0
73.5,1569,28.0,0.52,2985,0
74.1,1256,34.6,0.6,3002,0
73.8,1383,30.7,0.61,3073,0
73.5,2270,24.4,0.41,3205,1
74.4,1458,32.2,0.6,3185,0
73.5,1474,28.9,0.54,3221,0
72.3,1462,31.5,0.61,3323,0
73.7,1669,27.7,0.53,3308,0
73.3,1822,26.0,0.51,3374,0
75.8,1456,29.4,0.6,3351,0
72.7,1546,29.1,0.57,3470,0
74.0,1490,31.0,0.59,3581,0
73.7,1569,29.1,0.58,3598,0
74.7,1621,28.2,0.56,3776,0
73.1,1518,29.7,0.61,3875,0
73.2,1526,29.8,0.56,3682,0
73.5,1589,29.4,0.58,3706,0
73.7,1475,32.4,0.61,3916,0
72.2,1473,29.2,0.61,3888,0
74.0,1407,32.6,0.64,4006,0
75.0,1518,32.6,0.67,3982,0
72.1,1593,28.7,0.65,3988,0
74.5,1380,34.7,0.65,4078,0
73.3,1423,31.5,0.67,4181,0
74.5,1800,27.6,0.63,4183,0
71.7,1623,27.5,0.61,4333,0
74.5,1372,33.6,0.69,4220,1
72.2,1396,30.9,0.28,597,0
71.8,1949,23.4,0.29,439,0
71.7,1419,30.9,0.37,636,0
70.6,1453,29.9,0.32,634,0
72.9,1542,29.2,0.33,592,0
70.1,1363,30.0,0.22,584,0
68.4,1597,28.0,0.36,697,0
72.4,1326,31.4,0.34,824,0
70.5,1641,27.0,0.32,825,0
70.7,1418,30.7,0.33,844,0
74.0,1263,33.5,0.45,1088,0
71.3,1823,23.4,0.26,917,0
71.0,1488,29.5,0.4,1106,0
70.9,1443,30.0,0.39,1016,0
72.3,1650,25.2,0.34,1033,0
73.3,1462,30.4,0.35,1110,0
72.2,1477,29.7,0.32,1261,0
73.8,1712,26.9,0.37,1155,0
71.7,1347,32.3,0.41,1341,0
71.2,1287,31.9,0.47,1295,0
71.6,1428,30.6,0.38,1345,0
72.7,1426,29.7,0.38,1475,0
72.3,1636,29.1,0.42,1670,0
72.1,1424,29.1,0.47,1459,0
72.7,1509,28.9,0.38,1625,0
71.4,1448,31.8,0.4,1631,0
73.4,1650,27.7,0.42,1654,0
72.5,1414,29.2,0.41,1813,0
72.9,1911,24.6,0.39,1749,0
72.5,1632,25.7,0.39,1759,0
73.6,1387,29.5,0.49,1978,0
74.3,1399,31.3,0.43,2122,0
73.6,1505,28.3,0.44,2090,0
74.1,1534,26.5,0.42,1953,0
75.1,1493,28.4,0.44,2052,0
74.2,1480,29.5,0.44,2215,0
74.1,1621,27.7,0.46,2316,0
72.6,1737,26.4,0.45,2244,0
76.0,1508,30.8,0.5,2215,0
72.3,1641,28.1,0.44,2428,0
76.0,1532,28.3,0.47,2344,0
74.2,1547,30.2,0.51,2355,0
72.3,1412,30.1,0.52,2377,0
73.6,1568,28.7,0.36,2379,0
73.3,1557,29.7,0.48,2737,0
74.8,1644,29.9,0.46,2659,0
72.7,1679,27.8,0.49,2529,0
73.3,1511,27.7,0.48,2755,0
71.7,1628,29.1,0.52,2695,0
74.3,1392,32.9,0.5,2743,0
70.4,1917,24.8,0.46,2701,0
73.0,1526,31.1,0.56,2753,0
76.5,1389,33.2,0.5,2844,0
75.7,1409,28.6,0.63,2726,0
74.8,1655,28.0,0.54,2880,0
73.9,1516,29.3,0.53,2955,0
74.8,1526,29.1,0.48,3095,0
76.2,1419,32.6,0.56,2976,0
73.6,1748,26.6,0.49,3126,0
77.1,1638,29.5,0.54,2932,0
76.5,1534,28.4,0.59,3279,0
74.7,1774,27.2,0.49,3167,0
74.3,2119,25.6,0.51,3338,0
76.5,1414,31.9,0.55,3414,0
73.4,1523,31.2,0.57,3434,0
75.4,1651,28.6,0.58,3462,0
75.0,1485,28.9,0.6,3407,0
76.6,1168,34.6,0.64,3488,0
76.0,1566,29.4,0.56,3692,0
79.2,1286,33.1,0.7,3600,0
77.6,1446,32.6,0.67,3693,0
74.5,2071,26.1,0.54,3636,0
76.5,1560,28.5,0.5,3877,0
77.3,1654,26.9,0.68,3738,0
77.0,1662,29.0,0.59,3953,0
76.4,1646,30.1,0.59,3830,0
76.0,1444,32.5,0.63,4032,0
77.6,1424,31.7,0.65,3987,0
77.9,1382,33.1,0.7,4030,0
78.4,1413,33.2,0.73,4239,0
74.2,1633,25.8,0.23,494,0
75.1,1441,28.8,0.29,524,0
73.6,1385,29.4,0.39,662,0
75.3,1552,27.5,0.3,524,0
74.8,1451,29.1,0.31,493,0
76.3,1433,28.1,0.27,842,0
72.7,1619,25.6,0.31,735,0
76.4,1445,29.8,0.37,925,0
74.7,1356,29.6,0.37,895,0
75.2,1319,35.2,0.4,834,1
73.2,1637,26.2,0.33,1029,0
75.1,1291,32.0,0.46,983,0
75.9,1398,32.8,0.42,965,0
76.4,1372,33.4,0.36,1003,0
73.9,1454,28.1,0.26,984,0
74.2,1515,28.6,0.36,1208,0
76.3,1881,25.9,0.35,1137,0
76.2,1711,26.6,0.29,1244,0
75.1,1475,29.5,0.36,1268,0
74.9,1512,28.3,0.35,1243,0
75.9,1335,30.2,0.41,1232,0
75.9,1472,29.2,0.36,1610,0
73.4,1477,28.1,0.42,1439,0
74.2,1760,25.8,0.36,1642,0
73.2,1549,28.6,0.34,1625,0
75.4,1648,26.3,0.41,1542,0
76.2,1556,29.4,0.34,1617,0
73.5,1958,23.5,0.4,1704,0
77.8,1403,30.3,0.48,1893,0
73.7,1684,27.1,0.44,1847,0
73.7,1596,28.4,0.4,1769,0
76.4,1498,29.6,0.41,1951,0
77.4,1524,27.9,0.43,2023,0
78.6,1502,29.8,0.44,1900,0
74.6,1809,24.9,0.37,2069,0
77.3,1542,28.5,0.41,2173,0
76.4,1431,31.4,0.45,2032,0
76.2,1512,30.2,0.41,2079,0
77.8,1403,33.1,0.52,2265,0
77.3,1331,32.4,0.48,2233,0
75.5,1474,31.9,0.49,2218,0
77.7,1607,27.8,0.41,2420,0
78.3,1415,32.2,0.44,2432,0
75.0,1671,28.1,0.52,2429,0
77.0,1556,27.7,0.45,2546,0
76.3,1927,26.1,0.46,2588,0
76.6,1597,27.7,0.47,2521,0
75.8,1627,28.1,0.35,2739,0
76.3,1480,28.9,0.57,2797,0
77.1,1565,28.9,0.53,2547,0
78.4,1573,28.3,0.47,2659,0
77.3,1605,27.2,0.48,2596,0
75.9,1874,26.0,0.41,2786,0
79.3,1424,32.0,0.64,2769,0
74.8,1420,31.7,0.53,2889,0
79.5,1372,30.5,0.54,3077,0
74.9,1664,29.0,0.48,2885,0
77.5,1409,31.9,0.56,3089,0
75.5,1718,26.2,0.55,3142,0
76.0,1544,29.8,0.62,3161,0
79.3,1466,31.7,0.56,3232,0
77.5,1394,33.0,0.6,3078,0
77.1,1840,26.7,0.51,3228,0
77.4,1477,28.8,0.52,3469,0
78.8,1425,30.9,0.7,3303,0
78.4,1414,30.6,0.65,3568,0
76.7,1414,31.9,0.62,3376,0
78.7,1595,27.7,0.62,3402,0
78.1,1345,33.7,0.69,3483,0
75.5,1653,28.8,0.59,3739,0
76.7,1547,28.6,0.6,3640,0
78.9,1656,27.2,0.63,3747,0
78.1,1731,28.9,0.53,3814,0
76.9,1774,28.2,0.64,3840,0
77.6,1521,31.8,0.61,3981,0
77.9,1420,30.7,0.68,3977,0
80.2,1683,28.3,0.6,3913,0
78.8,1498,33.1,0.68,4017,0
79.7,1385,34.3,0.7,4232,1
80.3,1455,32.7,0.66,4154,0
78.3,1549,29.5,0.62,4043,1
75.4,1392,27.0,0.35,385,0
73.6,2008,24.5,0.15,625,0
75.3,1464,29.2,0.25,663,0
75.6,1447,30.3,0.29,569,0
75.4,1685,26.6,0.24,738,0
74.9,1443,28.5,0.37,859,0
76.1,1354,29.2,0.38,901,0
72.9,2721,22.0,0.26,949,1
75.0,1680,26.6,0.29,900,0
73.1,1397,30.8,0.4,877,0
75.8,1521,28.7,0.27,948,0
75.5,1472,29.5,0.44,1032,0
75.7,1695,26.7,0.29,1017,0
71.3,1607,26.5,0.33,1147,0
78.7,1347,31.6,0.39,1367,0
74.8,1540,28.8,0.32,1172,0
76.6,1389,30.1,0.46,1231,0
73.3,1734,24.4,0.37,1456,0
76.3,1540,29.1,0.43,1415,0
74.3,1515,29.1,0.34,1324,0
74.8,1504,30.2,0.41,1527,0
77.5,1557,26.8,0.4,1551,0
75.8,1292,31.3,0.44,1568,0
76.2,1432,32.0,0.38,1693,0
77.4,1350,32.8,0.5,1621,0
75.1,1790,25.5,0.38,1782,0
75.2,1540,28.5,0.37,1817,0
74.4,2077,24.8,0.29,1926,0
78.1,1487,29.0,0.45,1838,0
75.6,1523,29.4,0.54,1970,0
76.2,1443,30.6,0.41,2049,0
78.4,1340,34.6,0.51,2126,0
77.2,1654,27.6,0.46,2266,0
77.7,1459,29.5,0.41,2272,0
77.0,1541,29.6,0.44,2280,0
76.6,1386,34.9,0.5,2380,1
80.6,1258,37.1,0.6,2343,1
76.2,1375,32.9,0.57,2545,0
77.0,1706,26.6,0.46,2564,0
75.6,1672,26.9,0.43,2474,0
76.3,1843,25.6,0.43,2717,0
77.1,1690,28.0,0.44,2652,0
78.1,1413,29.9,0.48,2828,0
77.5,1489,28.4,0.48,2712,0
80.7,1271,35.0,0.6,2678,0
78.5,1418,32.5,0.56,2697,0
77.6,1426,32.4,0.55,2784,0
78.6,1535,28.5,0.52,2820,0
78.6,1557,28.6,0.51,3003,0
75.2,1653,26.5,0.44,2934,0
78.4,1435,29.8,0.54,2843,0
78.0,1569,28.1,0.49,3025,0
77.6,1385,30.1,0.5,3071,0
78.8,1635,29.1,0.53,3077,0
77.8,1423,29.8,0.54,3172,0
77.9,1479,30.8,0.56,3182,0
79.4,1296,37.7,0.69,3272,1
77.2,1553,29.1,0.5,3303,0
76.7,1529,30.0,0.57,3322,0
75.5,1690,26.9,0.44,3224,0
81.2,1348,33.2,0.7,3551,0
77.3,1446,30.5,0.51,3293,0
77.4,1456,32.4,0.59,3442,0
75.9,1350,31.6,0.66,3401,0
77.1,1507,28.8,0.57,3555,0
76.8,1448,29.5,0.56,3570,0
79.5,1626,27.0,0.59,3635,0
78.6,1846,28.1,0.58,3805,0
77.2,1404,30.1,0.59,3861,0
80.6,1583,29.5,0.59,3835,0
80.0,1436,32.7,0.63,3962,0
77.4,1609,30.8,0.6,4058,0
73.9,1834,27.7,0.49,4056,0
82.2,1316,34.6,0.71,4046,1
77.6,1400,32.9,0.78,3966,1
77.0,1367,34.0,0.64,4154,0
79.6,1754,30.0,0.59,4218,0
81.6,1487,29.4,0.58,4138,0
80.6,1506,29.0,0.67,4237,0
80.6,1362,34.2,0.76,4282,1
79.7,1584,29.7,0.7,4435,0
80.4,1355,31.4,0.63,4508,0
79.1,1823,27.7,0.63,4489,0
79.7,1517,31.2,0.74,4442,0
79.2,1446,29.0,0.69,4629,0
78.9,1559,30.2,0.7,4625,0
75.5,1352,30.0,0.28,494,0
76.2,1578,28.4,0.3,721,0
74.8,1429,29.2,0.35,548,0
76.6,1604,29.1,0.32,708,0
77.4,1398,33.0,0.31,781,0
76.0,1441,29.5,0.3,726,0
77.1,1531,24.9,0.35,829,0
79.4,1379,31.1,0.37,949,0
78.6,1410,31.2,0.36,929,0
75.4,1513,28.5,0.31,982,0
76.8,1497,30.1,0.4,989,0
78.8,1491,29.4,0.42,1080,0
76.6,1417,31.4,0.41,1033,0
77.5,1522,28.8,0.4,1062,0
78.8,1339,32.3,0.37,1142,0
75.2,1794,24.5,0.3,1271,0
77.7,1460,29.2,0.36,1089,0
74.9,1776,25.9,0.33,1192,0
76.8,1431,29.5,0.44,1500,0
78.1,1347,31.0,0.45,1394,0
75.1,1507,29.4,0.41,1375,0
77.7,1408,31.5,0.35,1524,0
76.1,1493,26.2,0.31,1451,0
77.6,1441,32.2,0.43,1399,0
76.6,1557,28.6,0.42,1649,0
77.0,1979,24.5,0.35,1651,0
78.0,1430,33.6,0.54,1771,0
76.5,1658,28.3,0.38,1843,0
78.1,1355,31.3,0.41,1863,0
78.4,1410,30.9,0.42,1768,0
76.8,1521,29.1,0.39,1996,0
78.1,1371,32.7,0.5,2065,0
77.1,1318,32.8,0.47,1953,0
76.3,1573,27.7,0.37,2033,0
76.1,1489,30.7,0.5,2122,0
78.0,2540,24.5,0.31,2303,0
76.0,1537,30.0,0.42,2172,0
77.0,1416,31.0,0.43,2434,0
77.3,1359,33.9,0.54,2488,0
78.0,1551,29.8,0.49,2471,0
76.2,1694,28.4,0.54,2427,0
78.1,1709,27.8,0.49,2535,0
76.8,1514,30.8,0.56,2697,0
78.4,1455,30.4,0.52,2770,0
76.5,1702,28.0,0.44,2623,0
80.6,1357,29.8,0.52,2850,0
76.1,1577,26.5,0.5,2867,0
79.3,1399,31.0,0.57,2847,0
80.5,1399,34.2,0.57,2842,0
79.5,1492,30.4,0.57,2890,0
77.5,1763,27.2,0.45,3118,0
78.5,1492,28.0,0.5,3022,0
79.1,1488,32.7,0.51,3203,0
78.9,1422,31.6,0.55,3152,0
80.0,1583,29.3,0.5,3132,0
82.5,1304,33.1,0.59,3268,0
77.4,1880,26.4,0.54,3430,0
77.7,1604,29.7,0.53,3259,0
79.3,1500,29.5,0.54,3437,0
83.5,1364,33.6,0.63,3414,0
76.9,2440,23.9,0.5,3337,0
80.7,1654,28.3,0.54,3424,0
81.8,1359,30.7,0.65,3594,0
78.6,1502,29.6,0.62,3747,0
79.7,1615,28.7,0.63,3843,0
81.6,1482,30.2,0.61,3700,0
79.1,1636,28.1,0.57,3967,0
79.1,1621,29.5,0.57,3941,0
79.2,1468,31.1,0.66,4004,0
79.3,1432,33.7,0.67,4087,0
78.2,1726,28.8,0.57,4233,0
77.8,1588,28.9,0.6,4153,0
79.6,1653,29.1,0.6,4073,0
79.3,1513,31.1,0.68,4256,0
80.7,1489,31.6,0.61,4374,0
78.6,1467,29.6,0.66,4413,0
80.8,1549,30.7,0.68,4431,0
82.5,1359,32.6,0.68,4372,0
78.7,1533,30.3,0.76,4357,0
79.4,1309,33.0,0.33,547,0
80.0,1430,30.4,0.25,438,0
77.4,1419,31.5,0.32,680,0
80.2,1535,25.9,0.31,769,0
79.0,1466,29.3,0.34,729,0
78.2,1427,30.7,0.34,793,0
78.9,1280,29.8,0.3,854,0
79.0,1528,26.8,0.27,842,0
77.9,1885,24.8,0.27,816,0
79.5,1648,27.1,0.3,1013,0
79.3,1400,31.6,0.35,1110,0
78.3,2243,23.4,0.26,1249,0
78.0,1558,28.9,0.37,1131,0
80.0,1633,27.9,0.41,1315,0
79.3,1549,29.2,0.39,1173,0
79.7,1496,31.1,0.44,1211,0
81.9,1467,30.3,0.42,1330,0
83.0,1276,36.5,0.48,1314,0
80.9,1490,28.7,0.37,1334,0
78.7,1562,28.0,0.39,1687,0
80.4,1397,31.6,0.41,1584,0
82.0,1530,29.7,0.39,1841,0
81.0,1362,31.5,0.44,1665,0
82.8,1693,29.4,0.43,1662,0
81.3,1408,30.7,0.46,1955,0
81.5,1398,32.6,0.46,1847,0
80.6,1531,28.5,0.43,1952,0
80.8,1521,30.3,0.44,1886,0
81.6,1427,32.4,0.51,2080,0
81.3,1546,28.2,0.38,2062,0
82.2,1356,30.4,0.43,2202,0
78.5,2153,23.1,0.43,2205,1
79.8,1492,29.3,0.47,2297,0
79.1,1582,29.1,0.45,2382,0
82.0,1419,28.7,0.47,2387,0
80.5,1441,30.8,0.49,2439,0
78.6,1635,29.3,0.48,2448,0
82.5,1429,31.5,0.46,2475,0
84.0,1675,27.6,0.45,2583,0
80.7,1868,26.8,0.45,2590,0
82.6,1582,29.6,0.49,2646,0
82.5,1486,28.4,0.52,2773,0
82.9,1402,32.1,0.58,2694,0
83.1,1621,27.7,0.47,2927,0
82.2,1428,29.9,0.49,2828,0
83.4,1343,32.7,0.67,2893,0
82.9,1458,29.5,0.52,2933,0
82.5,1322,34.0,0.58,3042,0
83.3,1483,28.2,0.54,3053,0
82.5,1505,30.6,0.62,3057,0
81.9,1593,28.7,0.53,3213,0
82.3,2098,24.4,0.44,2876,0
81.3,1672,27.3,0.47,3267,0
83.1,1487,30.1,0.62,3277,0
83.1,1423,29.6,0.52,3092,0
83.6,1750,26.1,0.51,3349,0
83.6,1654,27.0,0.49,3395,0
84.2,1498,32.3,0.55,3391,0
83.7,1587,26.9,0.52,3257,0
85.2,1473,30.0,0.55,3472,0
85.4,1359,33.0,0.61,3533,0
83.6,1635,28.7,0.64,3442,0
82.7,1520,30.6,0.62,3577,0
82.5,1507,30.1,0.62,3549,0
84.0,1428,32.0,0.65,3683,0
82.9,1582,28.6,0.57,3623,0
82.9,1929,26.0,0.53,3655,0
84.1,1540,30.1,0.61,3734,0
85.3,1362,33.9,0.67,3683,0
84.2,1452,32.7,0.63,3815,0
85.1,1361,34.4,0.67,3944,0
86.0,1243,38.8,0.73,4020,1
81.3,1567,30.4,0.61,4024,0
83.4,1411,32.1,0.65,3978,0
83.2,1814,27.9,0.54,4237,0
81.8,1719,27.2,0.51,4279,0
84.4,1663,27.9,0.58,4226,0
85.5,1696,28.6,0.7,4246,0
85.0,1771,27.8,0.6,4299,0
83.4,1868,27.3,0.64,4415,0
86.2,1558,30.5,0.57,4489,0
85.7,1365,31.7,0.68,4495,1
85.4,1371,33.1,0.69,4487,1
83.6,1583,29.2,0.65,4673,0
80.7,1613,26.9,0.38,521,0
79.9,1721,28.2,0.28,505,0
81.1,1668,27.0,0.35,648,0
81.5,1569,27.6,0.29,691,0
82.2,1328,30.6,0.39,656,0
81.4,1596,26.6,0.38,862,0
82.6,1676,27.0,0.3,831,0
81.8,1809,26.1,0.27,838,0
78.5,1804,25.1,0.24,885,0
78.0,1533,27.0,0.3,962,0
82.0,1717,26.8,0.3,957,0
80.4,1363,31.1,0.43,992,0
81.9,1402,30.3,0.31,1119,0
80.9,1436,29.4,0.37,956,0
79.9,1525,30.1,0.29,1005,0
82.1,1598,28.5,0.32,1202,0
83.1,1444,31.8,0.39,1387,0
81.2,1334,31.3,0.4,1317,0
78.1,1681,29.0,0.38,1432,0
80.4,1593,28.4,0.38,1301,0
82.1,1461,30.8,0.41,1321,0
79.5,1693,26.5,0.36,1444,0
83.0,1404,31.6,0.37,1537,0
81.3,1707,27.2,0.28,1391,0
82.8,1458,29.0,0.38,1568,0
82.0,1517,28.7,0.4,1636,0
81.7,1433,32.6,0.5,1620,0
83.3,1566,27.3,0.38,1665,0
81.5,1676,28.1,0.38,1813,0
83.1,1368,32.7,0.48,1818,0
81.1,1581,30.0,0.4,1898,0
81.3,1708,25.2,0.42,1914,0
81.8,1481,30.6,0.52,1906,0
82.6,1451,28.7,0.53,2063,0
84.8,1495,27.6,0.44,1989,0
81.3,1573,30.0,0.47,2094,0
82.1,1366,33.6,0.57,2089,0
84.5,1553,27.8,0.44,2176,0
82.5,1528,27.4,0.48,2268,0
81.4,1527,27.4,0.39,2278,0
84.5,1461,31.8,0.48,2297,0
82.4,1455,31.1,0.54,2494,0
84.5,1620,28.4,0.44,2483,0
82.7,1786,27.1,0.44,2485,0
82.1,1583,28.6,0.41,2477,0
84.7,1653,26.2,0.55,2467,0
82.9,1331,30.6,0.58,2634,0
84.4,1484,30.4,0.52,2595,0
83.2,1603,28.7,0.52,2798,0
84.7,1445,30.4,0.53,2797,0
83.9,1823,27.1,0.53,2955,0
83.3,1491,31.5,0.52,2883,0
82.5,1533,30.2,0.57,2896,0
84.8,1409,32.2,0.63,2840,0
80.6,2737,22.9,0.48,3090,1
86.4,1494,31.8,0.47,2957,0
83.6,1594,26.4,0.5,3082,0
83.7,1527,30.2,0.52,3284,0
84.1,1452,29.3,0.56,3235,0
82.0,1483,29.9,0.47,3253,0
82.2,1569,28.9,0.47,3332,0
85.6,1472,31.5,0.67,3365,0
83.0,1533,30.7,0.6,3455,0
83.5,1366,35.2,0.65,3315,0
84.1,1532,29.0,0.58,3422,0
85.9,1313,33.6,0.65,3468,0
85.1,1372,31.2,0.66,3592,0
84.8,1555,30.6,0.57,3620,0
82.8,1394,31.3,0.62,3543,0
82.4,1442,31.5,0.64,3667,0
84.8,1564,30.0,0.54,3870,0
83.6,1452,32.1,0.69,3810,0
83.5,1466,32.1,0.61,3883,0
86.1,1469,32.9,0.71,3852,0
83.4,1944,24.9,0.57,3764,0
84.7,1415,33.8,0.74,3940,0
85.5,1528,29.8,0.58,4087,0
82.5,1570,30.9,0.6,3962,0
84.1,1617,28.3,0.58,4170,0
82.2,2083,25.4,0.57,4010,0
83.7,1541,29.7,0.71,4201,0
85.8,1320,32.0,0.75,4279,0
84.7,1354,34.3,0.62,4246,1
83.9,1495,29.6,0.65,4504,0
84.1,1589,29.2,0.51,4320,0
79.6,1530,27.2,0.31,454,0
79.0,1539,26.7,0.32,552,0
79.3,1462,29.2,0.31,511,0
78.7,1356,31.5,0.34,491,0
82.4,1622,24.6,0.29,554,0
79.2,1394,28.2,0.28,756,0
80.1,1568,27.0,0.31,707,0
81.0,1456,29.9,0.32,903,0
82.0,1378,30.6,0.38,785,0
82.0,1404,29.3,0.32,913,0
81.9,1437,27.6,0.3,950,0
80.3,1363,29.6,0.28,908,0
81.1,1377,29.6,0.29,910,0
81.5,1526,28.3,0.4,895,0
80.8,1510,29.6,0.34,1167,0
83.4,1439,31.1,0.39,1307,1
81.8,1482,29.0,0.44,1173,0
81.7,1534,28.2,0.34,1306,0
81.3,1741,26.1,0.32,1336,0
82.7,1550,28.1,0.37,1487,0
81.7,1486,28.2,0.38,1452,0
80.2,1602,28.9,0.46,1637,0
82.5,1477,27.4,0.45,1536,0
80.5,1618,27.0,0.39,1504,0
81.3,1628,27.8,0.45,1601,0
82.8,1662,28.3,0.38,1663,0
83.5,1657,27.8,0.4,1787,0
82.3,1677,25.7,0.38,1769,0
83.0,1447,28.7,0.37,1923,0
84.1,1831,25.2,0.43,1877,0
82.7,1584,26.5,0.44,1953,0
86.2,1450,28.7,0.44,1949,0
84.2,1428,32.9,0.46,1980,0
81.8,1382,32.9,0.42,2185,0
83.9,1501,31.6,0.42,2061,0
83.5,1475,30.6,0.47,2126,0
85.3,1364,32.1,0.48,2273,0
83.5,1472,28.2,0.44,2285,0
83.3,1437,31.7,0.48,2392,0
81.6,1491,31.0,0.45,2335,0
81.8,1706,26.1,0.39,2284,0
81.5,1607,28.2,0.41,2532,0
82.0,1412,33.6,0.49,2450,0
82.6,1546,29.6,0.51,2426,0
84.5,1365,31.7,0.45,2479,0
81.8,1544,27.4,0.45,2524,0
80.8,1419,30.5,0.52,2527,0
82.6,1497,30.1,0.46,2489,0
83.4,1437,31.3,0.56,2765,0
81.7,1421,32.7,0.53,2668,0
81.7,1438,29.8,0.52,2720,0
81.9,1315,31.7,0.53,2925,0
81.8,1366,34.5,0.52,2758,0
82.0,1519,29.8,0.55,2918,0
80.6,1692,28.0,0.45,2856,0
81.5,1570,28.9,0.51,2980,0
80.0,1568,27.8,0.54,3006,0
80.8,1355,29.8,0.61,3089,0
80.7,2056,24.9,0.42,3158,0
81.7,1332,34.9,0.6,3068,0
83.6,1448,32.6,0.65,3281,0
79.5,1578,28.6,0.56,3340,0
80.8,1562,29.3,0.58,3237,0
80.4,1976,25.2,0.45,3310,0
79.1,1524,26.9,0.54,3324,0
79.3,1429,31.2,0.6,3393,0
78.9,1568,28.7,0.53,3356,0
81.4,1723,28.0,0.47,3550,0
80.3,1341,30.4,0.58,3377,0
84.0,1353,31.8,0.67,3521,0
80.5,1479,34.7,0.66,3627,1
80.9,1496,32.4,0.67,3788,0
82.5,1377,33.2,0.64,3676,0
82.4,1383,31.3,0.6,3807,0
84.6,1268,36.8,0.78,3855,1
81.4,1629,28.5,0.61,3973,0
81.0,1790,27.2,0.62,3963,0
79.8,2206,24.5,0.5,4035,0
79.9,2101,25.6,0.59,3978,0
80.3,1436,32.7,0.71,3994,0
80.0,1462,32.9,0.69,4158,0
79.6,1771,28.3,0.56,4125,0
80.8,1506,33.6,0.68,4202,0
79.8,1626,29.9,0.67,4261,0
81.3,1610,30.0,0.64,4370,0
82.5,1376,34.0,0.75,4369,0
80.3,1507,30.9,0.7,4305,0
81.8,1429,30.9,0.64,4321,1
76.2,1547,29.0,0.24,637,0
76.9,1642,26.3,0.27,427,0
76.6,1503,27.1,0.28,553,0
75.1,1568,25.8,0.32,729,0
77.8,1628,28.0,0.26,845,0
77.9,1614,28.8,0.34,752,0
81.1,1278,31.7,0.41,822,0
79.1,1408,29.0,0.32,786,0
78.4,1371,33.0,0.37,919,0
80.7,1512,28.2,0.3,906,0
80.5,1472,29.8,0.32,991,0
78.9,1585,25.1,0.32,1148,0
78.5,1562,27.3,0.4,1106,0
77.6,1519,27.4,0.35,1303,0
78.3,1601,27.2,0.3,1253,0
78.7,2449,23.0,0.31,1191,0
80.5,1787,26.3,0.37,1429,0
81.4,1425,30.3,0.39,1266,0
78.2,1559,28.1,0.43,1412,0
77.6,1557,27.3,0.41,1480,0
79.4,1497,28.2,0.35,1612,0
77.2,1438,29.7,0.38,1525,0
79.4,1417,28.4,0.41,1582,0
79.6,1339,30.5,0.37,1722,0
77.6,1757,27.4,0.39,1746,0
76.7,1581,29.4,0.33,1761,0
80.7,1326,33.8,0.5,1851,0
79.0,1467,29.3,0.46,1791,0
77.7,1798,27.3,0.42,1803,0
77.0,1449,31.9,0.43,2147,0
79.7,1525,28.6,0.44,2038,0
80.2,2304,24.4,0.35,2097,0
82.3,1379,33.0,0.45,2056,0
78.6,1628,28.9,0.42,2226,0
79.8,1474,32.5,0.52,2147,0
80.2,1544,30.2,0.46,2002,0
78.8,1391,31.6,0.55,2233,0
80.9,1348,31.9,0.55,2292,0
81.0,1349,33.5,0.53,2336,0
80.4,1706,26.3,0.38,2387,0
79.1,1638,28.8,0.44,2387,0
79.2,1458,29.5,0.44,2415,0
77.9,1781,27.7,0.44,2486,0
79.7,1332,35.0,0.52,2414,0
78.5,1584,28.0,0.45,2424,0
79.6,1491,30.5,0.55,2642,0
80.4,1398,31.7,0.54,2679,0
77.1,1585,25.9,0.52,2829,0
80.4,1476,30.6,0.46,2774,0
78.3,1458,29.3,0.53,2752,0
78.7,1510,29.9,0.56,2728,0
78.8,1388,32.1,0.63,2866,0
74.2,2216,23.5,0.39,3006,0
80.3,1402,33.7,0.56,3123,0
78.0,2090,25.8,0.51,3048,0
78.2,1459,30.4,0.54,3000,0
78.6,1403,31.2,0.53,3062,0
79.1,1521,29.6,0.49,3118,0
77.1,1407,32.1,0.54,3189,0
77.6,1654,28.3,0.47,3347,0
80.3,1452,31.6,0.58,3406,0
77.4,1528,29.2,0.59,3332,0
80.5,1230,34.3,0.59,3396,0
77.2,1466,30.7,0.59,3353,0
79.9,1478,32.0,0.65,3316,0
77.6,2057,25.2,0.5,3631,0
77.4,1490,30.1,0.53,3338,0
80.9,1484,31.3,0.62,3412,0
78.2,1593,30.4,0.58,3739,0
78.4,1444,30.5,0.6,3632,0
80.1,1444,31.9,0.6,3576,0
80.1,1560,29.0,0.58,3774,0
78.1,1530,30.4,0.64,3835,0
80.9,1310,35.6,0.79,3755,1
79.4,1639,29.2,0.6,3855,0
80.7,1400,33.3,0.72,4021,0
80.1,1486,30.9,0.66,3921,0
79.2,1448,30.4,0.64,4062,0
78.0,1688,28.3,0.62,4207,0
79.7,1453,30.0,0.6,3937,0
78.3,1497,30.4,0.65,4155,0
76.9,1355,31.8,0.61,4238,0
80.2,1592,32.0,0.61,4110,0
80.4,1544,30.4,0.64,4246,0
77.2,1373,33.2,0.75,4408,0
79.0,1365,34.3,0.78,4321,1
75.9,1877,23.5,0.24,381,0
78.7,1531,30.7,0.3,626,0
75.8,1501,27.3,0.33,607,0
75.5,1490,29.9,0.26,601,0
75.5,1543,27.9,0.33,634,0
77.1,1597,28.5,0.27,778,0
74.7,1600,26.2,0.29,755,0
74.2,1622,26.9,0.28,872,0
75.1,1452,28.2,0.34,818,0
74.8,1396,28.4,0.36,756,0
75.7,1505,28.0,0.37,994,0
78.3,1412,30.8,0.37,1068,0
75.8,1393,27.2,0.34,998,0
75.0,1581,27.0,0.4,1122,0
75.4,1573,28.8,0.28,1060,0
73.5,1726,27.9,0.38,1115,0
77.2,1540,29.2,0.34,1316,0
77.8,1296,33.5,0.45,1206,0
75.2,1802,25.3,0.31,1237,0
80.7,1447,30.9,0.37,1169,0
75.9,1662,26.5,0.37,1409,0
74.9,1563,28.4,0.41,1386,0
76.9,1286,33.7,0.46,1490,0
77.0,1590,28.5,0.35,1489,0
76.4,1492,29.6,0.55,1514,0
72.9,1844,25.9,0.39,1576,0
76.8,1538,28.5,0.43,1617,0
74.0,1921,24.4,0.34,1804,0
79.7,1310,35.1,0.44,1867,0
78.2,1365,29.3,0.43,1850,0
77.1,1303,33.1,0.52,1936,0
77.9,1499,28.1,0.38,1956,0
76.5,1451,30.8,0.38,1962,0
78.7,1336,34.1,0.5,2075,0
77.7,1412,31.5,0.46,1907,0
76.1,1433,28.9,0.41,1993,0
76.4,1426,32.1,0.41,2017,0
78.5,1476,30.9,0.52,2094,0
77.7,1406,34.5,0.52,2209,0
77.3,1383,33.4,0.46,2154,0
75.5,1505,28.8,0.4,2319,0
77.0,1665,27.8,0.43,2267,0
79.6,1397,30.5,0.52,2322,0
75.8,1450,30.8,0.51,2401,0
76.7,1567,29.0,0.51,2573,0
79.0,1555,28.8,0.41,2417,0
76.6,1588,29.7,0.48,2521,0
77.5,1453,26.7,0.55,2530,0
75.4,1622,28.5,0.53,2594,0
77.5,1538,29.9,0.51,2601,0
76.9,1527,31.3,0.61,2743,0
77.7,1761,27.1,0.5,2811,0
79.3,1373,32.3,0.59,2867,0
80.5,1482,30.0,0.51,2788,0
78.9,1417,33.6,0.53,2977,0
78.5,1414,32.3,0.54,2999,0
77.2,1635,28.7,0.52,3021,0
78.1,1386,35.3,0.6,3015,0
80.0,1379,33.4,0.55,3162,0
77.4,1577,28.4,0.5,3201,0
78.7,1532,31.7,0.55,3247,0
80.2,1374,32.9,0.62,3307,0
76.6,1570,29.3,0.55,3384,0
79.0,1697,27.6,0.54,3329,0
80.0,1499,30.3,0.55,3435,0
78.5,1411,31.3,0.61,3529,0
75.8,1462,32.7,0.66,3520,0
76.7,1759,27.0,0.56,3707,0
79.8,1535,29.8,0.53,3691,0
78.1,1491,29.6,0.55,3563,0
76.8,1551,30.0,0.62,3875,0
76.9,1769,26.9,0.56,3835,0
78.9,1551,28.9,0.59,3738,0
78.5,1544,27.0,0.57,3895,0
77.3,1528,27.0,0.61,3849,0
77.7,1614,29.4,0.6,4046,0
78.3,1432,31.6,0.66,4019,0
77.3,1384,33.0,0.62,3983,0
80.0,1540,28.3,0.67,4176,0
77.9,1407,30.7,0.65,4183,0
79.4,1418,31.2,0.69,4163,0
78.9,1647,28.1,0.57,4171,0
78.4,1644,28.0,0.7,4257,0
76.4,1792,27.0,0.67,4291,0
77.6,1610,28.6,0.57,4455,0
76.4,1804,27.1,0.59,4314,0
76.2,1604,31.3,0.68,4498,1
75.6,1403,31.5,0.27,480,0
73.1,1438,30.5,0.3,636,0
74.8,1824,25.7,0.28,608,0
73.0,1663,26.8,0.27,667,0
74.4,1502,25.6,0.32,671,0
74.7,1606,27.3,0.27,651,0
74.5,1561,29.1,0.22,759,0
75.6,1435,28.9,0.37,882,0
74.3,1602,29.7,0.36,936,0
75.5,1764,27.0,0.4,875,0
72.7,1683,25.5,0.21,894,0
75.0,1618,27.2,0.36,967,0
77.8,1509,28.3,0.27,1076,0
74.2,1550,28.1,0.42,1133,0
74.9,1519,28.8,0.38,1276,0
76.0,1481,28.7,0.32,1221,0
76.5,1289,29.6,0.42,1296,0
75.0,1844,25.6,0.3,1220,0
76.6,1479,30.0,0.39,1339,0
77.1,1430,29.3,0.4,1383,0
77.3,1636,29.4,0.44,1396,0
77.0,1503,30.5,0.47,1459,0
75.5,1608,27.9,0.34,1524,0
77.2,1521,29.1,0.44,1606,0
78.7,1439,29.9,0.42,1696,0
75.6,1627,28.0,0.32,1457,0
74.3,1749,25.8,0.34,1763,0
77.4,1530,29.8,0.49,1573,0
76.9,1355,31.8,0.46,1770,0
73.7,1551,28.6,0.44,1969,0
77.9,1515,31.0,0.43,1813,0
76.4,1388,31.7,0.43,1866,0
76.1,1585,26.6,0.41,1863,0
76.5,1523,29.0,0.41,1976,0
77.2,1369,32.1,0.42,1987,0
76.6,1681,26.5,0.37,1940,0
75.8,1503,30.3,0.46,2038,0
77.3,1459,30.2,0.44,1994,0
75.7,1688,26.8,0.43,2109,0
76.2,1952,24.8,0.4,2121,0
76.2,2029,23.7,0.41,2218,0
76.4,1457,33.5,0.54,2186,0
78.8,1392,31.3,0.45,2279,0
75.1,1906,25.7,0.44,2351,0
77.2,1602,29.0,0.48,2392,0
77.7,1465,31.3,0.55,2461,0
79.2,1439,30.9,0.44,2460,0
77.7,1330,32.4,0.55,2465,0
77.0,1485,32.0,0.57,2588,0
76.6,1700,27.6,0.46,2620,0
77.5,1515,30.2,0.54,2805,0
78.8,1501,28.9,0.54,2851,0
76.2,1380,31.4,0.5,2702,0
76.0,1544,28.5,0.58,2897,0
75.5,1743,28.4,0.5,2949,0
77.5,1948,24.5,0.48,2811,0
80.6,1260,33.3,0.52,3054,0
77.1,1640,28.3,0.55,3169,0
78.3,1363,32.0,0.6,3074,0
78.7,1379,32.1,0.65,3185,0
78.6,1713,26.6,0.5,3254,0
77.7,1461,33.5,0.56,3338,0
77.8,1624,28.1,0.5,3267,0
79.4,1526,30.6,0.55,3474,0
76.9,2381,21.6,0.44,3255,0
77.1,1626,28.3,0.6,3558,0
78.4,1576,27.4,0.62,3586,0
74.1,1617,28.7,0.55,3527,0
77.0,1942,26.8,0.51,3700,0
76.4,1492,28.8,0.52,3582,0
75.7,1470,32.7,0.67,3711,0
78.0,1463,31.3,0.7,3756,0
78.8,1424,32.8,0.61,3809,0
78.1,1363,35.1,0.68,3759,0
79.2,1335,35.5,0.7,3840,0
78.7,1608,29.3,0.67,3943,0
78.4,1606,29.5,0.62,3910,0
79.0,1684,28.9,0.62,4079,0
77.4,1950,26.5,0.57,4044,0
78.4,1460,31.1,0.62,4208,0
75.3,1511,28.5,0.56,4342,1
75.6,1318,32.1,0.3,476,0
74.7,1368,31.8,0.37,663,0
77.1,1717,25.4,0.26,608,0
75.2,1520,28.0,0.29,603,0
75.9,1485,29.1,0.3,697,0
75.5,1981,23.8,0.27,791,0
75.4,1605,25.0,0.37,677,0
78.3,1446,30.5,0.34,959,0
76.0,1508,31.0,0.32,952,0
77.7,1384,33.6,0.39,1060,0
75.3,1519,29.2,0.4,1064,0
75.3,1404,30.1,0.35,1079,0
75.3,1564,25.6,0.28,1076,0
76.7,1555,28.0,0.32,1262,0
77.3,1325,31.8,0.4,1403,0
76.4,1488,29.1,0.4,1238,0
74.9,1595,27.0,0.39,1402,0
76.0,1662,25.8,0.3,1297,0
74.6,1571,26.9,0.33,1342,0
77.6,1553,28.8,0.37,1394,0
74.6,2886,19.7,0.31,1569,1
74.9,1538,28.8,0.34,1463,0
76.5,1618,26.9,0.35,1709,0
76.7,1364,31.3,0.39,1696,0
77.7,1442,32.1,0.46,1709,0
79.9,1313,36.0,0.51,1668,1
73.4,1847,24.1,0.4,1794,0
76.6,1524,30.5,0.47,1529,0
76.5,1445,32.3,0.43,1834,0
76.6,1761,26.5,0.34,1865,0
77.0,1514,31.1,0.39,1736,0
75.3,1498,28.4,0.35,1973,0
75.5,1542,27.1,0.41,2041,0
75.3,1508,29.1,0.43,1935,0
78.0,1431,33.8,0.52,2041,0
76.3,1427,29.4,0.47,2355,0
78.1,1524,28.6,0.43,2228,0
76.2,1427,30.3,0.47,2374,0
75.8,1496,30.0,0.44,2440,0
74.9,1388,29.2,0.52,2470,0
75.0,1495,31.5,0.48,2556,0
75.8,1376,32.9,0.49,2341,0
76.4,1593,26.7,0.5,2580,0
76.6,1654,27.2,0.49,2441,0
73.3,2567,24.2,0.35,2584,1
77.2,1767,27.4,0.5,2715,0
77.0,1364,32.3,0.53,2741,0
76.9,1569,26.7,0.47,2833,0
79.0,1476,28.8,0.52,2882,0
78.4,1479,32.2,0.57,2930,0
76.4,1650,29.0,0.53,2969,0
75.6,1565,29.5,0.52,3017,0
74.7,1460,32.1,0.54,2967,0
75.6,1664,27.3,0.52,3021,0
77.0,1435,30.2,0.54,3112,0
74.5,2066,25.6,0.55,3166,0
76.9,1493,30.4,0.59,3135,0
77.4,1354,29.6,0.53,3343,0
76.8,1488,30.4,0.54,3350,0
77.1,1414,33.0,0.6,3259,0
78.2,1391,33.2,0.68,3347,0
76.7,1784,27.9,0.59,3560,0
75.2,1516,31.5,0.56,3465,0
78.7,1420,32.0,0.58,3573,0
77.2,1351,33.3,0.61,3546,0
75.3,1880,26.3,0.54,3605,0
76.5,1859,26.0,0.63,3787,0
77.8,1315,33.0,0.67,3711,0
78.8,1330,33.3,0.59,3749,0
78.4,1327,33.9,0.66,3809,1
75.7,1498,28.7,0.58,4048,0
77.0,1555,29.4,0.57,3883,0
75.0,1518,29.4,0.6,3902,0
77.0,1392,31.4,0.66,3952,0
76.6,1456,31.8,0.66,4102,0
72.8,1715,26.2,0.31,386,0
74.0,1405,29.8,0.32,572,0
71.6,1668,27.2,0.21,531,0
72.1,1855,25.1,0.22,476,0
73.9,1496,28.0,0.3,635,0
74.4,1471,29.8,0.33,751,0
72.9,1444,28.5,0.35,914,0
75.9,1514,29.1,0.32,911,0
74.1,1412,30.1,0.36,903,0
75.7,1429,27.8,0.36,1040,0
74.4,1668,26.9,0.31,1023,0
74.4,1372,32.1,0.38,970,0
77.4,1365,31.1,0.42,1142,0
72.7,1526,29.6,0.35,1073,0
75.7,1486,29.4,0.36,1310,0
75.9,1470,29.0,0.37,1347,0
75.4,1249,32.4,0.49,1266,0
76.0,1752,25.5,0.3,1437,0
74.7,1643,29.0,0.45,1489,0
75.3,1488,27.8,0.33,1584,0
75.9,1355,30.4,0.38,1468,0
75.0,1607,27.1,0.4,1651,0
76.2,1609,26.0,0.41,1533,0
77.3,1517,30.6,0.36,1754,0
74.0,1517,30.3,0.36,1812,0
77.6,1546,28.5,0.42,1727,0
73.9,1567,27.0,0.5,1914,0
77.3,1662,26.6,0.44,1726,0
78.2,1502,27.9,0.42,1993,0
76.8,1361,33.5,0.38,2056,0
76.4,1630,27.9,0.42,2004,0
75.9,1486,31.2,0.46,2014,0
76.0,1840,24.8,0.37,2090,0
78.2,1326,34.0,0.47,2052,0
79.5,1367,32.8,0.51,2346,0
78.6,1598,27.4,0.39,2125,0
79.5,1363,30.5,0.56,2313,0
78.0,1242,34.4,0.59,2184,0
76.2,1566,27.7,0.47,2406,0
75.1,1424,31.5,0.5,2493,0
75.3,1608,27.6,0.43,2416,0
77.2,1705,27.1,0.44,2462,0
78.8,1548,30.6,0.57,2398,0
75.2,1581,30.1,0.53,2424,0
76.2,1472,31.2,0.52,2587,0
75.7,1792,26.4,0.49,2733,0
76.5,1683,28.6,0.5,2626,0
75.7,1503,29.7,0.52,2882,0
76.5,1642,27.6,0.52,2692,0
74.7,1902,25.9,0.48,2813,0
76.3,1432,29.2,0.55,2866,0
77.0,1512,29.7,0.54,2929,0
75.7,1764,28.9,0.48,2809,0
76.1,1438,30.0,0.52,2958,0
75.9,1631,27.3,0.48,3077,0
75.6,1880,25.7,0.42,3089,0
77.5,1344,33.1,0.56,3237,0
76.2,1574,28.7,0.5,3282,0
78.6,1418,30.5,0.54,3238,0
78.4,1372,31.9,0.67,3215,0
76.5,1388,30.9,0.56,3452,0
77.7,1493,29.6,0.56,3255,0
76.8,1505,29.1,0.59,3405,0
78.0,1694,25.8,0.61,3438,0
76.5,1968,24.8,0.49,3601,0
76.9,1569,28.9,0.57,3682,0
77.2,1687,29.7,0.55,3617,0
76.3,1430,33.5,0.69,3684,0
76.2,1504,29.3,0.66,3736,0
74.8,1977,25.1,0.55,3881,0
78.2,1435,31.5,0.68,3631,0
79.6,1547,29.7,0.61,3868,0
81.8,1316,33.3,0.68,3927,0
78.3,1621,29.1,0.65,3921,0
78.8,1492,29.9,0.65,4030,0
75.3,1643,27.7,0.58,4117,0
77.2,1492,30.4,0.68,4140,0
77.7,1387,33.6,0.68,4301,0
78.2,1463,32.9,0.66,4174,0
75.5,1496,28.9,0.33,502,0
74.8,1658,25.7,0.27,539,0
72.0,2161,23.8,0.26,633,0
76.2,1665,26.9,0.31,622,0
73.4,1716,25.5,0.24,661,0
75.3,1529,26.7,0.31,697,0
78.5,1353,30.7,0.39,720,0
74.1,1537,28.1,0.27,718,0
71.8,1606,28.4,0.31,836,0
75.8,1314,30.7,0.31,815,0
76.5,1623,25.8,0.35,976,0
78.8,1483,30.6,0.4,971,0
74.4,1569,27.6,0.32,985,0
75.8,1969,26.2,0.38,1194,0
75.2,1686,26.0,0.37,1114,0
76.0,1638,28.4,0.37,1226,0
79.0,1698,27.0,0.37,1155,0
75.4,1377,32.6,0.44,1085,0
75.5,2129,24.5,0.27,1255,0
77.3,1411,29.0,0.39,1183,0
77.7,1517,28.6,0.39,1370,0
77.4,1303,33.5,0.4,1542,0
76.5,1578,28.8,0.39,1406,0
77.1,1425,33.9,0.49,1345,0
77.2,1456,30.2,0.38,1669,0
75.8,1704,27.3,0.37,1547,0
77.0,1791,27.7,0.33,1619,0
76.2,1616,27.4,0.31,1719,0
77.2,1622,28.4,0.42,1734,0
77.7,1462,30.3,0.44,1787,0
78.9,1410,29.8,0.43,1835,0
77.0,1543,28.7,0.38,1659,0
75.1,1479,32.0,0.44,1739,0
77.0,1839,23.2,0.42,1999,0
76.7,1266,33.7,0.49,1878,0
75.2,1593,25.7,0.42,1922,0
76.3,1459,30.2,0.47,1911,0
79.0,1308,32.5,0.44,2015,0
74.3,1364,32.0,0.49,2055,0
80.0,1618,28.7,0.39,2061,0
78.0,1464,29.5,0.43,2141,0
77.2,1352,32.5,0.45,2340,0
77.0,1446,32.2,0.5,2303,0
77.2,1448,32.2,0.5,2355,0
77.3,1391,30.6,0.51,2264,0
77.2,1379,29.5,0.46,2629,0
77.3,1405,30.5,0.55,2585,0
76.0,1581,28.0,0.5,2524,0
76.4,1515,29.8,0.49,2527,0
76.3,1589,30.4,0.47,2635,0
77.1,1281,32.5,0.51,2669,0
77.2,1631,25.5,0.46,2603,0
79.1,1202,36.2,0.55,2590,0
74.0,1298,31.6,0.52,2806,0
77.0,1612,26.8,0.53,2758,0
76.1,1747,25.7,0.49,2933,0
77.4,1450,31.3,0.62,2969,0
77.0,1422,30.0,0.54,2912,0
78.9,1419,31.7,0.55,2983,0
77.7,1633,26.6,0.49,3220,0
76.5,1442,31.0,0.55,3194,0
77.9,1420,33.1,0.54,3132,0
77.1,1301,33.2,0.63,3440,0
75.8,1385,31.0,0.58,3215,0
76.7,1487,28.3,0.55,3281,0
78.5,1459,30.9,0.64,3390,0
78.5,1387,31.9,0.67,3330,0
78.2,1537,30.9,0.63,3649,0
78.3,1498,30.9,0.62,3556,0
77.9,1599,28.8,0.59,3514,0
77.3,1420,32.0,0.67,3666,0
77.7,1785,27.7,0.57,3731,0
79.4,1423,31.7,0.61,3731,0
78.7,1583,28.3,0.61,3694,0
79.9,1375,31.5,0.67,3729,0
79.5,1463,30.2,0.59,4054,0
79.1,1403,31.9,0.63,3825,0
80.4,1451,31.1,0.7,4122,0
78.5,1416,29.9,0.55,3954,1
75.2,1672,29.4,0.24,563,0
75.2,1637,26.2,0.26,573,0
75.0,1540,27.3,0.31,678,0
76.3,1279,32.5,0.28,719,0
76.1,1604,25.9,0.29,567,0
74.8,1654,25.3,0.33,677,0
76.1,1564,28.0,0.31,657,0
74.9,1451,30.4,0.38,835,0
77.1,1504,28.3,0.3,750,0
77.6,1381,31.6,0.32,733,0
75.9,1562,27.4,0.35,926,0
76.9,1811,24.9,0.31,804,0
77.5,1717,25.8,0.26,1037,0
76.4,1278,33.1,0.37,969,0
76.1,1616,27.1,0.38,1037,0
76.9,1397,29.8,0.33,958,0
76.5,1485,30.2,0.4,1308,0
79.7,1310,33.5,0.39,1094,0
78.4,1301,34.6,0.43,1218,1
77.2,1458,30.3,0.39,1139,0
75.5,1483,28.9,0.29,1251,0
79.0,1375,30.9,0.33,1494,0
75.6,1660,26.1,0.34,1413,0
77.3,1560,26.9,0.33,1385,0
78.4,1480,30.0,0.44,1529,0
79.8,1373,31.1,0.35,1522,0
77.3,1444,33.3,0.46,1595,0
73.7,1722,26.3,0.3,1698,0
78.3,1469,29.5,0.39,1665,0
81.1,1360,31.2,0.4,1745,0
78.5,1750,27.8,0.45,1800,0
78.3,1349,29.6,0.38,1790,0
77.3,1668,28.9,0.4,1811,0
80.0,1400,31.8,0.39,1863,0
78.8,1331,33.6,0.56,1997,0
79.0,1444,29.7,0.46,2039,0
79.4,1359,31.0,0.47,1921,0
80.1,1425,32.1,0.53,2080,0
81.6,1469,27.4,0.44,2094,0
78.4,1892,25.2,0.41,2272,0
77.1,1940,22.9,0.4,2205,0
80.2,1405,34.4,0.54,2508,0
77.4,1449,28.5,0.45,2385,0
78.2,1686,27.4,0.44,2516,0
78.4,1680,26.5,0.47,2375,0
79.8,1397,32.4,0.53,2493,0
79.6,1597,28.0,0.45,2595,0
79.3,1470,31.2,0.44,2516,0
81.1,1703,27.8,0.53,2636,0
80.7,1388,31.5,0.49,2772,0
79.6,1775,26.3,0.49,2697,0
80.3,1465,30.9,0.52,2691,0
80.7,1586,28.9,0.45,2939,0
81.3,1675,28.1,0.53,2754,0
80.0,1470,31.7,0.55,2914,0
80.3,1477,30.8,0.58,2898,0
82.0,1382,34.2,0.6,2915,0
79.1,1605,27.3,0.53,3085,0
80.0,1643,28.4,0.45,3063,0
81.5,1333,32.1,0.57,3147,0
82.4,1520,31.7,0.51,2970,0
80.5,1902,26.2,0.48,3226,0
82.0,1386,31.2,0.59,3181,0
82.1,1803,26.7,0.5,3178,0
82.6,1359,31.5,0.64,3514,0
82.8,1477,30.2,0.55,3447,0
82.9,1321,33.4,0.66,3471,0
82.3,1453,31.0,0.64,3588,0
81.8,1419,31.5,0.64,3544,0
79.1,1512,29.5,0.56,3495,0
81.9,1553,29.2,0.5,3581,0
84.0,1534,30.4,0.62,3576,0
83.5,1553,31.6,0.6,3644,0
83.9,1352,33.1,0.61,3672,0
85.2,1313,35.6,0.66,3731,0
82.1,1570,29.5,0.66,3933,0
81.7,1677,27.1,0.54,3924,0
80.8,1602,27.5,0.61,3893,0
82.9,1390,35.1,0.71,3886,1
82.3,1544,29.5,0.6,3972,0
83.0,1701,28.7,0.63,3905,0
81.0,1692,29.1,0.66,4085,0
81.3,1523,30.6,0.62,4204,0
80.2,2280,25.8,0.55,4371,0
83.2,1485,32.3,0.7,4129,0
79.8,1513,29.0,0.68,4343,0
75.6,1743,25.7,0.26,443,0
78.9,1442,29.3,0.3,499,0
78.2,1462,31.3,0.23,534,0
79.2,1439,31.4,0.3,671,0
78.9,1577,28.2,0.26,675,0
79.4,1331,31.1,0.36,736,0
80.0,1941,22.9,0.27,785,0
80.0,1393,30.8,0.33,797,0
79.7,1433,28.1,0.33,826,0
80.5,1444,30.6,0.32,733,0
77.8,1564,28.2,0.39,969,0
81.0,1377,30.1,0.4,1003,0
79.5,1525,29.3,0.41,970,0
81.6,1387,33.6,0.42,1098,0
79.0,1326,30.1,0.37,1234,0
79.0,1401,33.8,0.47,1178,0
80.2,1596,27.1,0.31,1318,0
80.5,1471,29.0,0.34,1426,0
78.5,1528,27.6,0.34,1503,0
80.1,1325,33.9,0.45,1241,0
81.1,1376,31.4,0.36,1277,0
77.6,1600,28.2,0.36,1389,0
81.6,1495,29.0,0.33,1489,0
77.6,1645,26.2,0.38,1641,0
80.7,1417,32.4,0.35,1600,0
79.6,1415,31.9,0.39,1507,0
80.2,1496,29.6,0.46,1643,0
78.4,1508,28.4,0.44,1742,0
79.7,1436,31.6,0.46,1715,0
78.7,1852,24.8,0.38,1871,0
77.4,1863,25.5,0.35,1810,0
80.9,1373,29.9,0.41,1809,0
79.4,1404,31.6,0.45,1954,0
79.6,1381,30.6,0.4,2098,0
77.5,1762,27.2,0.42,2151,0
76.6,1429,29.5,0.47,2215,0
78.4,1858,25.2,0.38,2376,0
81.1,1908,25.9,0.47,2421,0
80.2,1503,28.9,0.49,2455,0
79.4,1523,29.5,0.51,2497,0
79.6,1491,29.0,0.46,2556,0
79.7,1430,30.1,0.49,2569,0
82.3,1258,36.0,0.62,2443,1
79.0,1449,31.1,0.53,2743,0
81.5,1425,30.4,0.57,2720,0
80.0,1800,27.0,0.45,2679,0
80.7,1607,27.8,0.47,2926,0
81.9,1391,35.6,0.61,2854,0
80.9,1432,31.3,0.5,2928,0
80.4,1660,26.3,0.53,3054,0
80.4,1732,27.7,0.45,3026,0
80.4,1473,31.1,0.59,3204,0
80.2,1511,32.1,0.55,3104,0
80.4,1588,30.3,0.57,3303,0
81.6,1623,27.9,0.56,3141,0
78.4,1734,27.1,0.53,3345,0
79.3,1415,32.6,0.54,3093,0
81.2,1419,30.6,0.55,3222,0
80.1,1577,28.0,0.52,3370,0
81.9,1376,35.1,0.57,3367,0
81.0,1442,33.5,0.65,3429,0
80.2,1451,29.9,0.59,3491,0
82.4,1550,32.0,0.56,3428,0
77.9,1647,29.4,0.62,3470,0
79.2,1550,29.4,0.54,3613,0
80.1,1583,28.6,0.58,3577,0
78.4,1613,27.5,0.54,3773,0
79.9,1636,27.4,0.51,3686,0
82.9,1289,32.8,0.6,3848,0
79.8,1648,28.5,0.56,3879,0
81.1,1397,30.7,0.68,3849,0
78.4,1767,27.4,0.59,3828,0
80.4,1341,31.5,0.67,4134,0
80.6,1457,30.9,0.56,3997,0
79.6,1939,26.3,0.62,4096,0
83.4,1399,32.2,0.7,4170,0
81.4,1602,28.6,0.62,4231,0
80.1,1507,30.5,0.71,4365,0
81.9,1464,31.3,0.71,4325,0
82.4,1336,31.3,0.72,4349,0
83.3,1422,30.6,0.66,4477,0
83.6,1540,31.1,0.62,4479,0
81.0,1476,33.0,0.75,4408,0
80.0,1867,26.2,0.56,4410,1
77.2,1588,28.7,0.37,434,0
79.0,1420,30.7,0.32,585,0
79.9,1415,30.7,0.28,543,0
80.2,1500,31.3,0.27,685,0
79.0,1502,30.0,0.27,721,0
77.7,1816,23.0,0.28,563,0
79.4,1495,28.6,0.32,690,0
77.7,1572,25.6,0.26,625,0
81.4,1590,27.4,0.3,864,0
78.1,1387,29.0,0.3,1031,0
80.0,1393,29.8,0.38,847,0
81.6,1602,26.9,0.33,946,0
78.9,1601,27.5,0.31,1074,0
78.9,1597,27.9,0.29,1037,0
79.0,1548,30.1,0.36,1126,0
80.6,1314,33.9,0.41,1344,0
81.4,1577,27.8,0.39,1314,0
77.6,1475,30.2,0.39,1288,0
81.5,1630,28.7,0.39,1276,0
78.6,1445,30.0,0.37,1655,0
80.3,1439,30.4,0.34,1604,0
79.7,1420,28.9,0.45,1531,0
80.5,1554,28.7,0.36,1610,0
77.9,1471,30.5,0.37,1653,0
79.5,1648,28.5,0.39,1786,0
82.4,1472,31.4,0.45,1712,0
77.7,1448,30.5,0.41,1773,0
79.1,1568,28.7,0.39,1906,0
77.9,1613,27.5,0.39,2039,0
79.5,1551,27.7,0.47,2018,0
80.2,1412,31.6,0.46,2111,0
78.6,1478,28.9,0.41,2022,0
81.6,1268,33.6,0.46,2051,0
81.8,1546,28.6,0.43,1999,0
79.2,1567,29.8,0.45,2195,0
80.8,1548,27.4,0.46,2256,0
77.6,1614,27.7,0.44,2255,0
79.3,1352,32.1,0.45,2252,0
80.6,1624,28.8,0.44,2467,0
82.9,1436,33.0,0.54,2454,0
80.7,1591,29.4,0.43,2544,0
80.2,1435,31.2,0.47,2398,0
81.3,1386,30.9,0.55,2507,0
79.9,1401,31.8,0.58,2695,0
82.3,1245,35.2,0.57,2631,0
81.4,1475,27.9,0.49,2642,0
79.8,1473,30.5,0.45,2683,0
80.4,1355,31.8,0.55,2758,0
81.6,1468,31.7,0.6,2928,0
79.7,1645,27.4,0.6,2924,0
81.4,1347,33.3,0.6,3036,0
82.7,1713,28.4,0.51,3045,0
80.8,1435,31.9,0.53,2973,0
79.1,1736,27.1,0.42,3027,0
80.9,1372,34.6,0.63,3114,0
80.9,1605,29.1,0.62,3079,0
80.8,1413,32.3,0.64,3180,0
79.3,1645,27.6,0.58,3378,0
82.7,1465,33.2,0.61,3308,0
81.3,1685,26.1,0.54,3302,0
78.2,1965,25.4,0.41,3570,0
77.6,1542,31.3,0.61,3378,0
80.7,1681,27.4,0.53,3465,0
79.6,1446,31.7,0.58,3675,0
81.8,1415,34.4,0.64,3666,0
76.9,1672,27.3,0.55,3638,0
79.5,2549,23.9,0.47,3750,1
78.5,1492,30.2,0.61,3743,0
81.0,1455,30.5,0.6,3660,0
79.9,1422,32.9,0.63,3616,0
79.5,1403,32.2,0.6,3816,0
80.1,1474,33.4,0.65,3984,0
81.5,1381,32.4,0.62,3899,0
80.3,1457,30.6,0.62,4005,0
79.6,1711,27.9,0.6,4019,0
81.3,1667,28.4,0.53,3904,0
77.5,1465,30.0,0.59,4043,0
81.5,1542,31.1,0.66,4139,1
77.2,1438,31.3,0.24,437,0
76.3,1406,30.4,0.38,524,0
75.9,1396,30.0,0.37,620,0
78.3,1304,33.7,0.34,648,0
78.8,1442,29.9,0.29,779,0
77.5,1396,31.4,0.34,762,0
78.9,1424,28.4,0.27,708,0
75.4,1451,31.2,0.25,835,0
78.1,1386,32.7,0.35,964,0
76.0,1325,29.0,0.35,1105,0
77.1,1559,26.7,0.33,996,0
78.0,1489,29.0,0.32,931,0
75.7,1892,26.3,0.36,1140,0
75.0,1319,32.5,0.35,1080,0
78.2,1431,32.3,0.34,1073,0
77.5,1521,26.5,0.37,1213,0
77.8,1435,30.0,0.34,1378,0
79.0,1533,30.4,0.33,1308,0
76.5,1529,29.2,0.39,1429,0
78.7,1415,28.6,0.35,1497,0
79.8,1330,31.7,0.41,1559,0
77.1,1381,33.4,0.42,1491,0
79.1,1370,32.5,0.4,1495,0
77.8,1438,29.9,0.33,1542,0
78.7,1314,30.4,0.43,1719,0
79.2,1437,29.4,0.38,1745,0
76.7,1821,26.0,0.36,1651,0
78.3,1448,31.9,0.43,1933,0
77.8,1589,26.5,0.39,1730,0
76.8,1520,27.9,0.4,1932,0
77.0,1605,29.3,0.42,2009,0
80.4,1393,32.4,0.44,1932,0
77.7,1408,30.5,0.49,1897,0
79.4,1459,28.5,0.35,1988,0
79.4,1525,28.1,0.43,2080,0
78.1,1390,35.0,0.54,2223,0
78.1,1536,28.7,0.47,2076,0
80.9,1459,31.7,0.44,2060,0
78.0,1387,32.6,0.46,2272,0
78.8,1378,32.5,0.46,2325,0
80.6,1381,33.8,0.54,2472,0
81.3,1289,34.5,0.51,2239,0
77.8,1746,25.3,0.44,2392,0
78.1,1541,29.1,0.49,2532,0
80.8,1504,28.6,0.57,2502,0
82.0,1321,32.0,0.54,2512,0
79.5,1886,24.1,0.4,2644,0
80.7,1422,33.6,0.48,2586,0
78.8,1520,30.5,0.48,2738,0
78.2,1627,28.7,0.48,2605,0
79.8,1512,30.1,0.41,2620,0
80.1,1553,30.1,0.49,2755,0
80.3,1802,26.0,0.48,2607,0
79.9,1482,28.6,0.49,2855,0
79.1,1446,35.6,0.64,2745,1
81.2,1371,32.4,0.5,2942,0
77.8,1586,28.8,0.54,2969,0
78.6,1515,30.8,0.57,3002,0
80.3,1374,33.4,0.62,3078,0
81.5,1455,29.2,0.48,3095,0
83.4,1342,31.1,0.58,3091,0
81.3,1260,34.7,0.59,3350,0
78.7,1623,29.3,0.48,3271,0
81.0,1371,34.1,0.6,3390,0
80.2,1611,29.6,0.5,3449,0
79.2,1535,33.1,0.64,3453,0
81.8,1491,30.1,0.59,3618,0
79.8,1441,28.6,0.52,3519,0
80.0,1725,26.0,0.51,3559,0
81.8,1368,31.6,0.6,3561,0
81.0,1526,30.3,0.59,3628,0
81.3,1542,31.5,0.64,3625,0
79.1,1605,28.5,0.6,3774,0
80.5,1405,33.9,0.65,3682,0
78.7,1700,28.6,0.58,3796,0
81.0,1440,30.6,0.54,3889,0
82.3,1314,33.9,0.72,3945,0
81.0,1514,29.3,0.62,3914,0
82.8,1401,31.7,0.72,4078,0
80.0,1636,28.8,0.61,4068,0
81.1,1603,29.3,0.7,3881,0
79.9,1487,32.5,0.72,4068,0
80.7,1420,31.0,0.63,4312,0
81.2,1579,29.4,0.62,4372,0
81.6,1484,30.6,0.65,4331,0
80.8,1390,32.0,0.66,4387,0
81.2,1384,33.9,0.71,4315,1
79.0,1378,33.5,0.66,4392,1
80.1,1445,32.4,0.7,4547,0
81.3,1445,29.6,0.7,4518,0
77.6,1509,27.3,0.25,505,0
78.0,1434,29.8,0.39,521,0
76.0,1877,25.2,0.26,665,0
76.0,1651,26.1,0.24,696,0
75.8,1466,29.2,0.24,694,0
77.2,1479,28.4,0.31,683,0
77.5,1409,29.8,0.32,685,0
76.5,1674,25.3,0.31,804,0
77.6,1305,34.2,0.37,714,0
73.5,1755,24.7,0.24,766,0
78.4,1475,29.0,0.39,775,0
77.1,1402,30.7,0.37,1026,0
76.2,1410,29.4,0.33,905,0
78.2,1436,28.6,0.35,1030,0
77.2,1386,28.2,0.37,1024,0
78.3,1744,25.1,0.25,1319,0
78.6,1393,30.5,0.38,1158,0
78.8,1422,28.2,0.35,1009,0
74.8,1841,24.7,0.33,1305,0
79.3,1433,29.1,0.33,1216,0
79.3,1305,34.2,0.4,1267,0
77.6,1498,28.4,0.44,1282,0
77.2,1772,25.8,0.39,1441,0
75.7,1381,29.1,0.26,1475,0
78.3,1413,28.8,0.43,1462,0
77.3,1388,33.4,0.43,1509,0
76.4,1631,28.8,0.36,1646,0
76.6,1520,29.9,0.37,1504,0
79.8,1510,30.0,0.39,1665,0
78.0,1366,32.0,0.42,1950,0
79.0,1845,23.9,0.33,1878,0
77.9,1485,30.1,0.38,1845,0
76.2,1496,29.6,0.39,1787,0
76.8,1468,30.4,0.45,1972,0
78.5,1856,25.8,0.39,2108,0
77.6,1620,28.2,0.45,2294,0
78.0,1409,30.3,0.46,2270,0
79.2,1404,32.0,0.43,2083,0
79.5,1350,31.3,0.51,2168,0
79.5,1538,28.3,0.41,2125,0
79.6,1476,27.8,0.47,2229,0
78.4,1364,32.4,0.46,2333,0
76.9,1582,29.3,0.47,2374,0
78.4,1348,33.7,0.52,2621,0
78.6,1450,31.6,0.53,2387,0
77.9,1242,34.4,0.57,2577,0
76.6,1493,30.3,0.48,2452,0
78.2,1601,27.1,0.55,2679,0
77.6,1568,27.8,0.41,2580,0
78.3,1506,28.9,0.46,2812,0
77.2,1524,28.3,0.45,2753,0
78.3,1543,29.0,0.44,2700,0
78.3,1474,30.3,0.51,2680,0
79.9,1526,28.7,0.54,2823,0
79.5,1867,26.7,0.46,2974,0
76.9,1487,31.1,0.52,3024,0
77.3,1580,29.9,0.44,2986,0
78.0,1340,33.3,0.54,3135,0
78.5,1544,29.6,0.53,3006,0
79.1,1488,29.4,0.57,2898,0
76.8,1742,27.2,0.44,3191,0
77.8,1592,30.0,0.52,3325,0
78.3,1582,29.6,0.6,3379,0
79.8,1490,29.7,0.56,3206,0
79.2,1594,28.7,0.47,3302,0
79.7,1462,34.2,0.68,3457,0
80.4,1367,32.4,0.64,3438,0
80.0,1325,32.6,0.66,3550,0
80.4,1448,33.4,0.56,3520,0
80.9,2008,23.8,0.59,3579,0
81.7,1498,30.1,0.57,3648,0
78.5,1437,31.3,0.59,3831,0
81.3,1499,30.8,0.6,3792,0
81.3,1356,32.6,0.7,3946,0
78.8,1539,30.4,0.64,3921,0
80.3,1689,29.8,0.61,4044,0
81.6,1559,29.4,0.62,4016,0
79.2,1408,32.1,0.65,4047,0
77.7,1886,26.9,0.53,4012,0
78.6,1415,30.5,0.37,741,0
77.2,1587,27.3,0.22,545,0
77.5,1571,27.7,0.31,431,0
77.0,1576,27.9,0.31,646,0
76.9,1660,28.3,0.34,581,0
75.5,1328,30.6,0.39,777,0
78.2,1450,28.9,0.32,807,0
76.5,2384,21.6,0.28,823,0
77.3,1443,30.8,0.43,802,0
75.4,2022,24.7,0.27,921,0
73.9,1828,24.7,0.25,911,0
78.0,1472,31.4,0.36,1061,0
79.0,1372,33.7,0.35,1078,1
76.0,1855,25.1,0.32,1322,0
78.9,1377,30.3,0.41,1087,0
77.3,1432,30.7,0.37,1152,0
78.1,1335,31.7,0.32,1199,0
76.5,1411,32.7,0.44,1256,0
77.2,1510,28.4,0.31,1400,0
77.4,1441,30.1,0.32,1332,0
77.5,1358,29.0,0.38,1547,0
76.1,1686,26.5,0.36,1489,0
76.4,1662,27.0,0.37,1439,0
78.5,1426,28.9,0.39,1508,0
78.1,1330,32.4,0.51,1686,0
75.4,1693,27.7,0.38,1658,0
80.4,1426,31.2,0.47,1692,0
79.2,1676,26.5,0.41,1679,0
77.1,1332,31.4,0.4,1758,0
78.7,1647,26.9,0.4,1765,0
79.6,1267,35.1,0.59,1961,1
80.0,1375,34.3,0.45,1945,0
79.4,1422,30.7,0.43,1962,0
79.1,1408,30.4,0.47,1997,0
78.6,1440,30.2,0.43,2055,0
77.4,1772,25.8,0.37,2083,0
77.7,1492,28.7,0.42,2042,0
77.3,1650,28.3,0.48,2002,0
77.1,2329,23.9,0.37,2126,0
77.3,1648,26.8,0.38,2233,0
79.1,1653,27.2,0.38,2220,0
79.5,1946,24.9,0.5,2380,0
77.9,1555,29.4,0.45,2331,0
78.7,1661,27.4,0.47,2535,0
79.9,1434,29.5,0.47,2376,0
80.4,1297,32.8,0.54,2468,0
79.4,1466,29.8,0.56,2469,0
79.9,1517,31.3,0.46,2563,0
79.0,1742,27.6,0.49,2666,0
77.3,1580,29.3,0.44,2665,0
80.0,1534,30.5,0.59,2490,0
80.2,1481,29.6,0.52,2746,0
78.1,1429,28.9,0.48,2660,0
78.8,1574,28.5,0.48,2752,0
80.1,1524,31.1,0.5,2885,0
79.1,1507,29.8,0.5,2794,0
80.6,1467,32.1,0.44,3011,0
82.3,1301,31.6,0.56,2926,0
79.1,1429,33.6,0.58,3164,0
77.3,1555,29.4,0.55,3031,0
79.6,1503,30.3,0.52,3215,0
80.2,1459,31.7,0.52,3210,0
78.8,1449,30.3,0.56,3101,0
82.1,1387,33.7,0.55,3135,0
78.3,1456,32.8,0.6,3284,0
79.9,1604,27.4,0.47,3281,0
78.4,1734,28.1,0.59,3490,0
82.2,1378,31.8,0.63,3379,0
82.4,1504,29.8,0.55,3411,0
79.6,1402,33.2,0.64,3359,0
78.9,1524,28.7,0.58,3557,0
80.6,1593,29.0,0.54,3519,0
78.9,1772,27.7,0.47,3684,0
79.3,1623,29.2,0.58,3748,0
80.9,1356,32.8,0.62,3731,0
78.0,1500,31.4,0.66,3903,0
80.9,1566,32.5,0.65,3893,0
80.2,1445,31.3,0.62,3886,0
81.2,1382,33.9,0.78,4163,0
82.8,1418,30.7,0.69,4055,0
80.1,1329,33.8,0.56,4222,1
81.8,1491,30.3,0.64,4251,0
80.6,1573,30.7,0.59,4302,0
80.9,1521,31.7,0.64,4354,0
82.5,1467,32.1,0.69,4300,0
82.1,1325,31.7,0.72,4548,0
81.4,1617,29.3,0.66,4543,0
82.6,1476,30.5,0.73,4540,0
81.7,1515,32.2,0.75,4449,1
78.1,1408,29.4,0.33,422,0
77.7,1468,29.7,0.31,588,0
78.2,1387,31.5,0.37,411,0
81.9,1503,27.3,0.27,634,0
80.7,1410,29.8,0.31,554,0
76.1,1615,25.2,0.21,680,0
76.5,1511,28.1,0.35,672,0
80.1,1405,31.2,0.35,840,0
79.1,1526,29.0,0.44,945,0
78.8,1530,28.0,0.31,937,0
77.2,1583,27.6,0.32,981,0
76.3,2069,23.6,0.3,994,0
77.6,1490,27.5,0.28,1070,0
77.0,1736,26.6,0.33,1089,0
75.2,1395,31.5,0.36,870,0
78.2,1425,31.8,0.36,1195,0
76.4,1631,27.0,0.38,1240,0
78.2,1535,29.1,0.33,1182,0
81.2,1584,27.1,0.36,1089,0
78.6,1543,27.7,0.42,1302,0
77.6,1635,27.4,0.33,1362,0
79.8,1446,29.6,0.38,1336,0
78.4,1598,28.3,0.46,1440,0
78.4,1501,27.0,0.39,1564,0
79.3,1450,32.6,0.4,1706,0
79.8,1730,26.3,0.38,1561,0
76.5,1571,27.6,0.35,1612,0
79.8,1438,31.8,0.37,1572,0
76.9,1510,28.4,0.46,1634,0
79.6,1389,30.5,0.38,1716,0
77.1,1490,28.5,0.49,1857,0
77.3,1729,25.5,0.36,1864,0
78.5,1495,27.6,0.5,1988,0
81.0,1281,33.0,0.41,1750,0
80.3,1353,31.4,0.49,1799,0
78.2,1429,30.7,0.49,2082,0
79.3,1413,29.2,0.48,2146,0
78.2,1502,28.2,0.48,2068,0
77.2,1553,27.0,0.4,1744,0
78.4,1712,26.0,0.36,2130,0
78.4,1786,25.4,0.41,2305,0
81.6,1951,24.6,0.42,2242,0
80.1,1541,28.0,0.44,2365,0
78.1,1605,28.0,0.47,2555,0
79.3,1578,29.2,0.49,2553,0
81.5,1440,28.7,0.44,2539,0
83.1,1489,31.0,0.51,2523,0
79.3,1366,32.0,0.51,2524,0
78.1,1541,27.7,0.46,2659,0
82.6,1552,30.2,0.53,2636,0
80.8,1473,30.2,0.48,2728,0
79.2,1531,28.9,0.49,2635,0
81.1,1511,27.9,0.51,2737,0
77.8,1449,31.6,0.6,2890,0
81.1,1440,32.1,0.56,2795,0
79.7,1881,25.2,0.49,2958,0
82.1,1447,31.1,0.56,3023,0
80.7,1326,34.9,0.61,3063,0
80.5,1607,27.8,0.51,3124,0
79.5,1551,29.4,0.55,3165,0
80.8,1496,29.2,0.53,3100,0
79.5,1493,28.6,0.6,3068,0
80.9,1304,32.1,0.58,3151,0
79.4,1420,30.8,0.5,3315,0
80.6,1766,26.1,0.62,3214,0
82.3,1450,29.4,0.57,3263,0
79.8,1872,25.6,0.56,3298,0
80.4,1713,26.1,0.59,3323,0
79.5,1497,30.5,0.62,3414,0
80.9,1352,31.5,0.6,3639,0
81.3,1499,29.2,0.61,3555,0
83.4,1972,26.0,0.47,3508,0
80.8,1422,31.5,0.71,3643,0
83.5,1523,31.8,0.58,3760,0
83.2,1563,30.6,0.6,3608,0
82.4,1391,30.8,0.64,3867,0
82.4,1795,25.8,0.55,3711,0
82.5,1293,33.8,0.64,3830,0
83.0,1345,34.9,0.75,3865,1
80.6,1615,28.8,0.64,3888,0
83.0,1342,34.2,0.68,3963,0
82.3,1502,31.4,0.64,4066,0
79.4,1620,29.4,0.66,4036,0
79.0,1537,32.2,0.63,4044,0
78.8,2248,25.3,0.62,4165,0
78.8,1706,26.5,0.61,4181,0
79.0,2250,25.4,0.61,4146,0
79.7,1396,29.5,0.31,503,0
77.3,1522,31.1,0.31,475,0
77.7,1539,29.1,0.36,502,0
78.2,1415,34.2,0.42,671,0
78.1,1446,29.0,0.36,731,0
74.9,1486,28.2,0.35,793,0
77.1,1426,28.3,0.34,835,0
78.1,1449,29.0,0.3,749,0
81.3,1320,35.7,0.41,936,1
77.8,1447,28.9,0.29,867,0
76.9,1422,31.4,0.37,1019,0
80.5,1399,31.4,0.39,970,0
78.6,1427,28.8,0.27,1041,0
78.3,1334,30.0,0.36,1079,0
78.7,1385,30.8,0.38,1170,0
79.0,1552,28.5,0.34,1027,0
78.8,1534,28.5,0.36,1068,0
77.6,1448,31.5,0.34,1336,0
81.1,1409,28.4,0.35,1347,0
80.7,1621,27.9,0.4,1292,0
80.2,1547,29.3,0.38,1418,0
76.9,1957,26.2,0.35,1366,0
77.6,2421,21.8,0.29,1775,0
79.3,1571,29.9,0.39,1654,0
80.0,1634,28.4,0.3,1653,0
80.0,1516,29.2,0.43,1644,0
80.3,1207,36.6,0.55,1624,0
79.4,1670,28.6,0.35,1605,0
80.7,1461,31.5,0.4,1736,0
81.7,1569,29.6,0.44,1730,0
80.5,1556,27.8,0.47,1770,0
81.2,1506,29.5,0.43,1756,0
80.0,1642,26.4,0.35,1943,0
83.6,1283,34.4,0.49,1946,0
81.7,1375,29.0,0.42,2072,0
79.6,1399,29.7,0.42,2155,0
81.7,1650,26.9,0.41,2173,0
82.8,1346,32.2,0.46,2402,0
81.4,1410,32.2,0.46,2309,0
80.8,1586,27.8,0.46,2231,0
82.1,1372,30.9,0.48,2404,0
82.3,1529,30.0,0.43,2399,0
81.2,1652,26.8,0.46,2385,0
82.3,1532,28.8,0.47,2432,0
83.3,1554,27.8,0.5,2617,0
83.5,1462,33.3,0.56,2672,0
83.1,1254,35.5,0.55,2622,0
83.3,1294,32.6,0.56,2819,0
79.4,1739,27.2,0.44,2799,0
82.1,1412,31.3,0.59,2908,0
84.6,1372,32.4,0.54,2953,0
81.7,1420,31.2,0.56,2906,0
80.6,1542,29.7,0.53,3139,0
81.1,1401,32.6,0.52,2954,0
80.2,1510,30.7,0.59,3288,0
80.6,1547,30.9,0.52,3062,0
81.5,1453,31.7,0.5,3218,0
80.2,1408,30.9,0.46,3229,0
82.3,1436,31.3,0.57,3280,0
82.8,1582,30.7,0.62,3580,0
82.2,1280,35.7,0.69,3362,0
82.5,2008,24.4,0.48,3503,0
81.5,1772,27.5,0.51,3452,0
82.3,1779,27.2,0.51,3581,0
80.9,1567,29.2,0.52,3498,0
82.0,1751,28.4,0.51,3598,0
81.4,1349,33.9,0.68,3681,0
83.2,1425,30.9,0.62,3608,0
82.4,1395,31.7,0.63,3940,0
81.8,1595,28.9,0.53,3809,0
81.3,1291,33.8,0.68,3826,0
81.1,1509,30.9,0.54,3824,0
82.6,1483,29.2,0.65,3940,0
80.1,1620,28.0,0.61,3889,0
82.8,1487,30.6,0.59,4164,0
79.0,2256,24.3,0.61,4110,0
81.9,1691,27.7,0.52,4104,0
80.2,1663,29.1,0.65,4283,0
82.2,1640,28.9,0.64,4195,0
82.7,1494,28.8,0.6,4214,0
82.0,1467,32.0,0.69,4385,0
83.0,1399,31.2,0.62,4441,1
79.6,1445,28.8,0.18,542,0
78.8,1480,28.5,0.25,417,0
77.8,1546,26.6,0.26,535,0
76.6,1574,27.8,0.32,360,0
79.3,1592,27.7,0.29,548,0
77.9,1495,28.9,0.31,735,0
80.3,1447,30.1,0.28,790,0
79.8,1476,29.8,0.3,658,0
79.9,1641,26.0,0.25,759,0
79.0,1545,26.9,0.25,822,0
80.0,1364,30.2,0.31,942,0
80.1,1590,24.7,0.3,1031,0
80.0,1460,27.4,0.3,957,0
79.7,1609,28.2,0.3,959,0
79.6,1633,23.9,0.33,900,0
78.8,1348,31.6,0.36,1060,0
81.6,1322,33.0,0.33,1253,0
80.2,1641,26.4,0.35,1226,0
78.0,1728,25.2,0.33,1172,0
80.6,1431,30.7,0.39,1218,0
80.0,1641,26.3,0.36,1174,0
80.1,1622,28.0,0.37,1236,0
80.8,1625,27.9,0.37,1330,0
80.9,1869,25.8,0.42,1384,0
82.2,1452,31.5,0.34,1488,0
78.3,1618,26.2,0.33,1520,0
79.6,2010,23.2,0.37,1520,0
83.0,1363,33.5,0.45,1434,0
80.4,1473,29.0,0.42,1472,0
81.7,1333,32.0,0.43,1514,0
81.3,1760,25.0,0.41,1639,0
82.1,1372,32.7,0.41,1494,0
79.8,1608,28.2,0.45,1709,0
82.6,1326,35.7,0.53,1876,0
79.6,1560,28.0,0.36,1852,0
79.2,1539,27.2,0.44,1824,0
77.8,2266,26.1,0.35,1849,0
81.4,1641,28.9,0.39,2005,0
78.7,1574,28.9,0.36,2001,0
82.3,1407,32.5,0.43,1992,0
81.6,1302,32.8,0.52,2000,0
77.9,1651,27.9,0.45,2142,0
81.3,1366,33.1,0.49,2165,0
76.5,1701,26.8,0.46,2306,0
80.8,1498,30.4,0.52,2396,0
81.4,1422,29.6,0.49,2223,0
79.8,1357,32.8,0.47,2287,0
79.9,1690,26.2,0.46,2529,0
82.7,1559,28.2,0.5,2470,0
79.6,1553,27.6,0.49,2402,0
79.1,1558,27.6,0.51,2624,0
83.5,1362,32.3,0.48,2608,0
83.3,1470,30.8,0.48,2793,0
80.7,1555,29.2,0.41,2651,0
82.5,1423,31.0,0.54,2794,0
82.4,1434,29.1,0.5,2643,0
79.1,1779,26.4,0.48,2906,0
81.3,1417,33.5,0.51,2906,0
82.6,1425,29.7,0.6,2994,0
82.3,1597,28.6,0.45,2990,0
82.5,1346,32.7,0.62,2947,0
79.8,1422,31.6,0.54,2896,0
82.8,1572,27.9,0.5,2978,0
80.6,1412,31.0,0.55,2974,0
80.1,1576,28.5,0.51,3077,0
81.2,1508,29.7,0.61,3238,0
82.9,1496,32.8,0.57,3253,0
81.8,1572,29.7,0.5,3292,0
81.3,1525,29.4,0.56,3282,0
81.9,1378,34.0,0.62,3240,0
81.7,1369,33.7,0.65,3432,0
81.9,1476,31.1,0.57,3483,0
77.6,1620,28.0,0.52,3409,0
80.5,1603,29.8,0.58,3481,0
81.9,1411,33.2,0.65,3700,0
79.4,1616,27.6,0.51,3705,0
81.5,1631,29.2,0.6,3529,0
80.4,1685,27.3,0.54,3677,1
83.5,1456,29.2,0.6,3854,0
83.7,1417,34.4,0.73,3809,0
79.7,1851,25.8,0.55,3840,0
80.4,1715,27.7,0.61,4002,0
80.8,1630,27.2,0.63,4030,0
81.0,1478,29.8,0.58,4114,0
81.3,1781,28.3,0.53,4054,0
80.5,1439,28.9,0.66,4164,0
80.7,1412,32.2,0.62,4266,0
82.3,1483,30.6,0.59,4196,0
82.7,1400,32.1,0.71,4203,0
82.6,1299,37.5,0.71,4369,1
83.2,1479,31.1,0.65,4470,0
81.6,1491,32.4,0.77,4511,0
80.2,1389,31.6,0.25,470,0
81.3,1399,32.4,0.28,531,0
78.6,1889,25.3,0.25,524,0
79.2,1925,24.5,0.25,670,0
78.5,1675,26.1,0.25,610,0
79.7,1477,28.2,0.26,689,0
80.2,1364,31.0,0.39,841,0
78.9,1451,29.0,0.33,851,0
79.5,1467,29.5,0.35,711,0
76.7,1858,25.2,0.28,1017,0
79.1,1559,28.5,0.34,840,0
79.9,1560,30.8,0.39,886,0
79.9,1453,29.6,0.32,899,0
79.6,1464,30.2,0.36,981,0
80.4,1308,28.9,0.4,997,0
81.3,1353,31.3,0.44,1035,0
81.2,1556,28.7,0.42,943,0
78.0,2183,22.6,0.3,1204,0
79.1,1491,29.6,0.41,1248,0
78.9,1528,27.2,0.25,1462,0
80.7,1430,31.6,0.47,1375,0
79.4,1495,28.0,0.32,1332,0
78.7,1630,26.4,0.34,1311,0
79.0,1524,27.0,0.4,1453,0
80.9,1326,31.1,0.42,1550,0
80.9,1438,30.8,0.41,1509,0
81.8,1356,30.8,0.48,1643,0
80.3,1416,31.3,0.4,1826,0
80.1,1584,28.8,0.35,1732,0
79.3,1597,27.0,0.46,1647,0
81.1,1553,32.1,0.45,1904,0
80.2,1405,31.4,0.53,1895,0
81.1,1539,27.4,0.45,1786,0
79.7,1398,32.0,0.42,1993,0
80.6,1568,27.4,0.46,1932,0
81.7,1404,31.7,0.42,2083,0
81.4,1500,31.9,0.46,2236,0
83.4,1642,25.9,0.41,2122,0
82.0,1509,30.8,0.41,2276,0
80.4,1343,31.9,0.46,2145,0
80.9,1450,28.7,0.55,2157,0
78.9,1460,28.9,0.49,2476,0
80.5,1364,29.6,0.47,2374,0
79.7,1452,29.7,0.55,2436,0
81.8,1471,29.6,0.47,2531,0
79.4,1598,28.5,0.46,2432,0
79.1,1772,27.2,0.48,2576,0
78.8,1761,26.0,0.43,2599,0
82.9,1413,29.9,0.47,2477,0
79.3,1887,26.2,0.35,2755,0
84.0,1395,34.0,0.52,2775,0
81.5,1569,27.2,0.44,2603,0
82.2,1434,31.5,0.54,2775,0
81.9,1417,30.4,0.49,2776,0
81.2,1729,26.1,0.56,2944,0
79.8,1356,33.4,0.52,2753,0
81.7,1436,33.0,0.61,3189,0
82.9,1419,29.8,0.54,2923,0
81.6,1593,29.5,0.56,3049,0
81.3,1320,35.6,0.64,3137,0
81.7,1448,30.0,0.46,3063,0
83.1,1470,28.8,0.52,3123,0
82.5,1612,28.5,0.52,3128,0
82.1,1412,31.5,0.55,3151,0
81.7,1875,26.6,0.52,3279,0
80.6,1612,28.2,0.62,3299,0
79.4,1411,31.2,0.47,3305,0
80.5,1490,31.4,0.58,3363,0
83.3,1467,30.0,0.53,3499,0
80.0,1807,28.0,0.54,3442,0
81.1,1368,31.9,0.6,3522,0
80.4,1572,27.4,0.54,3649,0
83.6,1458,30.4,0.64,3632,0
82.4,1699,27.5,0.63,3582,0
84.2,1478,30.4,0.71,3700,0
81.8,1362,31.0,0.58,3772,0
82.2,1487,29.4,0.53,3870,0
79.5,1705,26.9,0.6,3819,0
84.4,1345,33.7,0.74,3870,0
80.2,1532,30.3,0.66,3895,0
81.6,1650,31.0,0.68,3935,0
81.2,1398,33.8,0.68,4054,0
81.2,1412,33.0,0.63,4105,0
80.9,1525,29.4,0.64,4177,0
82.3,1391,33.4,0.7,4121,0
80.6,1766,26.8,0.63,4069,0
81.1,1671,30.3,0.67,4271,0
83.6,1373,34.0,0.73,4266,0
81.6,1347,32.3,0.72,4293,0
82.3,1539,30.0,0.67,4239,0
83.7,1470,29.9,0.7,4380,0
81.4,1528,28.5,0.58,4335,0
81.7,1471,32.4,0.71,4505,0
81.6,1528,30.2,0.68,4521,0
84.4,1417,33.4,0.75,4567,1
83.0,1549,30.4,0.7,4521,0
82.6,1463,34.2,0.75,4762,0
83.7,1479,31.3,0.7,4748,0
80.6,1867,27.3,0.69,4811,0
83.8,1471,30.7,0.75,4781,0
83.7,1380,32.5,0.75,4743,1
79.3,1623,27.0,0.24,457,0
78.0,1997,24.3,0.28,559,0
79.4,1390,30.6,0.33,648,0
81.3,1418,30.5,0.3,685,0
81.5,1519,26.7,0.3,692,0
79.6,1519,28.7,0.34,664,0
80.5,1536,28.1,0.34,842,0
77.0,1680,26.2,0.32,828,0
78.9,1555,28.3,0.33,1033,0
80.6,1471,30.0,0.41,1028,0
77.7,1877,23.9,0.35,1096,0
77.9,1578,24.8,0.35,1085,0
78.6,1655,27.6,0.31,1174,0
79.9,1502,28.2,0.3,1140,0
81.2,1367,35.0,0.41,1206,1
77.4,1541,28.5,0.44,1355,0
77.8,1588,26.5,0.38,1435,0
79.4,1684,26.5,0.45,1287,0
80.9,1437,29.1,0.38,1438,0
77.5,1409,29.7,0.39,1661,0
80.4,1320,31.2,0.42,1588,0
79.5,1635,28.0,0.38,1726,0
81.4,1691,26.2,0.34,1641,0
81.0,1365,31.6,0.39,1708,0
81.5,1523,28.2,0.43,1876,0
80.9,1593,28.2,0.44,1902,0
77.8,1682,26.7,0.5,1880,0
82.8,1329,31.5,0.45,1822,0
81.0,1568,27.5,0.4,2051,0
80.7,1733,25.5,0.36,2213,0
86.3,1473,32.0,0.51,1922,0
77.8,1633,27.3,0.45,2213,0
83.0,1530,29.3,0.42,2117,0
80.6,1550,28.4,0.42,2181,0
81.1,1410,30.2,0.5,2282,0
80.1,1574,27.4,0.46,2200,0
80.3,1425,29.5,0.5,2329,0
79.8,1541,29.6,0.42,2239,0
80.7,1733,26.8,0.36,2459,0
77.5,2496,22.1,0.36,2653,0
81.6,1552,27.3,0.5,2459,0
80.1,1409,29.2,0.57,2532,0
79.4,1581,27.6,0.46,2571,0
82.0,1251,34.8,0.65,2713,0
83.3,1500,30.7,0.55,2702,0
80.6,1576,29.5,0.45,2779,0
82.0,1352,30.1,0.53,2701,0
80.2,1661,28.9,0.52,2829,0
82.3,1541,30.8,0.4,2561,0
81.3,1888,25.0,0.48,2919,0
85.1,1255,35.3,0.65,2857,0
81.7,1411,30.3,0.55,2964,0
82.3,1516,29.4,0.53,3085,0
81.4,1492,27.8,0.51,2938,0
82.8,1726,26.7,0.5,3202,0
80.9,1598,27.5,0.48,3140,0
82.8,1657,28.2,0.49,3302,0
81.9,1481,29.1,0.53,3149,0
82.9,1397,30.6,0.6,3112,0
82.7,1461,31.4,0.56,3308,0
83.1,1388,32.6,0.57,3393,0
83.0,1507,34.0,0.65,3453,0
83.0,1421,32.7,0.63,3344,0
85.3,1258,32.4,0.61,3358,0
83.6,1482,28.1,0.6,3517,0
84.0,1403,32.2,0.61,3636,0
82.4,1373,31.0,0.62,3721,0
81.7,1460,31.5,0.65,3845,0
83.0,1751,27.4,0.54,3725,0
83.6,1546,31.7,0.57,3661,0
83.8,1680,26.5,0.57,3957,0
82.6,1394,33.2,0.6,3931,0
81.4,1810,27.7,0.56,3991,0
80.0,1479,27.5,0.6,4065,0
82.5,1431,31.8,0.54,4141,0
82.5,2355,24.5,0.56,4073,0
80.9,1996,26.1,0.56,4205,1
81.0,1461,30.1,0.36,544,0
78.2,2007,24.8,0.25,483,0
80.0,1505,26.4,0.32,606,0
77.4,1925,24.7,0.3,709,0
79.3,1622,27.0,0.28,692,0
75.6,1592,25.3,0.29,873,0
78.7,1850,26.6,0.22,851,0
78.5,1470,30.9,0.4,904,0
81.8,1445,30.7,0.34,1042,0
80.4,1685,25.4,0.27,1009,0
80.0,1667,28.2,0.34,1022,0
81.6,1578,26.7,0.25,1098,0
78.0,1691,26.8,0.3,1130,0
82.5,1439,28.9,0.41,1254,0
81.5,1404,28.1,0.34,1392,0
80.6,1498,30.9,0.36,1287,0
81.9,1481,30.8,0.37,1317,0
78.5,1589,26.8,0.29,1528,0
79.7,1467,30.9,0.43,1433,0
79.0,1654,28.2,0.36,1531,0
79.8,1508,28.3,0.38,1502,0
79.6,1439,31.0,0.39,1451,0
81.4,1692,25.7,0.37,1654,0
79.3,1838,25.1,0.39,1763,0
80.5,1601,29.6,0.41,1722,0
80.4,1369,31.2,0.39,1644,0
78.5,1312,30.6,0.45,1807,0
81.0,1468,30.4,0.45,1791,0
78.1,1452,28.9,0.43,1678,0
80.9,1393,30.8,0.48,1934,0
79.2,1432,30.1,0.45,2035,0
83.1,1510,30.9,0.5,2142,0
81.5,1521,29.6,0.49,2241,0
81.2,1360,31.5,0.49,2206,0
81.1,1881,26.7,0.38,2318,0
80.1,1413,30.9,0.49,2194,0
81.2,1642,29.0,0.51,2462,0
81.3,1542,28.5,0.41,2522,0
81.4,1447,28.4,0.46,2427,0
82.5,1530,29.6,0.47,2547,0
81.4,1795,26.0,0.42,2628,0
82.9,1290,34.3,0.59,2734,0
79.2,1639,28.1,0.48,2640,0
80.4,1596,26.2,0.45,2628,0
82.4,1455,30.9,0.56,2684,0
81.5,1659,25.9,0.47,2831,0
81.0,1532,30.0,0.49,2659,0
85.2,1502,30.7,0.5,2626,0
83.3,1688,26.9,0.5,2973,0
83.4,1341,31.9,0.6,2959,0
81.5,1685,28.4,0.48,2992,0
83.1,1370,31.7,0.61,2939,0
82.0,1461,33.8,0.65,2960,0
82.3,1550,28.9,0.49,3082,0
82.6,1508,29.4,0.56,3197,0
82.4,1345,34.8,0.67,3174,0
82.3,1616,29.9,0.54,3329,0
83.4,1395,33.9,0.69,3216,0
82.3,1324,37.7,0.77,3287,1
81.8,1445,31.4,0.6,3473,0
82.1,1555,28.5,0.56,3422,0
85.4,1449,29.9,0.63,3480,0
84.5,1466,33.1,0.67,3508,0
81.3,1503,28.9,0.48,3546,0
82.9,1488,28.5,0.58,3677,0
81.4,1314,32.3,0.62,3722,0
83.8,1547,30.3,0.61,3738,0
82.1,1466,30.0,0.6,3723,0
82.2,1537,30.5,0.6,3810,0
84.5,1434,32.2,0.63,3989,0
81.3,1432,30.4,0.67,3801,0
81.4,1390,33.9,0.72,4101,0
82.3,1580,30.5,0.61,3994,0
83.5,1589,27.1,0.54,4007,0
81.8,1441,31.1,0.67,4134,0
80.5,1305,34.0,0.68,3928,0
82.4,1566,29.2,0.68,4239,0
84.8,1379,33.6,0.65,4330,1
84.1,1543,29.9,0.62,4304,0
83.3,1421,33.6,0.61,4085,0
81.7,1760,28.2,0.68,4350,0
83.3,1711,29.9,0.63,4456,0
80.7,1465,31.1,0.65,4483,0
83.1,1366,33.8,0.66,4283,0
81.8,1888,27.1,0.55,4512,0
79.1,1777,24.6,0.27,644,0
80.0,1379,31.6,0.29,538,0
80.4,1525,31.4,0.33,455,0
76.6,1563,27.5,0.37,673,0
79.7,1389,28.9,0.3,744,0
81.3,1447,29.4,0.28,702,0
78.1,1934,25.6,0.29,672,0
80.7,1470,31.2,0.28,899,0
81.1,1428,30.0,0.41,848,0
80.3,1319,32.1,0.41,994,0
79.7,1887,24.6,0.29,1123,0
79.5,1349,31.7,0.33,901,0
79.3,1665,27.8,0.31,1142,0
80.8,1474,27.8,0.33,1106,0
80.3,1543,28.2,0.37,1144,0
79.5,1459,31.1,0.41,1235,0
80.3,1551,27.6,0.32,1185,0
79.7,1981,23.5,0.36,1189,0
77.3,1526,29.0,0.38,1175,0
81.4,1501,29.9,0.35,1452,0
79.6,1558,28.9,0.33,1377,0
80.6,1532,29.7,0.4,1488,0
82.1,1326,32.4,0.39,1439,0
78.7,1431,31.9,0.46,1421,0
79.7,1366,32.5,0.37,1602,0
79.5,1421,29.8,0.42,1611,0
78.8,1506,29.8,0.38,1602,0
82.7,1342,30.4,0.41,1734,0
78.7,1427,28.6,0.41,1722,0
78.6,1667,26.5,0.43,1919,0
80.4,1400,29.9,0.4,1973,0
77.5,1709,27.3,0.39,1966,0
79.4,1368,30.9,0.42,1911,0
79.2,1882,25.9,0.39,1999,0
80.6,1353,35.4,0.47,2155,0
79.5,1553,29.7,0.37,2168,0
79.6,1431,31.5,0.42,2260,0
77.5,1731,27.2,0.49,2074,0
79.8,1687,27.9,0.43,2120,0
82.6,1457,32.3,0.48,2254,0
80.1,1533,29.2,0.44,2329,0
79.6,1622,26.8,0.44,2321,0
80.2,1791,26.3,0.42,2390,0
77.9,1631,27.0,0.46,2558,0
80.6,2174,24.5,0.41,2485,0
81.3,1314,34.4,0.5,2430,0
82.6,1478,31.6,0.52,2475,0
78.8,1783,26.7,0.36,2619,0
83.1,1385,30.6,0.53,2875,0
81.7,1444,30.8,0.46,2610,0
80.5,1841,27.2,0.45,2698,0
82.4,1349,34.3,0.52,2951,0
81.6,1340,33.9,0.57,2774,0
82.3,1539,31.3,0.55,2884,0
80.0,1932,25.2,0.52,3051,0
78.9,1407,30.3,0.48,2878,0
79.0,1712,26.6,0.53,2983,0
82.1,1329,33.3,0.6,3005,0
81.5,1441,30.3,0.54,3011,0
80.4,1610,29.1,0.55,3294,0
82.5,1474,30.8,0.56,3157,0
77.9,1624,27.2,0.56,3187,0
81.4,1520,31.1,0.52,3275,0
79.6,1448,31.1,0.57,3474,0
81.7,1558,27.8,0.58,3497,0
79.9,2293,25.0,0.56,3460,0
82.7,1397,31.9,0.63,3610,0
79.4,1972,27.0,0.42,3678,0
82.6,1574,29.9,0.58,3646,0
82.6,1560,31.2,0.6,3683,0
82.7,1353,32.0,0.63,3818,0
82.0,1389,33.0,0.67,3776,0
82.2,1513,31.2,0.61,3973,0
80.6,1578,31.0,0.66,3837,0
81.9,1467,28.6,0.57,3870,0
83.9,1412,32.4,0.71,3949,0
82.1,1668,27.0,0.66,4038,0
80.2,1678,28.4,0.57,4093,0
81.6,1612,27.7,0.59,4040,0
79.9,1485,29.0,0.67,4190,0
82.2,1456,31.0,0.6,4263,0
82.3,1504,29.8,0.63,4154,0
79.9,1491,30.8,0.72,4265,0
77.1,1525,27.9,0.3,545,0
77.9,1759,25.9,0.35,502,0
79.4,1355,33.1,0.35,599,0
78.4,1345,32.3,0.33,765,0
78.9,1683,28.5,0.29,875,0
79.1,1658,26.9,0.3,820,0
78.5,1566,28.7,0.3,807,0
78.7,1469,29.5,0.33,816,0
81.6,1458,29.0,0.31,982,0
80.7,1858,25.3,0.3,1053,0
79.2,1563,29.2,0.28,906,0
77.7,2141,22.8,0.26,1160,0
80.6,1473,29.5,0.36,1074,0
79.4,1498,28.4,0.26,1089,0
79.8,1568,29.1,0.39,1235,0
80.1,1694,24.0,0.25,1362,0
77.5,1499,28.7,0.38,1343,0
81.1,1717,25.8,0.29,1376,0
80.6,1462,28.5,0.37,1418,0
79.8,1642,28.4,0.39,1480,0
79.6,1760,25.6,0.43,1469,0
79.9,1660,28.3,0.37,1564,0
78.4,1557,29.5,0.31,1497,0
83.1,1442,31.2,0.46,1637,0
81.5,1359,31.7,0.43,1742,0
82.6,1342,32.4,0.45,1765,0
83.6,1435,32.3,0.48,1805,0
80.2,1567,27.7,0.32,1818,0
82.4,1376,30.5,0.43,1910,0
81.3,1513,28.8,0.4,1670,0
81.1,2563,22.9,0.4,2009,1
79.8,1521,31.4,0.48,2188,0
81.6,1658,28.0,0.36,2015,0
81.5,1419,29.9,0.5,2042,0
82.5,1478,28.0,0.46,2293,0
83.0,1415,30.6,0.41,2169,0
80.3,1780,26.6,0.42,2243,0
80.9,1440,30.9,0.52,2363,0
81.7,1448,29.0,0.43,2339,0
80.3,1500,28.1,0.52,2562,0
82.6,1513,28.6,0.41,2518,0
81.8,1428,30.7,0.48,2645,0
78.7,1473,29.5,0.47,2675,0
82.4,1483,32.9,0.59,2839,0
80.8,1534,28.9,0.5,2852,0
81.1,1367,33.6,0.51,2752,0
80.2,1467,28.0,0.52,2729,0
82.2,1488,31.8,0.55,2933,0
83.0,1679,26.2,0.52,2867,0
83.1,1409,32.5,0.54,2928,0
82.1,1367,32.4,0.59,2959,0
84.4,1314,35.0,0.6,3151,0
82.1,1480,30.1,0.61,3081,0
81.5,1549,30.2,0.59,3165,0
80.3,1685,27.2,0.57,3202,0
79.6,1536,28.0,0.57,3254,0
81.7,1539,30.0,0.57,3328,0
82.8,1384,29.8,0.53,3309,0
81.4,1614,27.3,0.56,3304,0
81.4,1675,31.5,0.56,3268,0
80.8,1685,27.5,0.6,3479,0
84.0,1386,35.0,0.68,3511,0
80.7,1488,30.0,0.62,3502,0
82.8,1624,28.9,0.5,3618,0
80.8,1600,29.5,0.57,3717,0
81.7,1468,32.2,0.6,3773,0
80.9,1435,31.3,0.63,3597,0
81.1,1564,30.3,0.57,3726,0
84.0,1329,33.0,0.65,3885,0
82.2,1570,29.8,0.62,3989,0
83.7,1433,32.6,0.64,3832,0
82.5,1527,28.8,0.62,4061,0
81.2,1443,32.6,0.61,3878,0
81.0,1616,28.7,0.57,4131,0
80.4,1654,28.0,0.63,4053,0
82.7,1685,29.4,0.54,4236,0
81.3,1456,31.9,0.73,4109,0
82.6,1752,28.6,0.64,4175,0
83.6,1438,33.8,0.69,4242,0
83.4,1551,29.1,0.76,4183,0
80.8,1599,27.6,0.68,4201,0
82.4,1732,28.5,0.61,4418,0
84.7,1418,30.2,0.7,4510,0
78.2,1401,28.1,0.3,549,0
77.3,1454,30.4,0.29,435,0
76.2,1635,25.5,0.23,610,0
79.6,1489,29.7,0.34,545,0
76.5,1465,29.2,0.28,693,0
78.7,1463,30.5,0.32,786,0
79.1,1560,28.0,0.27,778,0
79.6,1454,29.8,0.3,955,0
79.9,1479,31.5,0.34,879,0
79.7,1430,29.0,0.36,910,0
80.4,1533,28.3,0.23,968,0
78.6,1404,32.8,0.38,908,0
77.7,1548,27.3,0.31,1019,0
77.5,1612,29.6,0.39,1080,0
79.3,1642,26.8,0.45,1135,0
80.4,1406,29.5,0.35,1233,0
79.5,1587,27.9,0.27,1146,0
81.4,1364,31.4,0.39,1209,0
78.8,1462,31.6,0.4,1444,0
81.1,1649,27.3,0.43,1229,0
80.7,1752,25.2,0.42,1474,0
81.4,1396,31.2,0.45,1431,0
80.9,2179,23.9,0.3,1562,0
77.7,1653,26.5,0.39,1727,0
78.7,2025,25.7,0.36,1628,0
80.7,1426,32.2,0.45,1724,0
81.6,1503,27.6,0.34,1714,0
79.4,1525,29.2,0.45,1754,0
82.4,1423,32.5,0.45,1798,0
83.1,1435,31.0,0.43,1908,0
81.3,1495,28.3,0.39,1847,0
80.7,1557,28.7,0.39,1904,0
79.4,1474,32.2,0.46,2053,0
79.7,1465,30.8,0.39,2098,0
81.6,1589,27.1,0.46,1973,0
81.8,1475,30.5,0.43,2171,0
80.9,1442,30.6,0.38,2109,0
80.0,1556,27.2,0.52,2293,0
78.4,1425,30.8,0.45,2134,0
79.1,1580,29.4,0.43,2468,0
83.1,1474,30.9,0.52,2323,0
79.2,1489,30.2,0.55,2370,0
79.9,1946,25.7,0.36,2452,0
83.5,1342,33.1,0.52,2554,1
78.9,1758,27.3,0.41,2634,0
80.4,1724,26.8,0.49,2595,0
83.0,1430,31.8,0.59,2555,0
81.1,1612,27.2,0.45,2609,0
85.0,1469,29.9,0.58,2764,0
79.8,1384,29.4,0.5,2909,0
82.2,1724,25.4,0.49,2955,0
82.0,1397,31.7,0.5,2915,0
82.3,1588,27.5,0.5,3032,0
82.7,1468,32.4,0.54,3161,0
80.9,1594,27.7,0.5,3139,0
82.4,1511,30.8,0.56,3171,0
80.1,1493,28.4,0.5,3086,0
82.4,1709,26.5,0.47,3263,0
82.1,1501,29.2,0.56,3312,0
82.5,1668,27.1,0.59,3362,0
83.9,1502,31.8,0.6,3447,0
83.9,1288,34.2,0.66,3410,0
82.8,1491,30.6,0.62,3427,0
81.6,1519,31.5,0.61,3385,0
80.8,1984,25.7,0.47,3482,0
84.0,1643,28.9,0.53,3559,0
84.5,1625,28.6,0.53,3599,0
81.6,2068,25.5,0.59,3650,0
83.6,1469,30.1,0.62,3761,0
82.3,1558,29.2,0.61,3842,0
85.8,1344,33.9,0.68,3803,0
84.8,1455,32.2,0.58,3776,0
86.9,1355,34.4,0.75,3963,0
83.8,1269,34.1,0.71,4148,1
83.2,1550,31.4,0.67,4030,0
84.0,1525,29.8,0.56,4016,0
84.0,1696,28.7,0.64,4136,0
82.6,1937,25.9,0.56,4194,0
82.2,1689,28.5,0.57,4229,0
84.2,1593,29.5,0.58,4345,0
84.2,1565,29.7,0.59,4319,0
79.2,1665,26.6,0.22,606,0
82.3,1532,26.5,0.29,554,0
82.4,1438,28.5,0.29,746,0
81.5,1531,28.7,0.32,757,0
81.2,1506,28.1,0.38,769,0
82.2,1382,31.5,0.34,794,0
80.4,1456,30.8,0.25,951,0
81.5,1445,30.0,0.33,906,0
78.4,1515,29.0,0.38,806,0
82.3,1449,29.2,0.34,929,0
79.7,1362,30.9,0.42,923,0
82.2,1687,26.4,0.33,1199,0
80.8,1618,29.2,0.27,1169,0
80.9,1558,27.3,0.33,1267,0
80.3,1662,26.2,0.34,1097,0
82.3,1295,33.0,0.45,1282,0
83.8,1385,30.8,0.44,1138,0
79.1,1479,30.9,0.42,1155,0
84.0,1400,30.4,0.4,1304,0
83.6,1357,32.9,0.44,1493,0
80.3,1657,28.7,0.36,1345,0
81.0,1496,30.6,0.33,1459,0
84.6,1379,30.2,0.4,1591,0
81.2,1548,29.6,0.4,1617,0
80.9,1499,27.7,0.34,1762,0
84.7,1390,29.2,0.47,1621,0
83.0,1538,28.8,0.44,1621,0
82.4,1365,31.0,0.38,1658,0
83.9,1503,30.7,0.49,1751,0
82.2,1390,32.2,0.44,1728,0
84.3,1497,29.0,0.41,1708,0
84.7,1577,30.7,0.49,2044,0
84.7,1432,32.2,0.47,1945,0
83.7,1563,27.9,0.51,2184,0
85.4,1433,31.3,0.42,1963,0
83.7,1384,30.6,0.4,2031,0
82.1,1346,30.4,0.46,2039,0
83.9,1459,31.2,0.5,2085,0
85.0,1639,27.3,0.38,2242,0
81.5,1737,26.6,0.38,2253,0
83.2,1489,30.8,0.48,2313,0
84.4,1492,30.4,0.41,2386,0
84.7,1217,36.1,0.55,2421,0
81.7,1636,27.2,0.42,2305,0
85.3,1436,31.7,0.53,2379,0
85.6,1689,26.7,0.4,2466,0
82.4,2289,23.5,0.46,2790,0
82.9,1522,29.2,0.48,2589,0
82.6,1351,33.7,0.56,2572,0
83.8,1589,28.9,0.52,2653,0
85.0,1578,28.7,0.43,2586,0
84.2,1587,29.4,0.52,2691,0
82.8,1962,23.2,0.38,2782,0
81.8,2432,24.7,0.37,2739,0
83.1,1418,30.7,0.61,2734,0
84.8,1683,27.7,0.53,2824,0
86.4,1385,31.6,0.64,2840,0
83.1,1559,30.2,0.52,2793,0
86.1,1671,28.2,0.5,2891,0
86.0,1343,34.0,0.59,2879,0
86.1,1548,29.3,0.52,2945,0
82.9,1705,28.9,0.48,3006,0
83.0,1535,28.7,0.5,3209,0
84.4,1564,28.1,0.54,3287,0
85.8,1510,29.5,0.51,3081,0
87.7,1492,30.8,0.53,3383,0
86.1,1452,29.3,0.59,3202,0
85.2,1329,32.3,0.61,3406,0
84.6,1382,32.5,0.66,3455,0
86.4,1628,29.1,0.55,3521,0
83.0,1706,27.4,0.52,3430,0
86.6,1594,29.1,0.58,3414,0
83.7,1761,26.5,0.5,3531,0
86.8,1529,30.1,0.58,3665,0
85.9,1532,28.8,0.58,3823,0
84.2,1673,26.9,0.55,3637,0
86.1,1285,34.8,0.76,3747,1
84.4,1680,28.6,0.52,3731,0
85.6,1610,29.8,0.65,3825,0
85.3,1632,29.1,0.62,3707,0
85.0,1559,31.0,0.68,4017,0
85.9,1367,32.4,0.78,3935,0
86.7,1355,34.1,0.75,4042,1
83.5,1414,32.5,0.71,3985,0
85.5,1522,28.4,0.58,4108,0
84.1,1525,31.7,0.6,4219,0
84.2,1394,31.9,0.69,4175,0
83.2,1519,29.7,0.59,4213,0
83.3,1445,30.8,0.69,4172,0
83.8,1555,30.6,0.59,4228,0
81.2,1633,28.4,0.33,419,0
84.1,1630,27.1,0.26,477,0
81.5,1692,26.4,0.28,689,0
82.1,1790,23.5,0.24,787,0
84.6,1350,32.8,0.28,631,0
81.5,2760,21.0,0.28,798,1
82.2,1584,26.6,0.35,777,0
80.3,1989,23.9,0.26,950,0
85.1,1431,29.8,0.36,884,0
84.8,1568,27.6,0.3,908,0
81.6,1376,31.2,0.37,885,0
81.9,1459,30.7,0.39,858,0
83.4,1385,30.2,0.38,1094,0
81.5,1591,26.0,0.37,1115,0
83.3,1568,28.3,0.36,1206,0
82.1,1459,28.8,0.35,1164,0
85.5,1590,28.7,0.32,1253,0
84.9,1376,31.7,0.37,1364,0
83.1,1510,29.0,0.4,1415,0
83.9,1674,28.2,0.3,1277,0
84.5,1426,27.9,0.43,1410,0
82.9,1466,30.0,0.39,1385,0
82.6,1474,28.6,0.35,1548,0
85.4,1290,36.3,0.43,1691,0
85.5,1435,31.7,0.45,1652,0
84.5,1416,31.7,0.45,1674,0
81.7,1599,29.6,0.48,1754,0
83.1,1466,31.1,0.39,2054,0
84.0,1408,31.3,0.43,2000,0
83.9,1490,30.3,0.45,1999,0
86.0,1405,30.1,0.41,2002,0
81.2,1647,27.5,0.42,2011,0
83.8,1459,28.4,0.44,1975,0
84.8,1648,26.6,0.44,2016,0
86.0,1675,26.7,0.48,2091,0
83.0,1605,29.0,0.38,2096,0
84.8,1536,29.6,0.48,2159,0
84.3,1617,27.3,0.42,2288,0
84.8,1347,32.5,0.53,2348,0
84.2,1337,31.8,0.53,2336,0
83.3,1695,26.7,0.41,2461,0
79.9,1635,27.9,0.42,2441,0
84.5,1470,29.3,0.52,2527,0
84.2,1381,31.1,0.52,2486,0
83.3,1382,31.6,0.49,2636,0
85.3,1697,27.7,0.49,2592,0
82.5,1451,29.0,0.53,2816,0
83.8,1419,33.7,0.54,2705,0
86.7,1313,33.8,0.53,2751,0
82.2,1560,29.7,0.45,2842,0
82.8,1555,29.9,0.52,2895,0
83.3,1579,29.8,0.45,2939,0
85.3,1435,29.2,0.54,3043,0
84.1,1621,27.5,0.56,2990,0
82.7,1555,30.1,0.52,2967,0
83.1,1611,28.7,0.5,3019,0
82.6,1834,25.3,0.57,3086,0
83.4,1612,27.7,0.57,3251,0
84.1,1629,28.1,0.5,3075,0
84.2,1496,28.6,0.54,3156,0
81.7,1593,29.1,0.55,3239,0
85.1,1623,29.2,0.55,3226,0
85.1,1380,31.3,0.67,3313,0
85.9,1562,27.9,0.55,3526,0
85.7,1391,31.9,0.62,3393,0
85.4,1551,28.7,0.59,3486,0
84.4,1821,26.4,0.58,3409,0
86.9,1429,31.9,0.65,3542,0
84.5,2012,26.0,0.55,3741,0
83.7,1924,26.7,0.48,3853,0
87.6,1412,30.2,0.6,3790,0
86.7,1389,34.7,0.7,3802,0
85.9,1466,30.0,0.66,3901,0
81.7,2297,25.4,0.56,3689,0
82.8,1471,30.5,0.69,3951,0
84.7,1492,30.4,0.59,3885,0
84.6,1460,31.8,0.68,4067,0
83.8,1559,30.2,0.62,3864,0
85.8,1495,33.4,0.72,4025,0
86.8,1535,30.5,0.64,4125,0
86.7,1381,35.5,0.77,4103,0
83.6,1599,30.7,0.64,4170,0
85.7,1400,33.3,0.67,4325,0
84.0,1624,28.6,0.66,4340,0
84.7,1478,29.9,0.67,4303,0
84.7,1605,28.4,0.69,4488,0
85.0,1506,32.1,0.71,4469,0
81.1,1455,29.5,0.4,523,0
81.5,1602,25.8,0.27,464,0
82.2,1425,32.0,0.33,421,0
77.3,1918,23.6,0.23,588,0
84.3,1611,29.0,0.32,615,0
83.3,1610,27.6,0.32,736,0
80.0,2639,22.1,0.26,806,1
82.6,1329,30.8,0.35,936,0
81.7,1270,32.0,0.35,1033,0
84.1,1415,28.8,0.31,1084,0
85.1,1330,31.1,0.35,1101,0
82.0,1786,26.3,0.36,1051,0
83.0,1809,24.6,0.37,1216,0
84.3,1303,33.7,0.41,1372,0
81.9,1383,31.3,0.34,1156,0
83.5,1447,33.3,0.41,1444,0
83.7,1461,30.0,0.47,1292,0
81.4,2092,24.5,0.36,1431,0
83.5,1429,31.2,0.43,1476,0
82.7,1736,26.5,0.39,1511,0
83.9,1441,29.6,0.48,1710,0
83.7,1523,28.6,0.36,1543,0
82.0,1691,28.3,0.36,1472,0
82.6,1557,26.8,0.37,1685,0
81.6,1644,27.9,0.41,1696,0
84.7,1522,29.8,0.43,1789,0
81.2,1547,28.8,0.45,1851,0
84.4,1597,27.3,0.37,1814,0
85.0,1619,27.3,0.45,1887,0
84.7,1400,35.2,0.48,1917,0
80.5,1663,26.8,0.43,2084,0
83.4,1540,29.9,0.47,1947,0
84.1,1455,30.2,0.49,1957,0
82.8,1519,28.6,0.46,2171,0
84.0,1427,31.8,0.51,2062,0
85.3,1650,27.5,0.49,2203,0
84.9,1508,29.2,0.47,2194,0
84.3,1379,33.1,0.48,2253,0
82.4,1542,28.2,0.48,2491,0
83.4,1763,26.1,0.43,2431,0
83.9,1590,28.8,0.36,2467,0
86.9,1336,34.9,0.58,2517,0
84.0,1638,28.5,0.48,2508,0
85.9,1356,31.2,0.56,2638,0
87.8,1384,31.6,0.49,2699,0
86.3,1309,30.4,0.47,2721,0
84.6,1642,29.1,0.49,2749,0
85.8,1289,33.3,0.58,2745,0
84.9,1353,30.5,0.53,2834,0
85.7,1871,26.8,0.47,2806,0
85.9,1291,35.5,0.56,2993,0
85.4,1346,31.5,0.55,2864,0
85.4,1493,32.1,0.55,3188,0
84.3,1524,30.8,0.59,3010,0
82.4,1726,27.9,0.52,3083,0
85.8,1435,32.3,0.57,3236,0
84.6,1502,28.6,0.61,3336,0
85.5,1608,27.5,0.53,3512,0
84.1,1771,28.4,0.55,3405,0
87.2,1474,30.5,0.58,3414,0
85.4,1322,32.8,0.69,3468,0
88.3,1393,30.9,0.62,3615,0
84.6,1417,33.3,0.64,3735,0
86.9,1430,32.6,0.62,3580,0
86.6,1605,29.0,0.61,3727,0
85.6,1402,32.4,0.68,3731,0
86.1,1550,28.8,0.63,3765,0
87.7,1376,33.6,0.63,3959,0
82.6,1569,28.1,0.66,3770,0
86.1,1669,28.2,0.63,3710,0
82.9,1541,29.4,0.6,3958,0
84.4,1651,29.7,0.55,4064,0
87.7,1521,29.9,0.61,4022,0
85.4,1365,31.8,0.68,4080,0
83.9,1609,29.1,0.63,4153,0
85.3,1470,28.8,0.69,4137,0
88.4,1573,30.8,0.6,4262,0
84.6,1378,35.0,0.69,4314,1
84.7,1567,30.8,0.61,4150,1
85.1,1441,29.8,0.25,509,0
84.9,1641,27.6,0.25,428,0
83.1,1486,30.0,0.32,604,0
81.7,1563,28.6,0.32,603,0
85.4,1769,25.6,0.23,761,0
84.8,1672,26.9,0.25,751,0
84.0,1632,26.6,0.23,858,0
81.5,1980,25.0,0.28,840,0
83.6,1635,26.9,0.29,993,0
83.0,1686,26.7,0.38,817,0
83.3,1574,24.2,0.33,909,0
85.2,1546,29.9,0.34,1119,0
83.6,1899,24.7,0.28,1017,0
82.0,1449,28.9,0.28,915,0
85.0,1483,28.4,0.29,1239,0
83.6,1576,29.4,0.33,1262,0
85.2,1317,30.8,0.36,1268,0
86.2,1467,31.6,0.35,1272,0
82.0,1616,29.3,0.37,1451,0
85.0,1299,34.3,0.45,1454,0
83.5,1432,29.9,0.36,1531,0
81.0,1799,25.4,0.42,1516,0
85.0,1358,31.5,0.35,1506,0
86.5,1618,29.1,0.39,1517,0
81.7,1525,28.6,0.4,1501,0
83.3,1551,28.2,0.37,1679,0
84.0,1735,25.7,0.35,1721,0
83.9,1309,29.3,0.42,1682,0
82.3,1743,26.4,0.36,1812,0
81.4,1659,27.2,0.37,1772,0
83.4,1680,27.5,0.35,1921,0
82.4,1486,29.0,0.36,1817,0
81.1,1471,28.6,0.43,1839,0
84.9,1465,28.0,0.4,1939,0
84.8,1492,29.3,0.44,2078,0
84.6,1420,31.6,0.47,1973,0
85.2,1295,35.0,0.5,2203,0
84.3,1548,27.3,0.42,2023,0
84.8,1372,32.3,0.47,2170,0
84.5,1552,26.8,0.51,2112,0
83.8,1441,30.7,0.45,2070,0
84.6,1691,25.7,0.42,2397,0
84.9,1451,32.1,0.48,2407,0
84.6,1452,30.7,0.48,2345,0
82.7,1406,31.0,0.5,2451,0
84.0,1567,29.3,0.48,2563,0
82.6,1599,31.3,0.48,2534,0
82.6,1455,29.8,0.48,2583,0
82.5,1625,27.2,0.46,2620,0
81.0,2672,22.1,0.43,2659,1
86.1,1650,27.9,0.56,2693,0
85.7,1459,29.0,0.48,2727,0
87.1,1395,29.8,0.57,2770,0
82.3,1751,28.3,0.49,2784,0
86.1,1192,37.1,0.65,2871,0
82.0,1947,26.7,0.5,2886,0
82.9,1593,28.2,0.52,2887,0
82.9,1478,29.9,0.53,3069,0
86.1,1505,30.4,0.54,3195,0
82.0,2465,23.9,0.43,3150,0
86.1,1403,30.8,0.57,3191,0
85.0,1458,31.5,0.51,3166,0
87.1,1369,30.0,0.56,3360,0
82.6,1377,32.2,0.63,3503,0
86.0,1452,31.4,0.6,3404,0
85.6,1517,30.0,0.62,3429,0
83.9,1354,32.6,0.68,3533,0
85.2,1724,29.1,0.55,3552,0
85.7,1399,34.3,0.65,3555,0
84.9,1388,32.9,0.62,3668,0
83.3,1523,28.3,0.55,3794,0
83.9,1377,31.0,0.58,3692,0
87.7,1417,32.9,0.66,3994,0
85.2,1542,31.4,0.62,3721,0
86.0,1557,29.5,0.67,3811,0
83.8,1641,29.1,0.63,3934,0
85.3,1318,34.4,0.65,4130,0
86.2,1638,29.9,0.64,3941,0
82.8,1954,25.7,0.55,3936,0
84.9,1644,27.6,0.66,4119,0
85.2,1594,28.7,0.6,4109,0
86.5,1405,31.3,0.63,4235,1
82.5,1622,27.1,0.25,494,0
83.5,1557,27.8,0.26,467,0
83.8,1606,28.9,0.25,759,0
84.0,1647,26.7,0.26,370,0
82.6,1413,29.3,0.34,806,0
83.2,1529,28.0,0.39,788,0
85.6,1448,28.6,0.28,689,0
85.4,1435,28.9,0.38,934,0
82.5,1474,30.2,0.31,710,0
83.9,1657,26.4,0.31,990,0
82.0,1509,29.2,0.27,778,0
84.3,1530,28.5,0.35,889,0
86.8,1587,27.3,0.25,942,0
83.8,1467,30.7,0.37,1027,0
84.9,1360,31.3,0.4,1141,0
85.4,1588,27.8,0.34,1128,0
82.5,1609,27.4,0.31,1066,0
84.2,1415,28.4,0.4,1302,0
84.4,1845,25.3,0.35,1304,0
84.0,1419,26.6,0.35,1369,0
83.9,1634,27.7,0.38,1403,0
85.7,1521,29.1,0.38,1501,0
85.4,1499,26.7,0.4,1472,0
84.6,1616,28.2,0.37,1595,0
85.1,1449,30.1,0.42,1505,0
85.1,1626,25.9,0.4,1545,0
85.6,1445,31.6,0.4,1766,0
86.0,1622,28.0,0.34,1818,0
85.1,1544,28.7,0.42,1791,0
85.7,1488,29.3,0.47,1763,0
85.8,1309,32.1,0.49,1792,0
85.0,1784,25.0,0.4,2011,0
84.2,1548,28.5,0.41,2043,0
84.6,1413,29.7,0.47,1971,0
85.2,1863,26.0,0.39,2199,0
86.3,1427,28.6,0.44,2102,0
87.2,1443,29.9,0.51,2012,0
85.4,1481,30.0,0.43,2132,0
86.1,1446,29.6,0.49,2190,0
86.9,1444,32.0,0.52,2232,0
87.1,1341,33.0,0.52,2361,0
84.6,1518,28.7,0.41,2238,0
85.7,1603,28.9,0.46,2243,0
85.7,1686,27.1,0.44,2434,0
86.9,1383,34.3,0.5,2380,0
83.9,1477,31.7,0.51,2668,0
86.6,1449,30.8,0.53,2585,0
87.9,1734,26.3,0.42,2521,0
86.6,1398,32.9,0.52,2714,0
85.6,1639,29.3,0.48,2711,0
87.1,1517,30.4,0.54,2756,0
87.3,1442,28.4,0.51,2749,0
87.7,1685,28.0,0.44,2846,0
86.3,1358,31.8,0.49,2697,0
87.6,1608,31.2,0.54,3024,0
87.1,1665,29.7,0.48,2697,0
86.8,1510,29.6,0.56,2973,0
87.7,1465,31.1,0.49,2916,0
87.5,1701,28.4,0.48,3039,0
88.1,1486,29.9,0.49,3109,0
85.0,1658,30.1,0.54,3072,0
88.4,1449,31.0,0.6,2982,0
87.4,1346,32.7,0.62,3309,0
85.8,1866,26.8,0.46,3495,0
86.8,1562,29.3,0.53,3353,0
88.0,1368,33.3,0.63,3512,0
87.9,1567,29.6,0.49,3608,0
86.4,1725,28.7,0.55,3372,0
85.1,1744,26.7,0.62,3523,0
86.3,1453,31.7,0.6,3493,0
86.2,1550,28.4,0.52,3584,0
87.7,1558,30.7,0.57,3820,0
88.6,1270,36.7,0.67,3755,1
85.8,1380,34.2,0.74,3836,0
89.8,1406,33.5,0.72,3823,0
86.2,1625,29.0,0.61,3765,0
88.4,1420,31.2,0.63,3969,0
85.7,1889,27.0,0.61,4051,0
87.6,1477,32.8,0.6,4012,0
88.0,1460,31.5,0.7,4061,0
87.3,1758,28.2,0.62,3959,0
87.6,1521,28.0,0.6,4149,0
88.2,1511,31.0,0.71,4236,0
86.4,1530,30.1,0.62,4214,1
83.6,1454,30.6,0.26,356,0
83.2,1928,25.3,0.29,666,0
84.4,1758,24.5,0.26,496,0
83.3,1649,27.3,0.31,691,0
85.9,1447,30.4,0.41,772,0
86.2,1417,29.3,0.3,818,0
83.2,1434,29.0,0.32,623,0
83.6,1418,30.2,0.41,812,0
84.5,1400,31.3,0.38,860,0
84.0,1725,26.7,0.27,1024,0
83.9,1567,27.8,0.3,999,0
86.0,1497,28.6,0.31,1114,0
85.5,1549,28.9,0.33,1095,0
84.0,1754,26.2,0.32,1081,0
83.2,1489,27.9,0.35,1138,0
83.4,1543,27.6,0.36,1280,0
85.0,1543,27.9,0.3,1090,0
82.3,1565,27.4,0.35,1302,0
85.1,1855,24.9,0.24,1215,0
85.1,1475,28.3,0.39,1251,0
88.4,1609,27.9,0.4,1453,0
88.0,1443,30.6,0.33,1336,0
85.1,1450,30.0,0.42,1526,0
85.2,1590,27.8,0.37,1493,0
86.4,1508,30.3,0.43,1379,0
87.0,1544,29.4,0.42,1659,0
82.9,1451,29.2,0.43,1684,0
81.7,1758,27.3,0.36,1557,0
84.5,1507,30.4,0.49,1689,0
85.1,1543,29.2,0.42,1654,0
85.3,1505,28.9,0.39,1946,0
85.3,1786,25.9,0.39,2052,0
84.1,1457,30.5,0.43,2044,0
83.8,1312,34.6,0.51,2091,0
86.5,1405,31.3,0.45,2024,0
84.3,1377,30.0,0.43,2162,0
83.3,1347,32.9,0.49,2171,0
85.1,1470,28.3,0.46,2240,0
85.2,1873,26.5,0.45,2337,0
86.0,1434,34.5,0.51,2408,0
83.9,1628,27.9,0.36,2336,0
85.4,1351,32.4,0.49,2344,0
85.2,1454,30.4,0.43,2477,0
83.1,1663,25.7,0.47,2528,0
85.2,1401,31.8,0.46,2622,0
86.2,1503,28.4,0.45,2701,0
86.1,1564,27.9,0.47,2517,0
85.3,1759,25.1,0.52,2652,0
85.7,1409,32.4,0.51,2664,0
85.0,1738,25.9,0.47,2877,0
83.7,1393,29.6,0.56,2796,0
85.6,1499,30.1,0.58,2860,0
87.1,1493,31.3,0.56,2980,0
83.3,1652,28.9,0.55,2925,0
84.2,1589,27.3,0.53,3007,0
86.1,1520,30.3,0.5,3189,0
87.1,1455,29.6,0.56,3222,0
85.3,1463,31.6,0.61,3135,0
84.8,1442,30.8,0.53,3189,0
83.8,1329,32.0,0.57,3190,0
85.4,1546,29.7,0.5,3121,0
87.8,1516,27.4,0.57,3393,0
86.3,1476,32.3,0.59,3557,0
86.0,1412,31.6,0.59,3382,0
86.2,1377,33.2,0.55,3387,1
85.5,1490,29.7,0.57,3466,0
84.6,1526,29.3,0.56,3548,0
87.2,1428,31.8,0.63,3504,0
86.9,1329,33.6,0.6,3594,0
86.8,1443,32.1,0.65,3747,0
85.7,1373,32.7,0.63,3730,0
87.4,1630,27.8,0.54,3857,0
86.3,1555,28.2,0.54,3820,0
85.7,1436,32.0,0.59,3739,0
86.6,1609,28.5,0.58,3833,0
86.0,1384,31.0,0.66,3935,0
85.6,1448,31.4,0.66,3879,0
84.3,1887,26.7,0.58,3904,0
84.6,1480,31.6,0.63,3962,0
85.9,1850,26.1,0.62,4152,0
84.1,1538,29.4,0.62,4170,0
84.4,1721,27.8,0.63,4330,0
82.0,1366,31.3,0.32,428,0
82.7,1657,26.5,0.29,357,0
83.6,1446,31.0,0.3,578,0
82.8,1465,28.8,0.33,756,0
80.7,1827,24.5,0.26,663,0
82.0,1397,30.3,0.36,586,0
83.0,1744,25.7,0.26,655,0
82.5,1545,28.7,0.24,916,0
83.5,1587,26.0,0.28,791,0
82.5,1377,30.0,0.39,1015,1
83.9,1511,31.2,0.35,979,0
84.3,1650,26.7,0.32,901,0
84.7,1412,30.2,0.32,1091,0
83.4,1528,29.8,0.35,960,0
83.5,1459,28.3,0.29,953,0
83.8,1379,31.1,0.34,1035,1
83.9,1356,30.1,0.36,1202,0
83.1,1409,29.5,0.38,1285,0
83.1,1504,28.0,0.38,1215,0
83.5,1622,28.7,0.38,1151,0
81.4,1786,26.8,0.27,1211,0
82.2,1506,25.5,0.36,1286,0
81.1,1916,25.1,0.32,1304,0
81.1,1771,24.7,0.29,1482,0
82.7,1488,32.0,0.4,1669,0
83.9,1531,28.1,0.38,1631,0
82.5,1529,28.1,0.4,1513,0
84.6,1580,28.2,0.39,1583,0
84.3,1360,29.4,0.4,1652,1
81.7,1546,27.4,0.44,1776,0
83.9,1762,26.8,0.28,1924,0
85.9,1350,33.8,0.47,1814,0
82.6,1562,30.3,0.35,2010,0
83.6,1608,27.0,0.36,2109,0
83.1,1392,31.8,0.49,1966,0
83.9,1467,30.2,0.4,2000,0
83.2,1326,33.6,0.44,2036,1
80.8,1769,25.0,0.5,2124,0
83.6,1459,31.2,0.42,2125,0
84.2,1421,31.6,0.56,2260,0
83.6,1491,30.4,0.46,2119,0
82.3,1567,28.7,0.43,2236,0
83.8,1421,30.0,0.49,2341,0
84.4,1596,29.3,0.5,2419,0
85.0,1464,30.5,0.44,2561,0
84.6,1581,29.2,0.45,2336,0
83.2,1620,28.9,0.49,2440,0
86.1,1413,32.7,0.53,2346,0
83.3,1438,31.4,0.55,2528,0
85.5,1469,29.8,0.53,2564,0
85.3,1762,27.0,0.54,2717,0
86.0,1366,30.6,0.55,2794,1
83.6,1891,26.1,0.47,2939,0
83.7,1742,27.6,0.51,2913,0
86.5,1465,30.7,0.54,3028,0
83.4,1541,29.9,0.56,3053,0
85.5,1295,32.9,0.61,3014,0
85.3,1435,32.0,0.59,3015,0
87.6,1466,31.6,0.6,3250,0
86.9,1450,31.8,0.6,3371,0
83.6,1880,26.3,0.53,3478,0
84.7,1578,28.9,0.5,3385,0
84.4,1610,29.6,0.52,3480,0
85.1,1565,30.8,0.62,3436,0
87.3,1545,30.2,0.63,3459,0
85.7,1227,34.8,0.57,3479,0
88.2,1484,32.9,0.58,3497,0
86.2,1591,28.1,0.56,3590,0
87.2,1403,31.8,0.58,3535,0
85.5,1450,32.7,0.58,3601,0
84.6,1720,27.6,0.57,3572,0
83.9,1561,30.5,0.66,3740,0
85.3,1421,29.8,0.53,3660,0
86.7,1415,32.1,0.64,3793,0
86.0,2034,26.8,0.56,3919,0
84.7,1486,29.9,0.66,3962,0
87.3,1338,36.7,0.74,4012,1
85.6,1578,28.8,0.67,3969,0
86.1,1330,34.0,0.71,4114,0
87.4,1506,30.3,0.7,4090,0
86.2,1559,30.0,0.62,4060,0
87.1,1599,29.9,0.65,4295,0
86.9,1427,31.3,0.61,4312,0
86.7,1481,32.1,0.7,4405,0
87.8,1496,30.8,0.68,4375,0
86.3,1674,27.7,0.64,4338,0
86.5,1629,29.3,0.64,4495,0
86.5,1629,30.6,0.69,4626,1
86.0,1311,32.1,0.34,538,0
84.9,2709,21.6,0.18,524,1
84.7,1759,26.7,0.24,456,0
86.7,1480,30.3,0.32,560,0
84.1,1461,29.2,0.35,716,0
85.0,1728,26.4,0.36,580,0
84.8,1389,31.3,0.34,741,0
83.5,1638,27.3,0.35,805,0
85.3,1254,32.0,0.29,930,0
87.6,1427,30.8,0.43,923,0
86.3,1627,24.9,0.33,986,0
86.2,1471,30.7,0.35,969,0
82.8,1773,26.0,0.3,966,0
86.0,1430,31.1,0.33,1020,0
85.0,1595,25.4,0.29,1048,0
85.5,1521,29.1,0.44,1205,0
83.4,1419,30.3,0.33,1138,0
83.8,1534,30.5,0.32,1198,0
84.8,1626,29.1,0.33,1284,0
85.2,1677,25.3,0.3,1503,0
82.8,1392,32.1,0.41,1460,0
85.0,1448,30.9,0.45,1381,0
83.7,1903,24.5,0.31,1490,0
86.4,1404,31.4,0.37,1646,0
86.3,1386,32.8,0.44,1599,0
85.5,1418,31.5,0.41,1457,0
84.3,1338,32.1,0.48,1547,0
82.5,1549,29.2,0.39,1595,0
84.5,1432,30.1,0.41,1825,0
86.0,1546,29.6,0.41,1863,0
86.1,1627,28.5,0.4,1766,0
85.0,1640,26.5,0.39,1818,0
85.0,1423,28.5,0.4,1927,0
84.2,1711,25.8,0.33,1982,0
84.8,1450,32.0,0.45,1953,0
84.3,1553,27.8,0.45,2063,0
86.5,1630,28.1,0.47,2056,0
83.7,1476,28.7,0.44,2309,0
87.6,1426,30.7,0.55,2156,0
84.6,1561,26.6,0.46,2244,0
88.3,1297,34.7,0.5,2474,0
82.7,1842,25.4,0.36,2375,0
85.9,1633,28.2,0.52,2488,0
84.2,1744,28.4,0.44,2568,0
83.5,1831,25.9,0.41,2706,0
86.7,1339,33.3,0.45,2670,0
87.3,1475,31.1,0.49,2883,0
84.4,1675,25.7,0.49,2777,0
84.3,1493,28.7,0.47,2925,0
85.6,1700,27.0,0.44,2888,0
86.4,1453,26.8,0.49,3072,0
87.2,1542,27.3,0.56,3021,0
88.4,1358,33.4,0.52,2976,0
86.0,1655,29.7,0.48,3076,0
88.0,1885,27.7,0.55,3094,0
87.0,1494,30.5,0.57,3129,0
85.3,1757,27.5,0.52,3081,0
84.0,1718,29.3,0.5,3174,0
85.9,1636,30.6,0.55,3457,0
86.0,1638,27.1,0.51,3250,0
87.7,1609,27.5,0.52,3329,0
87.1,1556,27.2,0.51,3409,0
86.7,1442,35.8,0.69,3501,1
87.3,1501,29.8,0.58,3572,0
86.7,2041,25.5,0.53,3557,0
88.4,1784,25.3,0.55,3684,0
87.3,1953,25.5,0.56,3793,0
87.9,1576,28.8,0.58,3838,0
87.4,1518,30.2,0.59,3751,0
89.6,1227,36.6,0.69,3875,1
87.4,1985,24.6,0.48,3788,0
84.8,1802,26.5,0.53,3857,0
86.4,1603,29.6,0.58,3857,0
87.5,1400,33.9,0.62,3983,0
88.6,1395,34.2,0.63,3953,0
87.3,1987,25.0,0.6,3936,0
86.8,1398,29.8,0.68,4062,0
85.9,1333,36.3,0.73,4008,1
86.8,1381,32.0,0.78,4288,0
84.9,1570,27.8,0.21,455,0
84.2,1658,29.0,0.31,614,0
84.0,1749,26.5,0.27,550,0
83.7,1510,30.1,0.33,582,0
83.9,1384,31.6,0.34,825,0
85.0,1570,27.4,0.23,774,0
83.1,1571,27.2,0.3,953,0
87.0,1476,29.4,0.33,818,0
85.3,1484,30.0,0.24,856,0
82.9,1909,24.3,0.37,1025,0
84.8,1448,31.2,0.38,1079,0
84.6,1500,27.7,0.37,1046,0
84.8,1510,30.6,0.31,1354,0
86.8,1378,33.7,0.42,1100,0
84.9,1538,28.2,0.39,1057,0
84.5,1390,30.2,0.39,1131,0
86.7,1642,27.3,0.34,1225,0
84.3,1785,25.7,0.29,1422,0
86.0,1526,28.6,0.36,1321,0
84.4,1668,27.5,0.34,1550,0
85.6,1507,28.3,0.4,1513,0
85.6,1530,29.3,0.35,1601,0
83.2,1479,30.9,0.43,1580,0
87.7,1418,28.6,0.37,1633,0
86.7,1504,28.0,0.39,1716,0
85.2,1345,30.7,0.45,1646,0
83.7,1625,28.7,0.37,1701,0
85.4,1511,28.1,0.43,1862,0
85.6,1535,29.1,0.45,2025,0
85.9,1505,29.0,0.41,1782,0
86.1,1540,29.9,0.49,1778,0
86.5,1372,31.4,0.46,2009,0
86.9,1510,28.8,0.48,2201,0
86.4,1382,30.6,0.54,2176,0
84.2,1439,30.0,0.45,2114,0
87.5,1375,32.1,0.51,2249,0
86.3,1931,24.8,0.38,2158,0
89.8,1475,31.8,0.46,2400,0
84.6,1389,31.1,0.49,2361,0
85.4,1652,28.2,0.4,2414,0
83.5,1386,31.4,0.48,2491,0
85.6,1577,27.3,0.48,2509,0
85.2,1444,31.2,0.48,2502,0
88.0,1554,28.9,0.52,2682,0
84.4,1602,26.9,0.49,2698,0
82.7,1692,25.9,0.54,2528,0
84.9,1682,27.5,0.51,2740,0
83.1,1614,28.8,0.54,2708,0
87.3,1324,30.4,0.56,2729,0
83.7,1434,29.6,0.53,2908,0
85.4,1621,28.3,0.54,2868,0
83.0,1625,28.5,0.53,2925,0
86.0,1394,32.7,0.59,2937,0
87.0,1586,28.9,0.53,3055,0
86.1,1420,31.3,0.58,3116,0
85.4,1422,32.1,0.55,3270,0
85.7,1598,29.3,0.51,3118,0
87.1,1454,36.2,0.68,3105,1
86.5,1519,30.5,0.63,3217,0
85.1,1373,35.7,0.58,3360,0
87.0,1406,31.7,0.57,3266,0
83.1,1492,31.2,0.63,3263,0
86.0,1369,31.5,0.63,3357,0
85.6,1471,29.9,0.61,3410,0
86.7,1630,30.7,0.6,3419,0
85.8,1605,29.2,0.57,3559,0
85.0,1447,34.5,0.65,3589,0
85.9,1360,32.2,0.65,3694,0
85.9,1728,28.0,0.54,3648,0
85.2,1740,27.8,0.58,3782,0
85.0,1477,30.5,0.66,3733,0
84.5,1658,28.8,0.56,3718,0
85.2,1902,26.8,0.56,3800,0
83.8,1783,26.1,0.57,3750,0
86.0,1558,31.5,0.63,4076,0
89.2,1351,32.4,0.69,3998,0
84.3,1452,30.3,0.62,3958,0
83.1,1666,27.6,0.66,4080,0
87.7,1364,33.6,0.71,3950,0
86.6,1351,33.8,0.69,4297,1
85.0,1729,28.6,0.67,4342,0
85.0,1574,28.9,0.65,4333,0
85.9,1566,29.5,0.63,4403,0
88.2,1455,32.0,0.73,4312,0
86.4,1679,29.3,0.65,4353,0
85.6,2143,26.3,0.52,4402,0
84.5,1447,31.7,0.68,4560,0
85.3,1383,34.0,0.74,4694,1
81.8,1772,26.4,0.56,4614,0
84.4,1615,27.8,0.66,4708,1
83.8,1454,26.9,0.29,578,0
84.0,1445,31.6,0.27,406,0
82.3,1609,27.1,0.3,719,0
82.8,1546,27.9,0.29,717,0
82.1,1567,28.8,0.26,701,0
82.4,1767,24.9,0.31,770,0
83.8,1539,26.8,0.33,809,0
81.3,1564,29.4,0.3,790,0
83.8,1445,29.5,0.33,917,0
84.9,1419,30.5,0.37,820,1
81.7,1881,23.6,0.27,946,0
84.7,1421,29.9,0.27,1068,0
87.5,1455,30.1,0.38,801,0
81.9,2691,21.6,0.24,1086,1
83.8,1505,28.3,0.33,1145,0
82.8,1456,30.6,0.43,986,0
84.0,1383,29.6,0.37,1181,0
83.9,1563,28.0,0.36,1130,0
82.4,2305,22.5,0.32,1279,0
82.7,1456,29.7,0.4,1293,0
83.2,1865,25.6,0.29,1278,0
85.3,1597,29.4,0.37,1478,0
84.2,1495,28.1,0.38,1391,0
85.4,1456,32.4,0.41,1482,0
83.6,1465,29.2,0.41,1619,0
85.8,1352,33.5,0.54,1476,0
82.9,1906,24.2,0.3,1603,0
83.1,1446,29.3,0.45,1599,0
82.9,1948,23.8,0.39,1652,0
82.8,1480,30.7,0.45,1882,0
82.6,1511,29.0,0.38,1782,0
84.3,1472,31.3,0.5,1824,0
84.7,1429,31.0,0.37,1894,0
82.8,1405,30.5,0.42,1922,0
85.4,1405,30.4,0.5,1777,0
85.5,1348,33.4,0.47,2160,0
84.4,1331,35.8,0.59,1895,1
81.3,1610,27.0,0.36,2186,0
83.8,1412,31.1,0.42,2132,0
83.5,1453,31.8,0.44,2151,0
83.7,1583,28.7,0.47,2147,0
83.1,1539,28.4,0.44,2416,0
81.0,1635,29.8,0.44,2309,0
84.9,1294,34.2,0.59,2298,1
82.1,1978,25.8,0.48,2343,0
85.2,1357,33.1,0.52,2369,1
83.7,1336,35.3,0.47,2461,1
85.4,1568,29.6,0.4,2418,0
80.9,1567,28.2,0.49,2582,0
84.8,1611,28.1,0.5,2529,0
82.5,1841,25.4,0.45,2697,0
84.6,1567,29.9,0.49,2784,0
84.6,1376,32.2,0.53,2737,1
85.4,1477,29.7,0.55,2823,0
83.4,1590,29.4,0.58,2863,0
81.1,2197,24.1,0.35,2749,0
85.0,1595,27.9,0.5,3040,0
82.9,1812,25.0,0.44,2934,0
83.8,1573,27.7,0.45,3099,0
85.0,1651,27.7,0.47,3155,0
83.1,1459,30.2,0.57,2933,0
85.4,1370,33.2,0.61,3169,1
82.9,1518,29.3,0.6,3324,0
83.0,1648,27.5,0.53,3297,0
84.6,1464,31.9,0.52,3383,0
81.2,1895,24.4,0.5,3371,0
82.1,1884,25.9,0.46,3498,0
86.2,1450,32.4,0.55,3444,0
85.4,1448,30.6,0.62,3584,0
84.9,1389,31.8,0.63,3428,0
84.7,1583,30.8,0.59,3531,0
84.8,1425,34.2,0.62,3530,0
85.3,1809,27.5,0.58,3644,0
83.2,1892,26.9,0.51,3626,0
85.6,1475,30.3,0.67,3665,0
86.6,1361,31.2,0.64,3681,0
84.0,1563,30.1,0.6,3736,0
86.5,1472,30.0,0.62,3825,0
84.1,1325,33.5,0.68,3753,0
87.8,1358,31.4,0.74,3766,0
85.5,1346,34.1,0.7,3991,0
85.7,1381,35.2,0.71,3854,0
83.6,1340,35.4,0.69,4113,1
85.1,1366,31.7,0.71,4134,0
84.5,1325,31.0,0.7,4243,1
85.1,1376,29.9,0.67,4181,1
85.8,1364,32.1,0.64,4414,1
83.7,1462,30.0,0.26,568,0
82.5,1517,27.7,0.28,415,0
83.6,1385,33.4,0.39,566,0
81.1,1439,28.3,0.29,747,0
81.1,1623,27.3,0.27,604,0
84.9,1438,28.2,0.25,709,0
80.3,1708,25.3,0.34,915,0
83.4,1666,25.4,0.33,795,0
83.3,1286,34.5,0.42,981,1
82.3,1485,30.7,0.39,854,0
84.0,1409,32.7,0.36,731,0
82.7,1765,25.0,0.31,1114,0
81.2,1688,26.3,0.37,1086,0
80.8,1787,26.1,0.32,1127,0
82.0,1487,31.0,0.4,1053,0
82.7,1384,30.6,0.42,1095,0
84.0,1311,31.0,0.43,1303,1
81.4,1620,27.0,0.33,1266,0
84.1,1331,33.7,0.43,1327,1
83.6,1462,28.1,0.4,1389,0
82.9,1424,32.0,0.44,1581,0
82.2,1500,28.9,0.43,1554,0
79.3,1738,25.2,0.38,1494,0
79.7,1465,29.0,0.44,1455,0
83.0,1482,28.5,0.39,1668,0
82.6,1398,31.9,0.39,1582,0
80.7,1972,25.3,0.38,1597,0
82.9,1603,28.7,0.38,1833,0
82.4,1610,27.8,0.4,1833,0
84.7,1373,30.8,0.5,1829,1
83.5,1425,31.2,0.48,1753,0
83.0,1212,32.5,0.49,2048,1
83.3,1828,26.5,0.38,2041,0
83.3,1370,30.0,0.45,1988,1
83.0,1823,27.4,0.43,2006,0
84.0,1263,34.7,0.51,2107,1
81.2,1889,26.0,0.37,2098,0
83.1,1639,27.3,0.48,2349,0
82.8,1608,28.6,0.44,2194,0
83.1,1653,27.4,0.42,2193,0
82.3,1591,27.2,0.46,2495,0
80.8,1696,28.7,0.49,2358,0
83.8,1346,30.4,0.46,2502,1
84.6,1507,29.8,0.48,2528,0
84.1,1525,32.0,0.51,2523,0
83.6,1559,28.6,0.49,2539,0
84.6,1632,27.1,0.5,2666,0
82.7,1559,30.4,0.47,2612,0
82.9,1355,31.3,0.49,2739,1
82.7,1832,27.1,0.5,2856,0
84.2,1386,33.1,0.51,2985,0
83.6,1346,33.4,0.56,2796,1
84.1,1499,28.0,0.51,2917,0
84.7,1612,27.6,0.52,2930,0
84.5,1544,31.0,0.6,3030,0
85.4,1477,28.2,0.66,2940,0
86.9,1624,27.3,0.46,3023,0
85.1,1349,30.9,0.61,2997,1
84.5,1686,27.5,0.51,3053,0
84.1,1521,31.3,0.6,3151,0
84.6,1362,33.3,0.65,3391,1
84.7,1402,32.1,0.66,3320,0
84.8,1334,33.4,0.62,3333,1
85.5,1348,32.4,0.56,3471,1
87.1,1570,29.2,0.59,3430,0
83.6,1601,28.3,0.56,3491,0
84.2,1611,26.6,0.54,3468,0
84.9,1560,27.5,0.54,3508,0
86.0,1444,31.5,0.63,3490,0
87.3,1317,34.9,0.74,3636,0
87.6,1463,30.7,0.57,3697,0
82.8,1634,29.8,0.61,3800,0
83.4,1423,30.8,0.62,3805,0
85.2,1548,29.8,0.55,3815,0
87.0,1563,29.4,0.61,3807,0
83.9,1573,29.2,0.58,3965,0
82.9,1432,31.5,0.58,3929,0
86.5,1638,28.4,0.57,4050,0
86.3,1571,28.0,0.58,3922,0
83.3,2211,24.9,0.52,4138,0
85.0,1555,29.6,0.6,4206,0
84.3,1558,28.7,0.6,4231,0
86.3,1523,32.4,0.64,4219,0
84.2,1723,27.1,0.62,4362,0
85.7,1721,26.9,0.64,4222,0
82.1,1710,28.3,0.64,4370,1
81.6,1627,26.0,0.26,485,0
82.0,1422,30.6,0.3,636,0
82.3,1565,27.3,0.25,445,0
82.8,1314,32.9,0.3,558,1
84.7,1392,34.3,0.39,818,0
80.6,1465,28.6,0.24,537,0
82.4,1573,28.4,0.3,832,0
82.1,2157,23.1,0.25,746,0
85.7,1370,31.1,0.38,876,0
82.0,1462,28.1,0.27,1004,0
83.1,1479,29.4,0.33,950,0
80.0,1717,26.8,0.32,1095,0
81.5,1260,35.4,0.33,976,0
83.7,1467,29.3,0.3,1040,0
82.7,1535,29.2,0.34,1168,0
84.0,1657,27.4,0.35,1123,0
80.7,1698,25.1,0.33,1241,0
84.3,1359,32.4,0.41,1324,1
85.5,1596,29.6,0.31,1334,0
84.4,1383,30.3,0.32,1174,0
82.4,2203,23.2,0.31,1309,0
83.9,1408,31.0,0.34,1394,0
81.2,1673,27.7,0.33,1405,0
85.7,1340,30.6,0.44,1467,0
83.3,1452,28.5,0.4,1520,0
85.3,1302,32.4,0.41,1489,0
81.8,1522,28.5,0.36,1570,0
82.4,1438,30.0,0.43,1579,0
85.8,1604,29.5,0.42,1671,0
82.8,1832,25.0,0.31,1623,0
85.7,1521,28.7,0.32,1790,0
84.1,1446,28.7,0.49,1819,0
81.2,1905,24.4,0.32,1796,0
86.0,1475,30.9,0.47,2048,0
84.3,1462,29.8,0.52,1921,0
85.2,1435,29.7,0.45,1999,0
84.3,1469,29.8,0.41,1979,0
83.1,1520,30.3,0.39,2032,0
84.5,1537,29.5,0.38,2145,0
88.5,1369,33.8,0.53,2128,1
85.1,1506,29.1,0.5,2190,0
85.4,1330,34.0,0.49,2290,1
85.9,1660,30.8,0.43,2219,0
85.7,1356,33.2,0.54,2190,1
85.7,1438,31.2,0.48,2263,0
84.1,1329,32.2,0.52,2589,1
86.9,1284,37.6,0.58,2602,1
86.9,1387,32.2,0.51,2616,0
83.6,1591,28.9,0.48,2582,0
86.7,1589,30.4,0.57,2563,0
86.5,1297,35.3,0.6,2701,1
84.2,1545,28.7,0.54,2769,0
86.8,1418,30.0,0.49,2722,0
84.4,1730,26.9,0.53,2784,0
84.9,2001,25.7,0.49,2798,0
84.7,1620,29.7,0.46,3025,0
85.2,1542,30.0,0.56,2911,0
85.8,1424,29.1,0.51,3086,0
85.9,1440,30.2,0.48,3065,0
83.1,1520,31.3,0.56,3180,0
83.4,1694,27.9,0.54,3195,0
86.5,1610,29.1,0.56,3185,0
85.8,1331,32.6,0.59,3250,1
84.4,1470,31.0,0.55,3266,0
83.2,1577,28.2,0.65,3261,0
83.5,1486,27.5,0.51,3424,0
82.2,1445,31.3,0.61,3348,0
84.0,1500,29.7,0.56,3410,0
83.9,1456,32.3,0.57,3357,0
82.3,1743,26.5,0.54,3546,0
84.0,1409,33.2,0.57,3510,0
84.3,1361,31.7,0.59,3557,1
85.4,1753,26.3,0.55,3563,0
80.4,1832,27.4,0.47,3656,0
85.0,1374,32.3,0.65,3541,1
85.6,1334,34.8,0.64,3792,1
82.5,1493,30.0,0.55,3787,0
84.0,1317,30.8,0.6,3789,1
83.2,1434,32.6,0.73,3738,0
83.4,1457,30.4,0.54,3950,0
86.0,1391,32.7,0.69,3918,0
83.3,1781,27.7,0.54,4126,0
83.8,1642,27.6,0.6,4114,0
81.8,2032,25.1,0.59,4233,0
80.5,2372,23.7,0.57,4157,1
83.8,1393,31.4,0.64,4286,0
84.7,1743,27.6,0.55,4272,0
82.5,1457,31.0,0.69,4252,0
80.9,2825,22.3,0.55,4339,1
84.1,1609,28.5,0.63,4293,0
80.3,1437,30.3,0.31,666,0
80.8,1402,32.8,0.3,545,0
80.3,1644,27.4,0.25,591,0
80.5,1471,30.5,0.33,673,0
78.4,2695,23.3,0.26,591,0
82.9,1435,29.3,0.34,819,0
78.9,1694,25.1,0.3,667,0
78.6,1687,24.9,0.25,684,0
79.3,1869,23.7,0.34,807,0
83.2,1259,34.0,0.37,753,1
81.1,1460,29.7,0.34,1016,0
80.4,1501,28.6,0.28,962,0
80.4,1776,25.4,0.3,776,0
79.5,1468,28.5,0.37,1085,0
82.6,1430,30.0,0.4,1167,0
82.5,1502,30.2,0.43,1124,0
80.7,1623,27.7,0.36,1085,0
82.0,1651,26.4,0.35,1274,0
80.0,1639,28.0,0.33,1297,0
83.2,1417,30.5,0.36,1293,0
82.1,1541,29.9,0.42,1340,0
82.0,1411,31.3,0.44,1473,0
82.6,1397,29.2,0.36,1586,0
81.4,1686,26.1,0.39,1586,0
83.7,1431,31.4,0.43,1447,0
81.8,1341,31.3,0.39,1688,1
81.5,1486,27.6,0.43,1736,0
84.6,1384,33.0,0.42,1821,0
82.3,1362,32.9,0.36,1669,1
82.5,1660,24.6,0.38,1776,0
84.7,1326,32.2,0.46,1915,1
80.9,1566,26.4,0.39,1863,0
82.2,1549,29.2,0.54,1985,0
79.8,1746,27.0,0.42,1974,0
82.8,1452,28.6,0.45,1962,0
81.5,1588,27.1,0.44,2022,0
82.3,1472,29.2,0.44,2219,0
81.0,1607,29.7,0.48,2074,0
80.8,1423,32.4,0.51,2096,0
82.8,1440,29.8,0.49,2306,0
79.8,1397,29.6,0.45,2312,0
82.1,1524,32.0,0.43,2245,0
83.3,1533,30.9,0.46,2344,0
82.5,1398,31.9,0.51,2373,0
86.0,1284,36.5,0.55,2423,1
83.1,1491,29.6,0.5,2730,0
82.1,1418,31.3,0.52,2539,0
82.1,1546,29.4,0.52,2582,0
81.2,1598,26.9,0.43,2867,0
79.4,1724,25.3,0.48,2812,0
81.3,1507,31.7,0.51,2888,0
80.7,1595,27.2,0.43,2799,0
79.4,1568,30.2,0.51,2997,0
82.1,1432,31.4,0.6,3020,0
81.9,1424,30.9,0.48,3002,0
81.5,1386,35.6,0.62,2888,1
84.0,1456,33.6,0.64,3077,0
84.3,1280,35.4,0.7,3253,1
82.2,1649,27.9,0.5,3221,0
83.1,1407,33.2,0.58,3209,0
83.1,1606,28.2,0.49,3256,0
83.8,1531,28.8,0.61,3351,0
83.5,1543,29.5,0.52,3353,0
82.9,1379,32.2,0.59,3449,1
84.2,1447,31.0,0.53,3621,0
84.0,1844,25.4,0.57,3648,0
82.2,1615,26.8,0.61,3570,0
86.4,1449,33.3,0.67,3821,0
83.2,1388,32.4,0.59,3816,0
83.4,1447,30.7,0.65,3841,0
82.0,1664,28.8,0.51,3914,0
82.7,1735,26.5,0.58,3841,0
82.3,1308,33.9,0.71,3972,1
82.5,1480,29.8,0.65,4106,0
81.4,1439,32.1,0.67,3979,0
82.8,1533,31.1,0.63,4045,0
83.8,1551,29.9,0.55,4206,0
83.6,1414,30.3,0.66,4154,0
79.6,1551,28.8,0.64,4319,0
85.8,1436,34.2,0.66,4246,0
83.6,1385,32.2,0.63,4379,0
81.1,1732,29.0,0.69,4439,0
83.7,1410,32.7,0.76,4428,0
83.4,1446,31.2,0.72,4483,0
81.9,1525,31.9,0.66,4483,0
84.6,1298,37.1,0.69,4572,1
82.5,1443,32.5,0.73,4532,0
83.2,1442,32.2,0.73,4626,1
78.8,1719,25.9,0.25,560,0
78.6,1532,27.9,0.34,445,0
79.8,1701,25.6,0.3,532,0
82.0,1355,29.2,0.32,648,1
82.2,1421,28.9,0.32,494,0
83.0,1368,32.2,0.34,862,1
82.0,1458,29.4,0.36,850,0
80.4,1572,27.5,0.27,679,0
82.7,1483,30.9,0.36,687,0
79.8,1513,28.3,0.29,894,0
80.5,1383,30.5,0.39,837,0
80.5,1539,27.3,0.36,1093,0
82.7,1563,28.5,0.31,1083,0
82.1,1653,26.6,0.32,1115,0
82.9,1353,31.3,0.35,1095,1
82.9,1468,28.6,0.43,1304,0
80.5,1506,28.1,0.41,1325,0
82.8,1388,31.8,0.43,1402,0
82.3,1485,29.8,0.46,1485,0
83.4,1331,30.8,0.4,1361,1
83.4,1326,33.6,0.47,1581,1
82.6,1394,31.6,0.48,1493,0
81.3,2009,23.4,0.33,1576,0
83.9,1358,33.4,0.44,1572,1
80.9,1586,27.5,0.42,1488,0
81.9,1688,26.7,0.41,1751,0
82.0,1450,29.2,0.39,1564,0
80.5,1398,30.4,0.35,1668,0
83.3,1520,28.7,0.41,1762,0
83.8,1514,29.1,0.34,1678,0
83.0,1532,26.9,0.37,1782,0
82.3,1365,36.4,0.47,1943,1
81.9,1642,28.5,0.39,1931,0
78.0,2676,21.4,0.38,1973,1
83.0,1873,25.1,0.43,1974,0
82.7,1325,33.9,0.54,2140,1
82.7,2157,23.8,0.41,2146,0
83.8,1563,28.9,0.48,2094,0
81.1,1631,27.0,0.34,2263,0
81.2,1547,30.3,0.46,2233,0
83.5,1479,29.2,0.4,2439,0
82.1,1379,30.9,0.52,2372,1
81.6,1906,24.5,0.34,2658,0
81.7,1731,28.9,0.46,2569,0
80.0,1688,26.0,0.48,2535,0
81.2,1443,32.4,0.5,2681,0
83.7,1445,32.3,0.57,2556,0
82.7,1435,31.0,0.55,2836,0
81.8,1556,28.3,0.51,2782,0
84.6,1321,34.4,0.59,2891,1
84.1,1577,29.0,0.5,2861,0
82.4,1578,27.2,0.51,2923,0
83.4,1418,32.5,0.58,2993,0
84.9,1392,32.6,0.59,3050,0
82.2,1446,31.8,0.53,3095,0
84.3,1329,32.9,0.53,3132,1
83.8,1563,29.6,0.52,3038,0
85.6,1405,35.0,0.6,3390,0
79.7,2224,24.0,0.44,3258,0
82.0,1716,26.9,0.56,3310,0
82.4,1584,28.9,0.5,3283,0
84.0,1488,29.8,0.57,3276,0
85.1,1374,32.8,0.66,3411,1
86.6,1378,34.3,0.66,3458,1
83.2,1551,29.3,0.62,3592,0
83.4,1549,30.5,0.56,3690,0
85.3,1447,29.9,0.62,3677,0
85.0,1400,34.0,0.6,3471,0
85.6,1401,31.7,0.62,3611,0
83.2,1597,25.9,0.55,3711,0
82.6,1487,32.0,0.61,3741,0
81.8,1710,28.1,0.55,3805,0
83.1,1478,32.5,0.63,3690,0
84.4,1743,26.6,0.53,3970,0
85.7,1596,27.8,0.63,3783,0
86.4,1642,28.6,0.59,3843,0
87.5,1263,37.0,0.74,3923,1
85.2,2016,25.6,0.57,4032,0
83.8,1671,29.7,0.61,3945,0
84.0,1404,30.4,0.66,4026,0
86.3,1470,32.2,0.64,4238,0
85.6,1617,30.0,0.7,4173,0
84.4,1725,26.5,0.64,4252,0
85.5,1446,30.6,0.66,4154,1
82.4,1564,27.9,0.26,496,0
83.2,1670,25.6,0.26,525,0
84.5,1501,29.3,0.33,508,0
82.6,1551,27.4,0.35,603,0
82.9,1563,26.7,0.24,491,0
83.0,1351,29.4,0.34,713,1
82.2,1415,32.0,0.39,681,0
82.3,1647,26.4,0.24,728,0
80.0,1477,28.4,0.31,853,0
81.7,1923,24.9,0.23,855,0
81.6,1305,31.5,0.38,830,1
82.2,1544,26.7,0.31,855,0
81.3,1568,27.1,0.32,1104,0
83.1,1489,29.7,0.34,980,0
82.5,1451,29.8,0.39,1173,0
80.2,1542,27.3,0.35,1048,0
81.9,1965,24.2,0.31,1285,0
81.8,1436,29.3,0.36,1346,0
83.4,1509,27.6,0.38,1147,0
82.5,1487,27.4,0.36,1390,0
81.8,1967,24.7,0.39,1419,0
82.2,1409,32.0,0.37,1481,0
83.2,1420,32.3,0.37,1543,0
82.2,1511,29.0,0.31,1490,0
83.1,1649,27.4,0.29,1585,0
85.8,1359,31.4,0.48,1825,1
81.6,1605,27.7,0.42,1639,0
83.6,1523,30.1,0.45,1806,0
80.0,1614,28.7,0.36,1908,0
80.5,1721,26.8,0.42,1826,0
81.6,1638,29.3,0.43,1881,0
81.8,1307,32.6,0.49,1928,1
79.9,1642,27.2,0.43,2097,0
82.5,1751,27.7,0.39,1999,0
81.6,1645,27.8,0.53,2143,0
83.3,1426,30.7,0.53,2299,0
83.1,1520,28.8,0.43,2221,0
82.3,1709,27.1,0.39,2216,0
83.5,1426,31.0,0.48,2324,0
82.7,1429,29.4,0.49,2344,0
82.8,1346,34.1,0.59,2422,1
84.3,1454,30.0,0.44,2550,0
83.0,1411,31.0,0.52,2488,0
81.1,1900,25.5,0.37,2673,0
82.7,1479,28.6,0.49,2582,0
82.9,1415,31.8,0.52,2520,0
82.7,1539,30.2,0.57,2800,0
83.2,1520,27.3,0.41,2642,0
84.1,1480,32.1,0.58,2603,0
81.9,1666,28.0,0.4,2909,0
83.5,1456,31.9,0.48,2700,0
83.9,1865,26.1,0.39,2733,0
83.4,1918,25.7,0.47,2786,0
86.7,1488,32.7,0.5,2897,0
85.3,1527,30.5,0.47,2993,0
85.3,1463,31.4,0.55,2760,0
82.0,1521,29.5,0.55,3100,0
85.4,1372,31.7,0.56,3017,1
84.0,1507,30.9,0.54,3082,0
82.9,1586,28.1,0.6,3287,0
84.3,1487,30.2,0.57,3221,0
85.4,1520,30.3,0.59,3275,0
84.7,1422,31.2,0.57,3271,0
83.5,1375,33.7,0.57,3425,1
83.8,1633,27.1,0.55,3546,0
82.6,1503,28.0,0.54,3255,0
84.2,1351,31.5,0.6,3575,1
83.0,1548,28.3,0.58,3647,0
82.7,1923,25.1,0.45,3599,0
84.5,1592,27.4,0.5,3541,0
82.8,1580,29.4,0.62,3538,0
87.1,1427,32.9,0.6,3873,0
81.7,1581,28.6,0.55,3647,0
83.9,1542,30.4,0.62,3894,0
85.8,1349,34.8,0.65,3857,1
85.6,1463,29.8,0.65,4025,0
84.6,1429,31.5,0.63,3872,0
85.3,1451,33.5,0.69,3822,0
85.1,1511,30.2,0.59,4004,0
84.7,1549,29.4,0.63,3921,0
86.6,1507,29.8,0.68,4289,0
85.5,1524,29.1,0.6,4179,0
84.9,1880,27.8,0.62,4244,0
81.3,1461,30.4,0.3,562,0
81.3,1748,25.3,0.29,480,0
81.2,1690,24.3,0.27,561,0
81.9,1349,29.8,0.33,616,1
82.0,1686,26.4,0.28,816,0
82.6,1369,29.5,0.38,603,1
83.8,1433,29.2,0.33,673,0
81.6,1597,30.1,0.34,738,0
84.6,1610,25.5,0.28,748,0
82.9,1398,34.0,0.43,721,0
81.9,1977,23.8,0.3,657,0
84.1,1516,27.6,0.33,763,0
83.4,1275,32.0,0.37,1033,1
84.9,1402,30.6,0.41,1033,0
82.1,1451,30.2,0.33,1136,0
84.8,1555,27.4,0.27,1076,0
83.3,1636,26.1,0.34,1168,0
83.7,1312,31.5,0.44,1341,1
82.7,1708,25.4,0.4,1371,0
84.7,1556,28.2,0.35,1358,0
83.5,1436,28.8,0.38,1352,0
83.2,1402,28.7,0.4,1466,0
84.4,1437,31.5,0.4,1508,0
81.8,1926,24.6,0.36,1518,0
85.8,1800,25.5,0.35,1553,0
83.6,1641,27.9,0.42,1710,0
86.2,1374,30.1,0.46,1552,1
84.8,1494,28.4,0.43,1811,0
83.2,1601,24.8,0.38,1705,0
84.6,1634,28.6,0.48,1658,0
85.6,1467,28.4,0.43,1755,0
83.9,1550,26.6,0.41,1782,0
85.6,1563,27.7,0.37,1841,0
85.9,1395,32.1,0.45,1875,0
85.2,1507,27.3,0.42,1908,0
83.9,1564,28.2,0.4,1987,0
82.9,1721,27.1,0.4,2042,0
83.8,1456,27.4,0.43,2144,0
83.9,2102,23.6,0.38,2099,0
85.2,1555,29.0,0.37,2234,0
82.7,1409,29.9,0.46,2244,0
85.3,1387,28.3,0.45,2322,0
85.7,1460,28.9,0.48,2336,0
85.4,1361,31.4,0.54,2334,1
86.8,1490,30.9,0.57,2347,0
86.4,1399,30.4,0.54,2491,0
87.7,1420,33.6,0.49,2612,0
84.9,1359,31.6,0.49,2527,1
87.2,1372,34.5,0.56,2525,1
87.1,1409,30.3,0.52,2614,0
87.7,1452,34.3,0.6,2643,0
82.8,1820,24.4,0.46,2723,0
85.4,1469,33.4,0.53,2697,0
85.4,1556,30.6,0.61,2882,0
84.8,1980,24.4,0.46,2956,0
86.4,1519,29.2,0.48,2886,0
85.0,1456,32.0,0.61,2955,0
86.2,1394,32.9,0.5,2985,0
84.7,1365,33.8,0.46,2986,1
86.4,2194,25.2,0.5,3056,0
86.5,1403,33.6,0.64,3152,0
85.8,1503,28.4,0.56,3096,0
85.2,1793,28.7,0.47,3281,0
86.9,1829,25.9,0.51,3272,0
82.1,1831,27.4,0.5,3289,0
87.2,1335,34.3,0.6,3447,1
85.0,2056,25.9,0.56,3419,0
86.7,1336,34.6,0.59,3522,1
89.0,1341,34.5,0.64,3699,1
84.8,1526,29.4,0.63,3557,0
87.0,1525,29.7,0.62,3809,0
86.5,1428,28.7,0.65,3692,0
88.2,1511,33.4,0.65,3682,0
85.0,1664,27.6,0.59,3764,0
85.5,1592,31.0,0.63,3849,0
87.3,1597,29.0,0.63,3998,0
86.2,1735,28.4,0.56,4014,0
83.7,1751,26.0,0.52,3991,0
86.2,1383,30.5,0.69,4123,0
87.9,1330,33.5,0.74,3907,1
88.3,1382,32.5,0.69,4131,0
85.2,1755,28.7,0.59,4171,0
82.9,1614,29.5,0.57,4208,0
87.8,1466,31.7,0.67,4106,0
84.6,1847,26.7,0.55,4189,0
84.3,1474,28.8,0.58,4311,0
83.2,1657,28.2,0.63,4449,0
87.8,1435,32.3,0.64,4548,0
87.4,1494,31.4,0.7,4378,0
88.1,1238,32.5,0.73,4415,1
90.0,1324,33.6,0.72,4621,1
88.3,1514,31.1,0.63,4800,0
88.6,1732,28.9,0.6,4715,0
86.2,1497,33.0,0.69,4602,1
83.1,1958,23.4,0.19,729,0
81.9,1630,28.7,0.26,591,0
85.3,1395,32.9,0.3,508,0
83.5,1658,27.3,0.27,779,0
85.9,1349,30.2,0.34,590,1
84.8,1452,29.7,0.31,646,0
84.2,1594,26.4,0.32,789,0
84.9,1510,27.8,0.28,783,0
85.3,1854,26.3,0.23,841,0
83.3,1626,27.0,0.3,877,0
82.7,1628,26.8,0.34,998,0
84.1,1679,27.8,0.35,759,0
83.5,1489,29.9,0.41,1003,0
86.3,1439,30.2,0.34,1010,0
84.7,1350,31.6,0.36,1009,1
83.1,1607,26.6,0.28,1044,0
84.9,1389,31.4,0.35,983,0
85.9,1566,30.9,0.39,1165,0
85.6,1307,32.8,0.37,1386,1
84.2,1569,28.2,0.41,1403,0
86.4,1651,28.5,0.29,1374,0
83.3,1692,25.8,0.37,1365,0
85.9,1373,30.0,0.37,1633,1
85.7,1610,28.4,0.35,1725,0
83.5,1511,29.3,0.43,1739,0
87.0,1412,33.2,0.42,1614,0
84.0,1501,27.6,0.38,1658,0
86.8,1414,30.0,0.39,1895,0
84.0,1629,29.2,0.47,1702,0
85.3,1879,24.5,0.34,1926,0
87.7,1466,30.2,0.45,1781,0
87.3,1476,30.3,0.43,1988,0
86.3,1695,26.3,0.43,2148,0
86.0,1491,28.8,0.42,2134,0
85.6,1659,28.6,0.43,2214,0
87.9,1567,28.2,0.45,2127,0
85.4,1736,28.7,0.4,2195,0
85.7,1421,30.0,0.52,2335,1
87.0,1627,27.8,0.49,2406,0
85.0,1562,27.8,0.48,2421,0
83.8,2183,23.7,0.41,2532,0
84.5,1577,30.1,0.36,2360,0
85.3,1560,28.3,0.49,2490,0
86.3,1483,30.5,0.49,2727,0
86.1,1535,28.2,0.47,2737,0
86.5,1606,26.4,0.39,2721,0
86.0,1817,26.9,0.48,2711,0
86.8,1424,32.7,0.49,2859,0
86.0,1514,26.9,0.5,2847,0
87.3,1449,30.4,0.56,2726,0
87.8,1573,27.8,0.48,2963,0
87.0,1564,31.1,0.58,2867,0
86.5,1428,30.1,0.52,3033,0
85.3,1620,27.5,0.53,2879,0
84.8,1584,28.5,0.46,3171,0
89.8,1222,36.2,0.68,3110,1
88.2,1432,31.1,0.59,3079,0
87.9,1561,27.2,0.55,3166,0
86.9,1614,29.7,0.52,3230,0
87.8,1959,26.3,0.44,3292,0
85.9,1944,27.3,0.49,3434,0
87.5,1793,27.4,0.56,3369,0
87.6,1446,32.4,0.61,3226,0
86.1,1673,27.2,0.49,3354,0
88.3,1515,30.6,0.55,3709,0
87.9,1564,30.5,0.62,3552,0
88.4,1451,32.5,0.63,3653,0
87.1,1693,27.0,0.5,3588,0
87.6,1476,28.5,0.54,3621,0
89.6,1712,27.8,0.54,3699,0
89.1,1425,31.3,0.56,3783,0
89.3,1337,34.0,0.67,3789,1
87.5,1690,29.6,0.7,4015,0
89.2,1353,32.0,0.57,3866,1
87.5,1927,26.9,0.55,3884,0
88.2,1391,31.4,0.69,4069,0
88.4,1366,31.5,0.71,4132,1
87.7,1771,28.2,0.6,4095,0
84.5,1515,32.9,0.65,4080,0
87.1,2133,25.7,0.52,4030,0
88.1,1341,32.5,0.67,4333,1
90.3,1406,32.5,0.7,4358,0
89.6,1306,35.8,0.79,4289,1
86.3,1508,27.6,0.62,4364,0
88.1,1301,31.6,0.68,4377,1
86.8,1539,30.3,0.63,4561,0
88.7,1484,32.8,0.7,4383,0
88.0,1507,30.5,0.71,4452,0
89.0,1544,30.0,0.72,4480,0
83.5,1513,28.3,0.24,525,0
85.8,1336,32.1,0.34,540,1
81.4,2102,22.6,0.22,605,0
86.1,1351,31.1,0.38,572,1
85.0,1601,27.9,0.29,797,0
85.6,1393,32.6,0.28,677,0
83.9,1592,27.5,0.29,844,0
85.5,1409,31.9,0.37,1036,0
86.7,1393,30.7,0.35,750,0
83.9,1475,29.5,0.31,883,0
84.7,1427,30.6,0.32,934,0
82.1,1763,23.8,0.26,1143,0
83.6,1363,30.4,0.34,993,1
85.0,1404,30.5,0.34,1071,0
85.1,1688,27.8,0.36,1105,0
84.3,1510,28.1,0.31,1132,0
84.3,1502,28.7,0.36,1236,0
84.2,1607,26.9,0.36,1272,0
85.5,1384,33.2,0.45,1392,0
86.8,1295,32.1,0.45,1424,1
82.7,1991,24.5,0.35,1394,0
87.3,1497,29.0,0.41,1510,0
85.4,1465,30.5,0.38,1612,0
86.9,1361,30.8,0.37,1647,1
84.3,1546,28.2,0.36,1738,0
88.0,1332,32.4,0.47,1823,1
85.8,2663,20.7,0.33,1721,1
87.9,1443,30.2,0.47,1827,0
86.2,1402,32.6,0.49,1836,0
86.1,1892,25.5,0.35,1817,0
85.2,1645,28.4,0.42,1986,0
87.0,1473,33.2,0.47,2056,0
89.0,1309,30.4,0.46,1943,1
87.5,1544,28.0,0.41,2035,0
87.4,1344,31.2,0.53,2116,1
85.4,1617,29.1,0.44,2069,0
87.8,1435,29.6,0.45,2240,0
87.9,1391,31.2,0.47,2205,0
83.4,1827,26.4,0.44,2345,0
87.3,1761,25.9,0.39,2389,0
87.3,1522,29.6,0.48,2435,0
88.2,1818,24.9,0.45,2474,0
87.4,1371,32.9,0.51,2615,1
84.3,1511,29.0,0.5,2516,0
89.2,1404,32.0,0.53,2556,0
88.9,1384,30.6,0.52,2705,0
87.5,1368,32.6,0.55,2677,0
87.3,1641,29.2,0.5,2813,0
91.9,1642,28.3,0.49,2804,0
89.6,1401,32.8,0.55,2948,0
90.1,1577,30.2,0.48,2876,0
88.6,1396,30.4,0.53,2800,0
86.4,1514,28.5,0.52,2982,0
89.3,1646,28.9,0.53,3038,0
89.5,1443,30.2,0.58,3122,0
89.6,1469,31.8,0.6,3168,0
89.5,1564,30.0,0.52,3125,0
89.7,1498,28.8,0.55,3176,0
88.6,1699,27.7,0.51,3334,0
88.3,1431,32.3,0.6,3191,0
90.1,1390,32.6,0.6,3423,0
87.4,1380,31.5,0.62,3420,0
87.3,1457,30.2,0.61,3557,0
90.4,1418,30.4,0.64,3365,0
90.7,1353,32.6,0.64,3560,0
88.7,1574,29.1,0.53,3739,0
88.4,1318,31.9,0.63,3702,0
88.1,1710,28.3,0.6,3780,0
89.4,1621,30.4,0.54,3764,0
87.5,1606,28.2,0.53,3640,0
89.6,1375,33.6,0.66,3822,0
90.0,1503,29.0,0.65,3930,0
91.4,1404,31.8,0.71,3847,0
88.0,1656,28.3,0.59,3958,0
89.6,1499,29.7,0.67,3772,0
85.5,1748,28.3,0.6,4031,0
89.0,1531,29.4,0.57,4076,0
87.2,1536,29.9,0.65,4258,0
89.3,1401,35.0,0.68,4151,1
87.7,1534,29.7,0.67,4214,0
90.1,1521,28.1,0.65,4318,1
84.4,1674,25.7,0.22,453,0
85.6,1967,24.2,0.19,593,0
85.4,1696,26.6,0.27,430,0
85.5,1627,25.6,0.19,715,0
85.8,1405,30.8,0.3,677,0
84.6,1565,29.0,0.32,818,0
85.6,1493,28.7,0.27,529,0
85.8,1499,30.9,0.37,590,0
85.3,1692,26.8,0.34,797,0
84.2,2268,23.4,0.22,896,0
87.7,1438,34.3,0.37,847,0
86.9,1515,29.4,0.37,974,0
84.5,1491,27.6,0.33,1041,0
86.6,1756,26.8,0.26,1051,0
85.7,1366,31.6,0.37,1042,1
87.3,1436,30.4,0.32,1077,0
86.9,1377,29.5,0.4,1056,1
83.9,1510,28.2,0.38,1136,0
86.9,1419,31.3,0.37,1112,0
86.7,1315,34.2,0.43,1184,1
84.2,1806,25.7,0.28,1324,0
86.9,1649,26.7,0.31,1335,0
86.1,1402,32.0,0.47,1401,0
86.9,1298,34.6,0.46,1585,1
86.5,1441,30.4,0.45,1615,0
87.6,1489,32.4,0.44,1621,0
85.1,1842,25.9,0.41,1680,0
88.3,1316,31.8,0.36,1761,1
86.5,1583,26.8,0.39,1858,0
83.3,1548,28.2,0.47,1850,0
86.3,1434,30.6,0.48,1792,0
87.0,1397,33.3,0.52,1905,0
87.7,1475,30.0,0.45,1979,0
84.9,1441,31.8,0.47,1981,0
91.1,1363,30.7,0.44,2141,1
87.9,1619,28.8,0.39,2182,0
87.4,1487,27.5,0.47,2230,0
88.6,1568,28.3,0.46,2128,0
91.1,1375,31.0,0.48,2256,0
88.4,1698,27.3,0.46,2278,0
88.9,1606,28.8,0.47,2357,0
88.8,1349,31.4,0.55,2378,0
88.0,1535,29.2,0.51,2402,0
88.3,1504,31.3,0.47,2428,0
85.9,1946,24.8,0.43,2581,0
87.8,1326,33.0,0.47,2459,0
85.4,1915,25.3,0.44,2549,0
88.3,1451,31.2,0.53,2703,0
85.9,1624,28.3,0.43,2587,0
88.0,1781,27.9,0.45,2645,0
89.6,1345,34.2,0.56,2800,0
89.1,1418,31.8,0.54,2663,0
87.1,1718,27.0,0.46,2865,0
91.6,1631,27.3,0.43,2809,0
90.3,1513,30.5,0.52,2934,0
88.4,1316,34.4,0.53,2839,0
88.9,1474,30.3,0.52,3067,0
87.7,1619,28.2,0.49,2928,0
87.0,1702,27.5,0.5,3119,0
87.0,1540,30.0,0.51,3003,0
89.0,1546,28.5,0.47,3295,0
88.7,1348,32.4,0.58,3198,0
90.0,1520,28.6,0.58,3395,0
90.8,1527,30.6,0.62,3263,0
91.6,1406,32.5,0.69,3346,0
88.7,1462,32.2,0.67,3532,0
89.5,1684,27.9,0.49,3356,0
89.4,1655,27.8,0.53,3468,0
88.0,1748,27.7,0.54,3652,0
88.9,1372,31.4,0.62,3620,0
91.1,1481,27.8,0.58,3779,0
89.5,1512,31.1,0.7,3786,0
90.2,1632,29.1,0.56,3687,0
88.6,1525,30.7,0.6,3921,0
86.9,1756,25.7,0.63,3778,0
87.5,1922,26.9,0.54,3995,0
89.8,1448,30.1,0.66,3979,0
88.9,1447,31.4,0.7,3985,0
89.2,1597,29.4,0.64,4022,0
87.1,1642,29.3,0.63,4190,0
88.5,1525,29.5,0.68,4148,0
91.4,1460,33.7,0.68,4403,0
88.9,2168,24.7,0.56,4495,0
89.5,1388,30.6,0.7,4562,0
87.9,1630,29.1,0.56,4489,0
87.8,1616,27.8,0.7,4487,0
84.9,2232,22.8,0.24,476,0
88.2,1480,29.8,0.33,506,0
88.8,1363,32.5,0.27,644,0
86.7,1436,30.3,0.27,695,0
85.4,1607,27.8,0.28,848,0
88.1,1459,31.6,0.37,804,0
86.3,1481,28.9,0.25,743,0
86.0,1606,26.4,0.34,859,0
87.8,1681,24.8,0.29,1069,0
87.5,1511,30.6,0.32,856,0
86.8,1593,27.5,0.34,1075,0
85.6,1532,30.0,0.36,1038,0
87.8,1386,29.9,0.35,1052,0
87.6,1769,26.8,0.35,1243,0
86.3,1561,30.0,0.27,1425,0
88.6,1457,29.0,0.36,1381,0
88.5,1506,28.1,0.38,1368,0
90.8,1337,35.7,0.45,1321,1
88.6,1287,30.7,0.35,1453,0
87.5,1615,28.0,0.4,1389,0
87.8,1972,25.8,0.29,1525,0
88.1,1522,29.5,0.4,1598,0
86.3,1680,26.7,0.38,1503,0
86.7,1502,28.6,0.4,1838,0
87.4,1543,28.1,0.44,1664,0
85.7,1584,26.7,0.4,1801,0
87.9,1340,30.3,0.45,1894,0
88.6,1663,29.7,0.4,1992,0
83.9,1693,25.8,0.42,1860,0
89.3,1418,30.3,0.5,1776,0
88.6,1554,30.1,0.43,2098,0
86.7,1580,29.2,0.46,2001,0
88.6,1479,29.6,0.52,2165,0
90.0,1284,36.7,0.6,2206,1
89.3,1540,29.1,0.44,1947,0
88.7,1606,26.5,0.47,2114,0
88.1,1286,34.6,0.55,2260,0
89.4,1502,29.1,0.51,2125,0
88.2,1699,27.6,0.47,2261,0
88.5,1602,27.6,0.47,2431,0
88.0,1436,29.0,0.5,2449,0
90.4,1765,26.6,0.46,2570,0
90.7,1418,31.9,0.52,2635,0
87.8,1669,27.8,0.46,2500,0
88.5,1395,32.6,0.54,2585,0
88.9,1500,30.7,0.58,2784,0
89.4,1555,28.1,0.51,2899,0
88.4,1919,26.6,0.43,2753,0
90.7,1596,29.0,0.5,2904,0
91.2,1374,33.5,0.61,2984,0
89.3,1670,26.0,0.45,2991,0
88.9,1702,27.7,0.44,2988,0
87.7,1366,31.3,0.5,2992,0
87.3,2344,24.1,0.39,3256,0
89.6,1768,25.8,0.44,3158,0
89.5,1523,31.1,0.53,3235,0
89.1,1735,26.9,0.56,3265,0
90.7,1339,35.7,0.64,3210,0
87.5,1800,26.2,0.49,3314,0
90.3,1456,32.9,0.55,3320,0
89.2,1789,26.4,0.51,3372,0
88.6,1602,28.7,0.49,3460,0
90.1,1364,32.1,0.6,3397,0
87.8,1793,27.4,0.62,3427,0
91.8,1426,35.4,0.66,3600,0
89.8,1485,31.2,0.6,3552,0
91.6,1528,30.3,0.62,3621,0
91.3,1565,29.6,0.57,3529,0
89.2,1838,27.2,0.53,3796,0
87.7,1811,27.8,0.62,3797,0
87.5,1461,29.7,0.56,3901,0
88.5,1414,31.6,0.61,3910,0
88.9,1426,31.4,0.66,3794,0
92.9,1359,33.5,0.65,3969,1
90.7,1540,31.8,0.67,3937,0
91.2,1429,31.3,0.65,3945,0
87.4,1612,30.0,0.65,4097,0
88.6,1685,27.6,0.63,4243,0
91.5,1558,29.7,0.63,4283,0
90.5,1811,25.7,0.66,4267,0
90.4,1869,29.5,0.57,4251,0
93.3,1256,33.6,0.79,4271,1
92.2,1789,26.7,0.65,4252,0
87.8,1502,29.5,0.36,478,0
89.3,1303,32.7,0.34,608,0
87.1,2497,22.9,0.2,735,1
91.6,1499,27.7,0.38,559,0
86.8,1393,31.1,0.31,500,0
89.3,1475,29.5,0.28,653,0
87.7,1573,27.5,0.29,821,0
87.9,1819,25.0,0.24,950,0
86.1,1642,25.9,0.31,925,0
87.5,1540,27.9,0.3,976,0
89.1,1400,30.4,0.33,841,0
90.1,2659,23.1,0.3,897,1
88.2,1825,24.6,0.33,910,0
87.5,1532,29.0,0.35,1016,0
86.7,1832,24.9,0.31,1196,0
86.1,2174,23.6,0.29,1288,0
85.7,1627,27.0,0.32,1239,0
88.7,1437,32.3,0.39,1227,0
89.6,1364,29.8,0.4,1197,0
87.9,1444,31.2,0.4,1309,0
90.2,1366,31.6,0.41,1388,0
89.8,1442,30.5,0.37,1308,0
87.8,1488,28.6,0.37,1534,0
88.5,1523,28.8,0.36,1515,0
90.4,1543,28.4,0.37,1654,0
89.1,1634,28.9,0.43,1620,0
88.2,1815,27.0,0.4,1698,0
88.4,1594,28.9,0.35,1671,0
89.3,1452,29.5,0.43,1753,0
88.0,1759,27.2,0.37,1868,0
87.3,1408,30.4,0.42,1841,0
92.1,1483,30.2,0.38,1799,0
89.3,1620,27.7,0.46,1932,0
90.1,1466,29.0,0.38,2007,0
89.4,1556,29.0,0.43,2139,0
89.9,1350,34.4,0.47,2157,0
90.0,1404,32.0,0.5,2096,0
87.3,1575,27.2,0.42,2093,0
91.9,1639,27.2,0.42,2171,0
88.5,1473,29.1,0.46,2183,0
88.9,1481,29.5,0.48,2319,0
90.8,1294,33.5,0.51,2398,0
91.1,1630,26.8,0.43,2449,0
90.2,1624,29.9,0.45,2370,0
89.1,1437,30.7,0.44,2416,0
91.6,1514,29.4,0.46,2476,0
90.5,1694,28.0,0.49,2409,0
91.5,1564,33.6,0.52,2520,0
91.1,1514,29.1,0.48,2649,0
93.4,1500,30.8,0.45,2736,0
93.0,1615,29.2,0.43,2798,0
89.8,1586,28.9,0.49,2732,0
92.1,1732,26.2,0.52,2809,0
90.9,1689,28.0,0.47,2862,0
90.9,1586,28.2,0.53,2942,0
89.2,1314,30.5,0.54,3116,0
90.3,1569,27.6,0.55,2992,0
89.8,1468,29.1,0.53,3040,0
92.3,1412,31.8,0.53,3144,0
92.6,1510,31.6,0.57,3094,0
88.6,1410,30.1,0.64,3105,0
90.5,1680,27.7,0.6,3191,0
94.1,1271,37.6,0.69,3344,1
90.9,1472,31.7,0.59,3503,0
90.9,1701,27.8,0.56,3594,0
91.1,1480,30.9,0.61,3757,0
91.7,1433,31.4,0.63,3674,0
89.8,1514,28.7,0.6,3720,0
88.8,1619,29.1,0.6,3717,0
89.6,1378,30.6,0.62,3757,0
92.3,1430,33.1,0.62,4028,0
91.3,1367,31.0,0.64,3936,0
90.7,1526,32.5,0.67,3978,0
90.5,1419,31.5,0.66,3895,0
90.3,1542,32.3,0.66,4055,0
93.4,1363,35.7,0.71,4110,1
91.3,1313,34.1,0.65,4182,0
86.8,1495,29.6,0.3,550,0
89.4,1407,29.2,0.26,579,0
87.9,1566,28.4,0.25,611,0
88.1,1550,26.9,0.33,654,0
91.5,1396,31.6,0.32,704,0
89.1,1540,28.1,0.28,850,0
89.9,1380,30.3,0.41,888,0
86.8,1608,25.3,0.33,916,0
88.4,1442,29.3,0.32,1071,0
89.7,1408,30.8,0.37,786,0
87.2,1454,31.6,0.35,997,0
88.9,1666,27.8,0.3,1086,0
89.8,1366,29.7,0.39,1069,0
89.6,1464,28.6,0.35,1084,0
89.9,1775,26.1,0.32,1056,0
90.5,1482,28.3,0.41,1204,0
92.5,1411,32.1,0.44,1354,0
89.2,1410,31.4,0.38,1398,0
89.8,1494,28.6,0.39,1311,0
89.8,1590,29.8,0.34,1443,0
88.9,1327,32.4,0.45,1622,0
89.3,1969,22.6,0.34,1428,0
92.9,1377,32.8,0.46,1572,0
89.5,1541,28.7,0.41,1661,0
89.1,1685,26.9,0.45,1675,0
89.6,1465,28.9,0.38,1795,0
89.1,1483,29.1,0.47,1643,0
87.6,1570,28.7,0.38,1736,0
89.5,1345,30.7,0.47,1924,0
88.2,1608,30.3,0.45,1769,0
93.0,1415,32.4,0.47,2023,0
90.9,1470,30.9,0.43,2048,0
90.3,1428,30.2,0.45,2125,0
91.3,1627,27.5,0.43,2081,0
89.8,1457,32.2,0.56,2248,0
89.7,1475,30.0,0.43,2149,0
91.6,1438,30.8,0.47,2245,0
92.6,1437,32.3,0.5,2317,0
91.5,1518,28.9,0.47,2296,0
90.9,1587,28.8,0.45,2438,0
91.1,1399,29.2,0.54,2383,0
91.8,1469,31.1,0.39,2531,0
92.1,1374,35.0,0.52,2685,0
89.2,1519,28.7,0.41,2480,0
90.7,1540,30.5,0.46,2615,0
90.1,1394,32.8,0.63,2523,0
91.4,1389,30.8,0.55,2621,0
89.8,1732,27.9,0.5,2797,0
94.4,1556,29.3,0.5,2760,0
91.7,1441,30.4,0.56,2889,0
90.3,1382,30.9,0.47,2912,0
92.3,1481,30.2,0.58,2914,0
91.2,2113,24.3,0.43,2890,0
95.1,1401,32.8,0.56,3081,0
90.5,1611,27.5,0.53,3086,0
89.5,1512,27.8,0.53,2975,0
93.2,1411,33.0,0.57,3073,0
90.4,1424,30.0,0.51,2964,0
91.4,1469,30.1,0.56,3130,0
90.7,1684,28.1,0.56,3250,0
91.7,1532,30.9,0.55,3279,0
92.4,1557,29.4,0.62,3350,0
91.5,1416,31.8,0.57,3582,0
90.6,1802,27.1,0.53,3606,0
90.3,2245,24.6,0.56,3504,0
92.0,1434,30.6,0.58,3676,0
90.8,1725,26.2,0.6,3745,0
91.8,1668,28.9,0.67,3751,0
92.8,1452,30.2,0.63,3761,0
92.6,1415,32.1,0.62,3861,0
91.0,1824,27.0,0.53,3870,0
90.0,1438,31.9,0.69,3747,0
90.7,1883,28.1,0.61,3864,0
91.8,1735,27.3,0.64,3871,0
92.9,1464,30.2,0.61,4043,0
91.6,1489,30.7,0.67,3940,0
91.6,1510,31.2,0.63,3979,0
91.4,1585,29.1,0.58,4175,0
93.2,1509,28.5,0.67,4167,1
90.9,1568,26.9,0.35,669,0
89.2,1525,29.2,0.26,467,0
90.7,1607,26.6,0.24,547,0
89.8,1670,26.1,0.29,714,0
89.7,1585,27.3,0.34,558,0
89.5,1569,28.3,0.26,801,0
91.0,1507,30.5,0.33,635,0
90.2,1452,28.6,0.3,816,0
91.8,1590,26.7,0.32,655,0
90.0,1409,32.3,0.33,842,0
88.7,2643,21.3,0.29,764,0
88.4,1644,27.3,0.3,1063,0
88.4,1568,27.3,0.29,859,0
89.2,1625,28.1,0.33,914,0
89.9,1482,28.8,0.27,1112,0
93.6,1397,31.7,0.35,1057,0
90.0,1459,30.4,0.4,1250,0
88.7,1490,30.1,0.3,1172,0
90.3,1434,30.6,0.29,1202,0
85.6,2028,23.6,0.22,1298,0
89.9,1464,27.4,0.44,1256,0
88.9,1713,26.8,0.33,1421,0
90.4,1624,27.6,0.34,1513,0
91.4,1421,29.2,0.43,1540,0
89.8,1546,28.5,0.38,1583,0
89.5,1639,27.0,0.39,1467,0
88.6,1696,27.2,0.37,1619,0
88.6,1470,27.6,0.39,1727,0
90.3,1480,28.7,0.42,1897,0
89.7,1329,34.0,0.49,1787,0
89.1,1740,25.6,0.38,1703,0
88.7,1739,26.5,0.37,1843,0
91.8,1390,32.9,0.44,1923,0
91.6,1740,26.0,0.3,1857,0
87.9,1844,26.4,0.41,2143,0
88.4,1388,32.8,0.44,1993,0
90.1,1517,29.8,0.49,2243,0
90.1,1450,31.1,0.47,2209,0
90.4,1584,28.9,0.47,2470,0
88.7,1720,25.3,0.47,2363,0
89.3,1586,27.3,0.41,2383,0
89.1,1901,24.7,0.44,2499,0
91.2,1397,29.9,0.5,2429,0
86.3,2012,25.0,0.42,2591,0
87.9,2354,24.7,0.37,2542,0
90.1,1648,29.2,0.51,2569,0
88.7,1632,27.7,0.5,2645,0
93.0,1427,31.3,0.53,2601,0
90.2,1452,30.7,0.49,2726,0
90.8,1416,29.4,0.51,2804,0
92.4,1310,35.2,0.59,2628,0
89.6,1408,30.3,0.55,2935,0
87.8,1668,28.4,0.45,3002,0
89.5,1551,28.7,0.5,2842,0
91.2,1517,29.3,0.51,2865,0
89.4,1570,28.9,0.53,3182,0
89.7,1428,34.4,0.55,3265,0
91.0,1503,31.0,0.55,3289,0
90.7,1416,35.1,0.61,3161,0
89.5,1396,32.3,0.55,3457,0
90.6,1335,31.6,0.6,3303,0
89.9,1671,28.4,0.52,3418,0
91.6,1989,26.3,0.54,3473,0
91.0,1468,31.4,0.56,3616,0
90.3,1711,27.6,0.54,3534,0
89.4,1488,30.8,0.57,3646,0
88.1,1664,29.9,0.54,3660,0
90.0,1507,29.8,0.61,3606,0
90.1,1466,31.6,0.63,3569,0
89.1,1433,33.1,0.64,3793,0
89.8,1397,32.3,0.62,3713,0
90.6,1429,31.8,0.57,3890,0
90.4,1572,30.0,0.67,3927,0
91.0,1532,32.3,0.66,3961,0
91.3,1316,32.4,0.7,3920,0
90.4,1420,31.9,0.6,4140,0
90.0,1589,30.0,0.61,4149,0
90.9,1365,35.8,0.71,4052,1
92.8,1633,29.0,0.54,4347,0
90.6,1626,29.5,0.66,4201,0
87.6,1665,25.5,0.32,393,0
88.1,1350,29.2,0.39,475,0
91.8,1590,26.9,0.24,468,0
88.4,1437,31.7,0.34,733,0
88.4,1403,30.9,0.38,764,0
89.2,1440,28.8,0.3,773,0
90.7,1343,33.3,0.35,793,0
89.1,1790,25.5,0.21,902,0
89.7,2117,23.7,0.32,872,0
89.6,1458,29.0,0.34,978,0
88.2,1381,32.7,0.35,915,0
88.4,1450,29.7,0.37,1004,0
89.4,1461,31.8,0.38,1087,0
91.0,1511,29.2,0.36,840,0
87.7,1394,31.9,0.36,1091,0
90.4,1499,29.5,0.43,1189,0
89.3,1457,29.4,0.36,1205,0
89.2,1753,28.4,0.4,1211,0
88.0,1694,26.4,0.36,1330,0
87.4,1683,27.0,0.35,1262,0
90.5,1496,31.1,0.39,1256,0
89.7,1721,28.2,0.4,1484,0
89.6,1593,27.4,0.36,1508,0
88.9,1575,27.7,0.34,1413,0
88.4,1465,29.5,0.35,1491,0
87.3,1405,27.6,0.4,1599,0
88.9,1902,24.6,0.3,1571,0
89.4,1422,28.5,0.4,1663,0
88.6,1332,32.4,0.48,1712,0
89.2,1307,32.7,0.46,1684,0
89.9,1322,34.1,0.44,1804,0
87.5,1547,29.5,0.47,1721,0
87.6,1897,24.9,0.39,1866,0
88.7,1403,31.8,0.5,1864,0
89.6,1393,32.7,0.37,1894,0
88.4,1482,29.8,0.44,1859,0
87.5,1572,29.5,0.48,2005,0
91.5,1544,27.4,0.5,2051,0
91.4,1492,30.2,0.4,2016,0
87.8,1513,29.2,0.48,2009,0
89.6,1449,31.3,0.53,2040,0
88.5,1877,24.5,0.32,2187,0
91.4,1376,32.8,0.52,2268,0
87.4,1883,27.0,0.44,2427,0
90.4,1518,29.5,0.45,2328,0
89.0,1438,31.3,0.46,2255,0
88.8,1389,33.6,0.55,2422,0
90.7,1504,29.9,0.47,2574,0
92.6,1275,35.1,0.56,2455,0
92.9,1534,29.5,0.52,2635,0
88.3,1396,29.3,0.56,2595,0
91.3,1395,31.3,0.53,2686,0
88.9,1617,27.9,0.48,2819,0
91.2,1423,27.6,0.49,2559,0
87.9,1606,27.2,0.45,2813,0
88.5,1501,28.9,0.57,2769,0
88.3,1618,27.6,0.48,2736,0
89.9,1522,29.0,0.55,2858,0
89.2,1480,30.3,0.52,3036,0
90.9,1469,29.0,0.5,3044,0
92.7,1381,33.3,0.59,2830,0
91.6,1525,30.9,0.54,3017,0
92.1,1732,26.5,0.46,3190,0
91.1,1523,28.7,0.62,3166,0
89.3,1422,30.5,0.54,3202,0
92.9,1506,33.0,0.62,3114,0
90.2,1531,31.2,0.6,3268,0
92.0,1507,29.2,0.5,3255,0
93.2,1526,29.7,0.54,3285,0
92.6,1406,33.6,0.61,3352,0
89.2,1567,28.6,0.53,3414,0
91.1,1464,31.7,0.69,3481,0
93.8,1442,30.4,0.61,3527,0
91.5,1336,32.1,0.66,3712,0
91.9,1379,32.1,0.66,3593,0
92.5,1406,32.3,0.65,3869,0
90.6,2130,23.3,0.53,3752,0
92.0,1355,32.6,0.7,3879,0
90.3,1710,25.2,0.54,3917,0
91.8,1309,34.9,0.75,3861,0
92.1,1491,30.1,0.57,3942,0
92.4,1481,31.1,0.68,3964,0
91.5,1425,33.0,0.61,4069,0
92.2,1680,27.1,0.58,4065,0
90.9,1612,28.6,0.62,4104,0
90.6,1530,30.0,0.62,4262,0
91.0,1481,28.7,0.66,4316,0
91.1,1422,32.1,0.64,4472,1
88.1,1427,29.1,0.26,505,0
90.1,1460,30.6,0.34,536,0
86.1,1873,25.8,0.26,659,0
87.9,1566,25.9,0.26,584,0
86.6,1701,25.9,0.34,575,0
86.9,1710,24.1,0.23,724,0
85.8,1689,28.2,0.29,870,0
87.1,1637,26.8,0.28,937,0
87.3,1496,28.1,0.35,723,0
88.9,1402,30.3,0.35,962,0
88.5,1363,30.5,0.34,788,0
87.1,1576,31.3,0.29,1035,0
90.2,1357,34.5,0.42,1083,0
88.8,1399,31.1,0.36,967,0
87.9,1526,26.3,0.33,1238,0
87.3,1694,25.4,0.29,1351,0
88.0,1420,30.7,0.35,1242,0
87.0,2116,22.3,0.36,1312,0
89.4,1406,29.4,0.31,1472,0
87.2,1456,30.9,0.35,1317,0
87.6,1588,26.6,0.42,1355,0
88.5,1448,29.4,0.42,1411,0
89.0,1403,31.7,0.39,1517,0
90.3,1405,30.6,0.48,1606,0
85.4,2706,20.4,0.33,1612,1
87.1,1505,27.9,0.41,1685,0
86.8,1663,26.5,0.4,1720,0
87.6,1482,30.5,0.45,1759,0
87.2,1674,27.2,0.42,1790,0
89.1,1594,27.4,0.49,1844,0
88.0,1393,32.4,0.45,1798,0
90.4,1404,32.4,0.48,1976,0
87.3,1375,31.3,0.41,1927,0
88.3,1607,30.2,0.44,2196,0
89.3,1360,31.5,0.56,2127,0
91.1,1524,29.9,0.49,2198,0
88.3,1534,28.2,0.42,2213,0
87.7,1262,35.7,0.54,2259,0
86.0,1623,26.9,0.4,2415,0
88.6,1642,26.7,0.41,2242,0
89.7,1622,28.1,0.47,2273,0
89.6,1530,27.5,0.44,2466,0
89.3,1590,28.3,0.43,2470,0
90.2,1589,28.0,0.49,2592,0
88.1,1462,29.6,0.48,2656,0
90.4,1328,31.6,0.47,2546,0
86.4,1692,26.5,0.39,2772,0
86.5,1968,24.9,0.43,2730,0
86.0,1827,25.5,0.4,2854,0
89.3,1397,30.7,0.48,2838,0
89.4,1463,29.5,0.59,3001,0
89.0,1643,27.7,0.5,3024,0
90.4,1281,33.4,0.59,2973,0
87.9,1518,30.6,0.54,2988,0
88.8,1601,27.7,0.49,3192,0
87.3,1548,28.7,0.55,3132,0
91.1,1404,31.5,0.55,3285,0
88.0,1766,26.1,0.49,3249,0
88.0,1667,27.5,0.51,3450,0
91.1,1507,28.6,0.52,3323,0
87.4,1627,28.4,0.55,3606,0
88.1,1435,33.2,0.61,3591,0
88.1,1509,31.9,0.6,3645,0
88.0,1809,26.8,0.55,3621,0
89.6,1515,29.1,0.61,3813,0
89.7,1530,29.4,0.6,3852,0
93.3,1336,35.3,0.72,3800,0
85.4,2030,26.4,0.57,3744,0
90.0,1550,30.2,0.65,3862,0
88.9,1446,29.9,0.6,3897,0
88.4,1494,30.1,0.6,4058,0
88.0,1651,27.9,0.61,4020,0
88.1,1698,27.6,0.64,4057,0
91.4,1504,29.6,0.62,4083,0
91.0,1421,32.6,0.69,4282,0
88.6,1754,28.2,0.56,4221,0
91.0,1469,29.8,0.69,4322,0
88.1,1433,33.6,0.7,4292,0
88.5,1432,32.8,0.65,4375,0
87.5,1366,33.4,0.69,4353,0
89.2,1483,31.8,0.79,4494,0
89.3,1572,29.9,0.67,4464,0
89.6,1481,31.4,0.78,4650,0
90.1,1473,31.1,0.65,4568,0
90.0,1262,37.9,0.85,4738,1
90.8,1529,29.5,0.59,4868,0
90.4,1523,32.1,0.7,4751,0
90.9,1416,31.4,0.74,4891,0
86.9,1923,26.4,0.68,4900,0
91.4,1411,33.5,0.74,4761,1
89.2,1477,32.5,0.79,4973,1
90.5,1454,35.0,0.77,5040,1
87.7,1421,29.4,0.3,548,0
85.8,1858,26.5,0.24,550,0
86.4,1422,30.2,0.27,584,0
87.5,1444,30.9,0.39,660,0
85.6,1360,30.3,0.33,706,0
87.4,1954,25.0,0.32,633,0
86.3,1628,26.8,0.34,748,0
88.6,1433,30.4,0.29,686,0
87.4,1417,31.3,0.4,798,0
86.9,1462,29.1,0.35,844,0
87.9,1328,33.0,0.34,875,0
88.2,1527,28.0,0.34,878,0
85.8,1534,26.8,0.29,1073,0
88.6,1410,32.2,0.44,1062,0
86.0,1660,25.9,0.36,1107,0
85.3,1386,29.9,0.37,1063,0
86.7,1398,29.0,0.41,1188,0
86.5,1321,31.7,0.34,1339,0
86.8,1512,28.1,0.32,1375,0
85.5,1566,27.9,0.35,1348,0
88.8,1422,31.1,0.48,1348,0
86.6,1647,26.4,0.31,1470,0
87.2,1377,30.4,0.33,1407,0
87.1,1775,25.6,0.29,1472,0
88.6,1554,29.8,0.43,1472,0
88.3,1423,31.8,0.4,1640,0
87.2,1453,30.6,0.41,1665,0
85.2,1590,28.7,0.42,1636,0
86.4,1694,25.9,0.36,1812,0
87.4,1462,30.4,0.43,1742,0
88.3,1392,30.0,0.45,1774,0
87.9,1550,30.5,0.41,1801,0
88.3,1629,26.0,0.38,1715,0
87.5,1524,29.2,0.44,1780,0
87.5,1679,27.0,0.43,1901,0
90.2,1394,32.2,0.42,1955,0
88.1,1683,27.5,0.29,2059,0
87.6,1626,28.4,0.44,1994,0
86.9,1698,27.2,0.45,2089,0
88.0,1392,29.7,0.47,2179,0
88.6,1353,33.4,0.51,2236,0
88.7,1426,31.4,0.46,2262,0
88.6,2024,24.3,0.42,2202,0
88.5,1648,28.0,0.48,2169,0
87.9,1511,29.3,0.48,2328,0
91.7,1465,28.9,0.59,2396,0
89.6,1551,30.7,0.43,2380,0
86.1,2329,24.6,0.41,2505,0
88.9,1435,31.5,0.45,2633,0
89.9,1361,32.0,0.56,2692,0
91.0,1553,28.5,0.42,2707,0
87.8,1451,30.8,0.46,2802,0
90.0,1461,30.4,0.49,2685,0
89.7,1895,27.2,0.47,2758,0
87.9,1567,28.1,0.47,2897,0
88.2,1602,28.2,0.48,2863,0
88.1,1514,29.7,0.53,2921,0
89.3,1453,32.4,0.55,3139,0
88.5,1526,27.7,0.58,3033,0
90.1,1339,33.3,0.61,3220,0
88.8,1889,26.4,0.47,2987,0
87.6,1561,29.2,0.62,3118,0
86.1,1659,28.5,0.55,3236,0
89.5,1424,33.4,0.55,3264,0
89.3,1426,31.8,0.59,3128,0
90.0,1383,32.2,0.63,3327,0
87.8,1764,27.2,0.51,3579,0
88.9,1439,30.0,0.54,3437,0
90.1,1585,29.5,0.57,3519,0
90.7,1346,34.3,0.65,3472,0
89.6,1386,35.2,0.71,3579,0
88.8,1369,34.0,0.66,3594,0
88.7,1378,31.1,0.59,3720,0
91.1,1336,31.7,0.64,3771,0
88.4,1445,30.7,0.66,3752,0
87.7,1763,27.8,0.5,3778,0
87.9,1611,30.2,0.55,3674,0
89.5,1564,27.1,0.59,3707,0
90.8,1478,29.2,0.61,3904,0
88.3,1781,27.5,0.58,4056,0
88.1,1782,26.2,0.57,4128,0
87.7,2000,25.8,0.56,3986,0
84.8,1826,27.4,0.6,3990,0
90.5,1344,32.8,0.73,4239,0
89.5,1520,30.0,0.64,4134,0
89.5,1611,32.8,0.75,4109,0
89.1,1450,33.6,0.78,4249,1
88.2,1499,29.5,0.7,4283,0
87.3,1288,34.2,0.38,606,1
88.7,1350,33.0,0.42,605,0
87.1,1334,30.9,0.31,530,0
90.4,1376,31.0,0.31,754,0
88.0,1368,29.9,0.31,688,0
86.6,1357,32.7,0.31,798,0
86.1,1924,26.4,0.28,909,0
86.5,1551,28.9,0.34,835,0
83.6,1903,25.2,0.29,955,0
89.4,1417,30.6,0.36,930,0
87.0,1601,27.6,0.34,1126,0
87.0,1543,29.1,0.41,1094,0
87.5,1439,33.0,0.41,1199,0
84.0,1657,27.4,0.36,1280,0
87.0,1458,30.6,0.4,1291,0
87.1,1746,25.9,0.27,1275,0
85.1,1677,26.9,0.27,1312,0
83.7,1520,28.7,0.46,1117,0
87.6,1367,32.8,0.4,1332,0
86.6,1509,28.8,0.35,1500,0
87.7,1418,32.5,0.43,1538,0
86.5,1958,25.8,0.35,1437,0
87.3,1682,26.6,0.39,1545,0
88.1,1452,30.4,0.49,1552,0
87.1,1828,25.6,0.41,1676,0
85.0,1484,31.0,0.37,1833,0
86.9,1674,26.9,0.43,1802,0
87.9,1448,31.9,0.43,1727,0
83.5,2023,24.9,0.35,1810,0
85.3,1452,31.1,0.4,1982,0
86.3,1496,30.4,0.37,1792,0
86.3,1397,30.1,0.45,1909,0
87.6,1453,27.2,0.39,2051,0
85.7,1524,27.2,0.46,2133,0
85.2,1633,26.9,0.41,2132,0
86.7,1363,31.6,0.48,2070,0
88.5,1520,30.4,0.52,2215,0
86.8,1532,28.7,0.39,2241,0
87.1,1384,31.3,0.47,2289,0
86.6,1539,30.0,0.47,2289,0
88.9,1355,32.9,0.51,2354,0
85.5,1504,29.7,0.51,2331,0
88.8,1476,31.6,0.54,2655,0
86.0,1721,25.3,0.45,2505,0
86.3,1494,28.6,0.49,2572,0
89.9,1465,32.0,0.52,2564,0
86.5,1363,33.8,0.48,2684,1
85.9,1648,26.1,0.46,2566,0
84.5,1879,25.7,0.46,2566,0
87.9,1482,29.8,0.53,2756,0
89.1,1493,28.8,0.48,3012,0
89.3,1433,28.4,0.48,2980,0
88.5,1400,30.2,0.52,2854,0
88.1,1255,33.6,0.67,2996,0
86.9,1471,30.5,0.52,2939,0
85.0,1357,30.6,0.6,3060,0
89.6,1453,30.1,0.61,3155,0
87.0,1540,27.3,0.51,3224,0
86.5,1605,28.1,0.51,3078,0
90.0,1374,32.7,0.62,3138,0
86.7,1508,29.2,0.58,3322,0
88.7,1366,32.0,0.56,3299,0
87.6,1579,26.8,0.54,3382,0
89.9,1306,34.5,0.68,3581,0
88.1,1521,31.0,0.63,3522,0
86.8,1411,30.3,0.6,3829,0
88.5,1357,31.3,0.61,3641,0
89.8,1436,32.0,0.65,3751,0
88.1,1553,27.7,0.61,3850,0
89.5,1451,30.9,0.62,3741,0
86.8,1541,27.6,0.59,3956,0
88.1,1341,31.7,0.62,3978,0
86.5,1648,28.5,0.71,3976,0
88.2,1640,26.4,0.6,4061,0
88.5,1416,33.4,0.72,4127,0
88.6,1671,28.3,0.67,4243,0
90.3,1457,31.1,0.66,4364,0
87.5,1445,33.1,0.34,415,0
86.3,1534,26.7,0.3,450,0
84.5,1508,26.8,0.23,597,0
86.6,1492,28.5,0.26,458,0
85.2,1562,29.5,0.3,730,0
85.3,1545,28.0,0.28,722,0
85.1,1738,25.7,0.35,778,0
85.4,1305,31.0,0.33,760,0
83.7,1477,29.0,0.4,841,0
85.5,1457,29.5,0.32,947,0
86.7,1455,29.0,0.42,1014,0
85.0,1574,28.5,0.36,926,0
86.0,1695,25.3,0.33,1083,0
89.0,1458,28.5,0.32,1253,0
88.2,1454,30.8,0.4,1177,0
87.0,2052,24.0,0.37,1222,0
86.2,1673,25.3,0.33,1372,0
86.9,1578,25.5,0.32,1223,0
84.9,1642,27.2,0.33,1389,0
84.7,1557,26.7,0.42,1329,0
83.2,1481,30.1,0.42,1512,0
87.3,1566,27.6,0.43,1524,0
89.3,1298,31.9,0.45,1481,0
86.9,1340,32.9,0.45,1546,0
86.0,1574,27.4,0.4,1699,0
86.0,1437,30.1,0.46,1508,0
87.4,1354,32.0,0.42,1656,0
87.6,1598,28.2,0.45,1777,0
83.5,1944,26.3,0.37,1738,0
87.1,1538,28.7,0.31,1827,0
86.3,1501,26.6,0.45,1706,0
88.0,1441,32.9,0.41,1837,0
86.9,1652,25.9,0.44,1995,0
86.8,1487,28.7,0.46,1934,0
87.0,1605,27.3,0.43,1925,0
87.9,1334,34.5,0.51,2150,0
89.8,1340,34.7,0.54,2142,0
87.9,1513,28.3,0.42,2049,0
87.9,1510,29.6,0.49,2183,0
85.1,1729,25.8,0.45,2123,0
86.3,1745,26.7,0.49,2231,0
88.5,1623,27.5,0.39,2311,0
88.9,1378,31.0,0.52,2285,0
89.1,1407,29.2,0.44,2463,0
89.5,1674,27.1,0.41,2511,0
89.5,1486,31.1,0.51,2513,0
88.1,1483,29.6,0.49,2561,0
86.6,1624,26.4,0.5,2465,0
86.8,1257,37.5,0.59,2779,1
88.1,1480,29.7,0.51,2716,0
89.5,1404,35.4,0.59,2684,1
88.4,1645,29.3,0.44,2806,0
87.1,1932,25.2,0.43,2907,0
87.9,1533,30.1,0.56,2924,0
86.9,1292,32.6,0.55,2832,0
87.1,1571,29.9,0.58,3033,0
88.8,1578,29.0,0.55,3003,0
90.1,1469,29.0,0.47,3084,0
87.0,1728,28.2,0.51,3033,0
88.0,1603,27.9,0.54,3216,0
89.3,1597,30.4,0.57,3236,0
86.7,1688,26.6,0.53,3352,0
89.6,1405,33.0,0.56,3170,0
87.2,1615,29.3,0.59,3216,0
89.4,1515,28.9,0.56,3362,0
89.5,1376,31.1,0.58,3534,0
89.4,1447,31.8,0.62,3610,0
88.7,1353,34.0,0.61,3417,0
89.7,1502,32.4,0.57,3546,0
91.0,1447,33.1,0.59,3589,0
87.4,1487,31.3,0.59,3670,0
88.0,1519,29.1,0.56,3737,0
88.1,1668,26.7,0.59,3612,0
90.2,1420,33.1,0.64,3742,0
87.7,1473,30.0,0.65,3612,0
84.9,1495,29.6,0.57,3873,0
90.1,1574,31.4,0.55,3817,0
90.0,1383,33.3,0.67,3783,0
85.7,1591,27.9,0.66,3942,0
87.1,1644,29.0,0.64,3939,0
88.4,2370,24.1,0.67,4123,0
90.4,1401,29.7,0.67,4039,0
90.2,1414,33.4,0.7,4324,0
88.8,1456,32.0,0.59,4268,0
89.2,1447,32.0,0.69,4338,0
87.3,1727,27.8,0.61,4206,0
89.2,1495,30.1,0.63,4467,0
83.4,1544,27.0,0.27,403,0
84.1,1387,30.2,0.31,519,0
86.3,1316,29.1,0.31,676,0
83.7,1794,24.8,0.35,665,0
87.0,1372,32.1,0.33,561,0
83.3,1674,25.6,0.29,804,0
84.6,1477,29.7,0.3,794,0
84.2,1397,31.1,0.38,769,0
84.5,1616,27.4,0.31,715,0
83.2,1530,29.3,0.32,908,0
83.8,1539,28.1,0.24,914,0
81.8,1845,25.2,0.3,993,0
85.7,1430,30.0,0.34,889,0
84.3,2080,22.2,0.29,1018,0
83.0,1432,31.0,0.31,1125,0
86.6,1479,29.9,0.41,1290,0
88.4,1424,29.7,0.41,1177,0
85.3,1534,28.4,0.41,1345,0
83.8,1701,25.0,0.38,1381,0
89.5,1462,29.7,0.43,1426,0
84.4,1393,29.0,0.34,1362,0
86.0,1453,29.2,0.47,1418,0
86.2,1565,28.2,0.35,1599,0
88.5,1281,31.0,0.42,1543,0
86.1,1584,27.6,0.42,1571,0
85.9,1466,31.2,0.46,1659,0
85.3,1386,31.0,0.46,1714,0
85.7,1383,30.6,0.41,1853,0
85.5,1441,33.0,0.43,1776,0
85.8,1592,30.6,0.52,1969,0
85.1,1594,29.4,0.42,1994,0
84.3,1482,30.8,0.45,1914,0
87.0,1658,26.8,0.39,2107,0
84.4,2170,24.5,0.39,1905,0
85.1,1423,30.7,0.47,2083,0
85.9,1543,26.9,0.43,2245,0
87.0,1435,31.2,0.49,2242,0
85.6,1320,32.2,0.59,2137,0
88.3,1313,32.9,0.49,2225,0
85.6,1453,30.4,0.48,2159,0
89.2,1508,30.6,0.47,2314,0
87.6,1451,29.8,0.5,2503,0
86.3,1595,28.2,0.44,2448,0
86.9,1354,31.1,0.5,2595,0
88.3,1265,35.2,0.5,2618,0
87.1,1867,25.5,0.46,2655,0
87.3,1497,30.3,0.53,2770,0
87.9,1347,33.4,0.63,2707,0
87.1,1544,29.7,0.54,2850,0
86.5,1456,31.1,0.52,2614,0
87.5,1335,32.0,0.51,2990,0
85.1,1452,31.6,0.49,2834,0
90.5,1290,35.9,0.58,2886,1
87.8,1448,30.1,0.62,2952,0
86.0,1611,28.6,0.54,3130,0
89.3,1556,28.5,0.51,3008,0
87.6,1413,32.7,0.53,3062,0
85.4,1545,29.4,0.51,3127,0
89.1,1330,33.5,0.58,3260,0
88.1,1596,29.0,0.61,3334,0
87.7,1618,29.8,0.55,3447,0
87.0,1597,28.4,0.49,3538,0
89.4,1354,33.6,0.71,3487,0
87.1,1746,26.6,0.49,3500,0
88.3,1621,27.9,0.53,3409,0
86.1,1398,31.5,0.65,3694,0
88.2,1434,33.6,0.65,3594,0
90.0,1443,31.5,0.59,3590,0
86.9,1488,30.4,0.57,3697,0
87.6,1475,31.7,0.59,3651,0
87.9,1433,32.8,0.61,3568,0
86.0,1557,28.2,0.59,3836,0
86.1,1398,33.8,0.66,3951,0
87.3,1559,27.1,0.59,3942,0
88.8,1422,31.2,0.65,3950,0
87.7,1463,29.0,0.57,4005,0
86.7,1793,24.7,0.59,4071,0
86.4,1872,24.8,0.62,4104,0
89.4,1412,32.0,0.65,4124,0
88.1,1487,31.3,0.65,4166,0
88.5,1369,35.6,0.72,4324,1
87.3,1673,29.5,0.66,4273,0
89.0,1439,30.1,0.61,4279,0
90.1,1574,31.5,0.73,4377,0
84.8,1281,30.6,0.33,553,0
84.7,1653,24.3,0.27,611,0
85.4,1535,27.0,0.34,528,0
84.0,1483,28.7,0.26,604,0
85.7,1414,30.7,0.35,631,0
83.4,1379,29.5,0.34,793,0
82.8,1482,28.5,0.29,842,0
84.1,1987,24.8,0.29,772,0
83.9,1635,27.9,0.32,940,0
85.1,1533,29.3,0.33,1072,0
85.0,1576,28.1,0.36,979,0
85.9,1330,33.5,0.38,1077,0
84.6,1981,25.4,0.31,1199,0
84.5,1475,29.6,0.36,1070,0
86.6,1804,25.8,0.3,1277,0
84.7,1416,32.5,0.43,1456,0
84.3,1727,26.0,0.33,1342,0
84.3,1391,30.4,0.35,1491,0
86.8,1366,31.8,0.35,1463,0
85.4,1366,33.4,0.46,1460,0
84.3,1501,28.9,0.35,1542,0
85.7,1551,28.8,0.39,1543,0
84.7,1522,28.6,0.39,1549,0
86.0,1369,31.2,0.42,1654,0
84.3,1334,33.1,0.52,1715,0
83.1,1451,28.7,0.42,1732,0
84.9,1589,29.9,0.44,1813,0
84.2,1708,27.3,0.41,1888,0
85.8,1413,29.8,0.43,1948,0
85.3,1415,30.1,0.45,1867,0
85.9,1421,30.6,0.51,1992,0
84.0,1348,31.7,0.52,1890,0
87.5,1408,29.0,0.53,2070,0
85.1,1525,30.0,0.47,2131,0
85.6,1706,26.4,0.38,2200,0
84.5,1395,31.4,0.46,2202,0
85.0,1602,29.2,0.4,2323,0
82.3,1907,24.2,0.44,2319,0
86.1,1325,33.0,0.48,2296,0
84.9,1408,30.4,0.37,2296,0
85.2,1489,29.1,0.58,2400,0
85.3,1680,27.6,0.43,2413,0
84.1,1517,29.8,0.47,2500,0
84.1,1618,28.8,0.55,2506,0
85.7,1455,29.2,0.45,2632,0
87.5,1543,28.1,0.53,2638,0
85.2,1399,30.7,0.49,2759,0
85.9,1469,28.8,0.45,2812,0
85.3,1521,27.8,0.57,2798,0
88.1,1584,29.9,0.55,2838,0
84.5,1443,29.6,0.57,2924,0
87.1,1416,31.0,0.57,3115,0
83.5,1563,29.5,0.54,2893,0
83.0,1542,28.9,0.49,3029,0
85.9,1624,26.1,0.52,2983,0
86.5,1471,31.4,0.52,3131,0
86.3,1492,29.9,0.5,3114,0
86.3,1465,29.8,0.57,3212,0
90.4,1399,33.3,0.66,3287,0
85.4,1431,30.8,0.56,3271,0
85.8,1600,29.2,0.56,3203,0
84.0,1593,30.0,0.51,3495,0
86.0,1469,30.0,0.59,3484,0
85.1,1413,31.5,0.62,3442,0
84.5,1490,30.2,0.61,3417,0
87.1,1671,27.4,0.57,3531,0
87.3,1365,30.9,0.59,3588,0
85.6,1557,30.8,0.56,3656,0
83.1,1440,30.7,0.65,3717,0
85.1,1489,29.5,0.63,3768,0
88.2,1733,27.6,0.55,3598,0
85.4,1580,29.5,0.58,3748,0
86.1,1856,24.7,0.6,3941,0
88.0,1454,31.8,0.61,3823,0
86.3,1495,29.1,0.64,4030,0
84.3,1761,27.5,0.58,4113,0
83.6,1402,32.4,0.62,4099,0
86.5,1670,29.3,0.68,4110,0
84.9,1582,31.0,0.63,4057,0
86.1,1542,28.0,0.6,4151,0
84.5,1539,30.4,0.58,4056,0
86.0,1418,31.5,0.61,4137,0
85.8,1723,27.5,0.59,4178,0
87.4,1303,33.3,0.77,4276,0
85.6,1463,33.7,0.68,4275,0
87.7,1544,29.3,0.72,4381,0
85.5,1596,31.4,0.65,4465,0
84.7,1413,29.9,0.63,4374,0
86.6,1492,30.0,0.66,4478,0
83.7,1624,28.5,0.24,467,0
83.7,1504,29.8,0.26,551,0
84.9,1574,26.9,0.25,626,0
83.8,1438,29.1,0.23,698,0
84.7,1474,32.2,0.39,731,0
82.2,1675,26.5,0.3,747,0
85.3,1457,28.7,0.3,635,0
85.1,1434,30.6,0.35,698,0
83.0,1668,27.4,0.26,754,0
81.5,1550,28.6,0.22,884,0
84.7,1834,26.8,0.41,788,0
82.5,1476,28.5,0.33,972,0
83.3,1541,27.4,0.3,1019,0
83.9,1581,26.7,0.24,897,0
82.0,1678,25.9,0.26,1018,0
83.2,1355,30.8,0.45,1242,0
81.1,1700,29.8,0.39,1249,0
84.8,1462,29.0,0.38,1161,0
82.9,1727,26.4,0.28,1182,0
87.8,1674,26.8,0.41,1122,0
83.7,1397,30.7,0.4,1471,0
82.2,2323,24.2,0.34,1393,0
84.3,1434,32.2,0.42,1576,0
84.3,1560,29.4,0.31,1463,0
83.1,1573,26.2,0.32,1536,0
83.5,1798,24.0,0.32,1621,0
82.7,1567,27.1,0.41,1769,0
83.2,1416,31.5,0.39,1714,0
82.2,1424,30.6,0.42,1710,0
81.1,1598,27.7,0.39,1765,0
82.5,1760,27.1,0.41,1768,0
84.3,1348,31.8,0.47,1857,0
83.3,1542,27.7,0.37,1927,0
85.3,1566,29.2,0.47,2069,0
86.4,1554,32.3,0.41,1960,0
84.1,1470,29.1,0.48,2115,0
81.7,1758,24.3,0.38,2059,0
83.7,1486,28.4,0.44,2218,0
84.2,1402,28.9,0.46,2226,0
84.4,1459,30.8,0.48,2274,0
84.2,1494,30.7,0.51,2339,0
83.4,1731,26.7,0.44,2363,0
83.2,2076,24.9,0.43,2417,0
82.8,2055,23.1,0.42,2538,0
85.9,1469,32.1,0.45,2533,0
85.4,1504,29.8,0.5,2476,0
84.2,1396,30.5,0.47,2457,0
86.3,1660,28.9,0.43,2575,0
83.8,1577,28.6,0.48,2445,0
84.1,1426,32.2,0.55,2718,0
85.8,1458,29.9,0.52,2603,0
84.4,1533,30.6,0.57,2813,0
84.7,1701,27.7,0.52,2917,0
83.1,1434,31.4,0.56,2678,0
86.0,1952,25.3,0.48,2826,0
86.0,1469,28.5,0.51,2780,0
82.8,1800,27.4,0.51,2763,0
83.9,1438,30.1,0.56,2928,0
86.8,1647,27.4,0.49,3041,0
84.8,1494,31.9,0.63,3086,0
84.6,1445,30.1,0.52,3074,0
82.8,1507,30.5,0.6,3017,0
86.0,1234,35.0,0.55,3213,0
84.7,1634,29.1,0.57,3138,0
87.2,1334,33.1,0.67,3178,0
84.4,1472,31.6,0.51,3248,0
84.5,1410,32.0,0.62,3448,0
85.8,1597,29.0,0.6,3461,0
87.0,1460,31.2,0.61,3478,0
84.3,1274,35.6,0.65,3437,0
86.3,1517,29.5,0.59,3510,0
86.1,1300,33.5,0.61,3485,0
85.3,1686,26.5,0.65,3740,0
85.1,1485,30.9,0.59,3895,0
82.5,1464,31.7,0.65,3817,0
84.4,1598,30.1,0.57,3867,0
84.8,1894,26.6,0.46,3831,0
84.8,1330,33.7,0.65,3750,0
83.7,1582,27.6,0.53,3865,0
83.9,1533,30.5,0.66,3985,0
81.5,1419,31.8,0.64,4026,0
86.2,1526,30.6,0.61,4097,0
84.7,1364,36.3,0.71,4203,1
82.4,1458,28.5,0.3,432,0
83.3,1288,33.8,0.33,727,0
82.6,1659,25.4,0.31,497,0
82.7,1479,31.0,0.35,731,0
81.3,1592,27.8,0.28,728,0
80.4,1532,28.7,0.35,822,0
82.7,1555,27.8,0.33,879,0
80.2,1341,31.6,0.36,886,0
82.3,1541,28.7,0.28,818,0
81.3,1414,30.7,0.36,918,0
82.4,1764,25.5,0.31,994,0
83.2,1336,32.3,0.44,1024,0
83.0,1435,30.6,0.32,970,0
81.8,1537,28.6,0.42,1190,0
80.3,1369,31.8,0.4,941,0
80.1,1619,26.4,0.27,1156,0
83.2,1440,30.7,0.36,1156,0
81.3,1649,26.7,0.39,1279,0
83.1,1550,28.5,0.41,1382,0
82.8,1471,29.7,0.39,1241,0
81.8,1483,30.7,0.41,1578,0
82.5,1336,32.3,0.37,1441,0
82.7,1515,27.9,0.43,1491,0
80.5,1373,31.3,0.37,1381,0
85.6,1454,32.2,0.46,1528,0
83.2,1646,28.7,0.44,1698,0
84.0,1548,27.5,0.4,1673,0
81.2,1462,29.7,0.45,1721,0
83.9,1702,27.0,0.47,1759,0
87.1,1409,33.1,0.49,1688,0
82.6,1427,31.8,0.45,1723,0
85.1,1438,32.1,0.45,1981,1
83.9,1450,29.7,0.41,1994,0
81.9,1541,30.8,0.41,2041,0
84.0,1484,29.3,0.45,1928,0
85.3,1415,30.0,0.45,2035,0
83.7,1496,31.8,0.48,2199,0
85.8,1465,30.9,0.41,2038,0
80.8,2113,23.6,0.38,2280,0
82.6,1506,31.8,0.51,2178,0
83.7,1689,27.1,0.38,2210,0
83.9,1650,27.0,0.43,2312,0
83.0,1563,27.3,0.38,2260,0
85.4,1486,30.2,0.42,2234,0
84.3,1732,26.6,0.47,2445,0
84.9,1653,28.1,0.44,2517,0
84.3,1535,28.5,0.55,2607,0
85.2,1637,29.6,0.5,2594,0
83.8,1533,30.0,0.51,2738,0
87.6,1378,31.7,0.49,2725,0
82.9,1606,27.0,0.46,2711,0
86.3,1539,28.3,0.45,2725,0
83.8,1728,25.2,0.42,2822,0
82.5,1656,29.0,0.52,2582,0
85.7,1631,27.2,0.52,2809,0
85.5,1447,32.3,0.57,2788,0
86.4,1396,31.7,0.53,3079,0
87.1,1390,33.7,0.6,3002,0
86.2,1348,33.2,0.52,3338,0
83.9,1491,29.8,0.59,3091,0
85.9,1520,31.0,0.49,3194,0
84.5,1509,27.5,0.49,3189,0
86.2,1445,31.8,0.59,3218,0
83.1,1354,35.0,0.61,3193,0
85.3,1488,29.9,0.56,3226,0
83.3,1654,27.4,0.48,3189,0
87.3,1378,33.4,0.66,3496,0
85.1,1750,28.0,0.49,3508,0
85.4,1448,30.3,0.55,3732,0
85.9,1501,32.3,0.61,3513,0
83.4,1654,26.8,0.52,3820,0
87.5,1347,31.4,0.68,3881,0
87.6,1486,30.6,0.55,3910,0
86.2,1466,31.2,0.7,3863,0
88.2,1346,32.6,0.71,3906,0
84.8,1314,31.7,0.69,4124,0
85.2,1440,32.7,0.76,3994,0
85.6,1608,29.4,0.64,4115,0
87.3,1296,34.9,0.67,4125,0
85.4,1507,31.8,0.67,4146,0
86.9,1343,32.3,0.68,4275,0
85.9,1416,31.2,0.63,4366,0
84.6,1288,32.6,0.7,4267,0
86.1,1407,30.9,0.67,4414,0
85.9,1608,30.2,0.64,4253,0
83.8,1920,26.9,0.6,4382,0
86.4,1386,33.5,0.73,4465,0
82.7,1571,29.2,0.7,4584,0
84.9,1613,30.5,0.61,4678,0
82.6,1671,29.0,0.65,4669,1
80.2,1431,29.9,0.29,545,0
81.1,1380,30.2,0.27,576,0
80.1,1683,25.8,0.28,675,0
80.6,1529,27.3,0.3,706,0
80.9,1761,25.7,0.3,673,0
83.2,1570,29.6,0.31,721,0
80.6,2156,23.1,0.23,833,0
81.6,1349,32.7,0.44,983,0
84.2,1431,28.2,0.36,988,0
80.6,1931,24.6,0.31,837,0
83.1,1428,30.7,0.38,872,0
83.6,1564,28.5,0.34,1009,0
84.0,1425,28.7,0.41,1095,0
84.1,1597,26.2,0.33,1180,0
83.5,1618,28.2,0.34,1311,0
82.3,1520,28.5,0.39,1404,0
86.2,1425,29.2,0.45,1354,0
83.9,1398,27.9,0.43,1371,0
83.1,1557,27.6,0.38,1466,0
85.0,1519,30.7,0.42,1563,0
83.6,1619,27.8,0.4,1558,0
83.0,1814,26.7,0.38,1515,0
86.9,1521,29.6,0.45,1536,0
84.3,1369,31.5,0.42,1532,0
85.2,1356,34.4,0.53,1689,1
85.2,1336,31.5,0.46,1759,0
86.1,1403,31.4,0.46,1804,0
82.8,1413,29.8,0.48,1873,0
82.2,1472,32.3,0.47,1952,0
83.7,1452,32.2,0.48,1760,0
82.6,1397,32.9,0.45,1955,0
83.2,1455,28.5,0.49,1994,0
83.8,1754,25.9,0.43,1988,0
83.1,1471,29.8,0.44,1963,0
82.8,1389,30.8,0.51,2181,0
83.8,1702,28.0,0.52,2071,0
86.6,1401,33.2,0.45,1997,0
83.3,1426,30.9,0.45,2227,0
85.6,1496,28.5,0.56,2242,0
85.6,1433,30.0,0.49,2445,0
86.5,1438,31.2,0.5,2371,0
86.8,1418,32.5,0.5,2361,0
87.3,1580,28.0,0.52,2423,0
84.3,1468,29.8,0.59,2475,0
84.9,1522,30.0,0.47,2723,0
85.2,1311,33.8,0.54,2653,0
86.0,1316,32.8,0.54,2522,0
85.8,1853,24.8,0.48,2650,0
83.4,1556,30.0,0.56,2757,0
83.7,1567,27.2,0.56,2724,0
86.9,1546,30.3,0.54,2723,0
87.1,1382,32.3,0.66,2967,0
83.6,2003,24.0,0.44,2890,0
85.4,1748,27.1,0.47,3090,0
85.2,1518,30.2,0.6,3026,0
86.8,1475,29.9,0.56,3077,0
84.3,1634,27.4,0.46,2957,0
85.7,1689,28.9,0.51,3284,0
88.1,1636,28.7,0.55,3245,0
84.7,2235,23.6,0.45,3239,0
85.5,1615,28.7,0.51,3239,0
86.0,1618,28.7,0.52,3474,0
86.5,1407,34.5,0.58,3350,0
89.0,1450,29.3,0.62,3459,0
85.1,1889,27.2,0.45,3569,0
85.0,1568,29.9,0.59,3675,0
83.9,1804,27.6,0.56,3578,0
86.9,1582,29.2,0.58,3572,0
85.2,2047,23.6,0.56,3657,0
84.6,1601,29.3,0.53,3792,0
85.8,1615,27.6,0.55,3845,0
83.8,1452,30.0,0.61,3681,0
85.0,1695,27.0,0.61,3853,0
85.2,1790,27.6,0.58,3782,0
87.5,1533,30.3,0.71,4021,0
84.2,1813,28.3,0.56,4038,0
84.1,1492,30.2,0.57,3966,0
84.5,1479,30.9,0.72,4198,0
85.0,1339,34.9,0.66,4137,1
87.3,1371,31.2,0.69,4164,0
87.1,1468,29.5,0.6,4185,0
86.0,1517,30.2,0.58,4235,0
87.4,1352,32.4,0.67,4240,0
86.3,1389,33.8,0.74,4247,0
82.0,1505,26.9,0.23,598,0
81.8,1538,28.7,0.31,514,0
82.3,1482,27.9,0.32,547,0
80.6,1599,27.1,0.23,614,0
83.2,1476,27.0,0.3,792,0
82.5,1509,26.5,0.37,804,0
83.2,1708,26.2,0.31,717,0
84.0,1412,33.3,0.35,883,0
81.9,1658,25.4,0.31,829,0
83.1,1375,34.0,0.34,788,0
83.7,1402,31.2,0.39,853,0
84.3,1452,29.7,0.4,1055,0
81.6,1483,28.9,0.35,1165,0
83.3,1477,30.4,0.35,1077,0
82.3,1924,23.7,0.26,1095,0
81.6,1609,26.6,0.27,1184,0
81.3,1886,24.2,0.3,1222,0
82.6,1616,27.1,0.34,1287,0
82.1,1442,30.7,0.43,1314,0
84.3,1407,29.8,0.43,1401,0
82.6,1461,30.2,0.39,1452,0
85.5,1522,32.2,0.45,1484,0
87.4,1432,31.0,0.38,1532,0
83.7,1438,31.8,0.46,1646,0
83.9,1678,25.8,0.33,1602,0
83.0,1514,28.8,0.45,1661,0
85.1,1534,29.3,0.41,1713,0
82.4,1486,30.1,0.34,1886,0
83.3,1925,25.9,0.39,1777,0
82.2,1724,26.8,0.42,1899,0
83.4,1549,29.4,0.4,1845,0
83.5,1457,32.3,0.44,1986,0
85.5,1453,30.9,0.44,2038,0
83.8,1578,29.9,0.38,2116,0
86.8,1325,33.8,0.41,2034,0
84.4,1471,28.5,0.5,2029,0
85.0,1472,30.1,0.42,2091,0
84.9,1457,27.8,0.52,2285,0
84.7,1402,33.5,0.56,2410,0
84.8,1477,28.9,0.53,2345,0
85.7,1727,27.8,0.41,2213,0
82.4,1995,24.9,0.35,2432,0
86.7,1370,33.5,0.47,2328,0
88.0,1228,36.6,0.55,2411,0
83.8,1499,30.2,0.38,2489,0
83.6,1508,32.3,0.49,2538,0
85.3,1473,30.7,0.5,2568,0
84.2,1640,28.1,0.44,2551,0
87.7,1429,29.4,0.47,2773,0
85.4,1470,28.2,0.5,2681,0
83.9,1581,28.1,0.51,2859,0
82.8,1740,27.2,0.44,2686,0
86.0,1390,29.4,0.53,2847,0
82.8,1988,24.9,0.46,2821,0
84.7,1452,30.9,0.54,2906,0
85.3,1586,28.1,0.49,2985,0
83.6,1589,27.6,0.47,3183,0
85.1,1486,31.2,0.63,3201,0
84.4,1755,26.4,0.53,3202,0
85.6,1575,28.5,0.57,3171,0
86.3,1615,30.5,0.54,3236,0
85.6,1436,30.2,0.56,3376,0
85.9,1470,31.6,0.59,3384,0
84.1,2089,26.5,0.43,3383,0
84.1,1564,28.9,0.52,3554,0
86.6,1420,30.9,0.57,3536,0
87.5,1711,27.5,0.53,3543,0
84.8,1555,30.0,0.54,3523,0
84.8,1592,28.8,0.59,3551,0
86.5,1236,36.6,0.69,3621,1
85.4,1765,27.5,0.6,3720,0
85.8,1634,27.6,0.67,3804,0
86.0,1508,30.1,0.56,3657,0
84.6,1774,28.4,0.58,3653,0
85.4,1677,27.9,0.58,3768,0
85.2,1399,34.0,0.69,3847,1
85.5,1570,28.7,0.56,4011,0
87.1,1479,31.3,0.61,3928,0
83.7,1558,27.9,0.62,4007,0
84.0,1358,32.9,0.63,4055,0
86.7,1656,27.9,0.61,3975,0
84.4,1523,27.3,0.62,4263,0
86.8,1403,30.6,0.66,4129,0
86.0,1362,32.7,0.66,4396,0
84.3,1778,28.9,0.62,4314,0
85.5,1448,29.7,0.63,4350,0
84.1,1559,29.8,0.68,4324,0
85.7,1416,31.6,0.74,4518,0
84.9,1577,29.7,0.69,4718,1
80.2,1633,25.0,0.27,533,0
82.5,1573,26.8,0.3,557,0
82.8,1517,28.7,0.25,518,0
82.8,1515,26.7,0.36,654,0
81.8,1527,31.2,0.27,655,0
86.8,1282,35.5,0.41,673,1
84.6,1396,29.6,0.35,753,0
84.7,1492,29.7,0.29,622,0
81.4,1975,24.3,0.31,794,0
80.7,1475,28.3,0.33,742,0
85.5,1495,27.4,0.39,876,0
83.4,1553,28.0,0.33,905,0
81.7,1918,24.1,0.29,946,0
84.6,1413,30.1,0.34,927,0
86.2,1437,32.6,0.32,1176,0
83.9,1450,30.2,0.35,1068,0
84.0,1910,25.2,0.29,1108,0
84.1,1749,26.1,0.33,1334,0
81.3,1916,23.5,0.26,1292,0
83.2,1428,29.1,0.38,1173,0
84.8,1578,28.3,0.39,1482,0
80.3,1571,30.4,0.4,1539,0
82.8,1729,26.0,0.28,1567,0
81.3,1701,26.6,0.39,1532,0
83.4,1493,29.9,0.4,1426,0
83.1,1554,26.9,0.36,1545,0
83.7,1497,30.0,0.31,1487,0
82.7,1679,27.8,0.43,1569,0
83.0,1510,30.5,0.42,1585,0
87.7,1296,32.0,0.39,1677,0
86.4,1404,31.8,0.43,1776,0
82.1,1519,28.0,0.42,1763,0
84.7,1696,25.8,0.43,1813,0
82.2,1669,27.7,0.38,1882,0
83.7,1447,29.1,0.43,2078,0
83.8,1418,32.1,0.43,2167,0
82.8,1407,28.7,0.47,2011,0
84.8,1434,31.5,0.43,2110,0
84.3,1360,31.6,0.44,2051,0
83.9,1402,33.6,0.49,2216,0
81.8,1552,29.7,0.39,2152,0
83.1,1392,29.5,0.54,2168,0
82.3,1521,30.7,0.54,2421,0
83.5,1724,25.4,0.41,2188,0
82.9,1455,30.1,0.43,2136,0
84.1,1366,31.3,0.52,2444,0
85.8,1407,30.9,0.48,2445,0
86.4,1470,31.8,0.57,2512,0
85.3,1359,32.0,0.5,2817,0
83.5,1792,26.5,0.48,2711,0
86.9,1552,29.7,0.51,2736,0
85.3,1612,28.6,0.46,2738,0
84.8,1424,31.0,0.53,2866,0
84.7,1341,35.7,0.62,2745,0
85.1,1479,29.4,0.53,2931,0
86.6,1413,31.8,0.57,3005,0
82.9,2165,25.1,0.43,3061,0
85.2,1641,27.3,0.56,3068,0
85.0,1495,29.6,0.59,3077,0
84.6,1576,28.5,0.5,3259,0
82.0,1467,29.2,0.54,3089,0
84.8,1479,29.3,0.62,3235,0
86.0,1596,27.4,0.5,3251,0
84.3,1512,29.3,0.58,3409,0
85.3,1414,30.7,0.54,3345,0
85.3,1390,35.0,0.71,3452,0
84.8,1644,28.2,0.55,3479,0
84.8,1394,32.4,0.64,3341,0
84.1,1324,33.0,0.6,3536,0
86.1,1476,30.9,0.55,3438,0
83.9,2204,22.7,0.5,3641,0
83.0,1665,27.7,0.57,3590,0
85.0,1445,31.3,0.59,3797,0
85.2,1457,33.1,0.66,3723,0
85.1,1492,31.1,0.63,3764,0
83.0,1405,35.6,0.61,3958,1
84.7,1542,30.1,0.63,3827,0
83.2,1520,29.8,0.58,4004,0
83.4,1598,27.7,0.6,4006,0
87.3,1538,29.7,0.68,3993,0
84.4,1615,28.9,0.67,3950,0
84.9,1408,31.3,0.64,4192,0
83.3,1379,34.3,0.73,4168,1
86.7,1493,29.1,0.62,4102,1
81.5,1376,28.5,0.3,520,0
81.5,1583,29.5,0.27,616,0
83.0,1396,30.2,0.25,598,0
84.7,1436,31.0,0.32,661,0
83.9,1417,31.0,0.34,760,0
81.9,1641,26.7,0.27,836,0
82.1,1698,25.6,0.32,739,0
81.3,1541,28.9,0.3,695,0
82.4,1383,31.0,0.31,734,0
82.6,1368,30.5,0.36,818,0
83.0,1570,28.4,0.26,834,0
83.2,1616,26.9,0.35,810,0
83.3,1444,28.7,0.33,1128,0
80.5,2021,23.7,0.32,1076,0
82.8,1702,26.4,0.37,1027,0
83.5,1429,30.8,0.41,1120,0
81.4,1711,25.2,0.29,1033,0
82.2,1543,27.5,0.29,1304,0
83.0,1628,26.7,0.29,1109,0
86.1,1233,34.5,0.48,1341,0
83.3,1461,28.8,0.37,1189,0
81.7,1568,29.8,0.35,1338,0
84.5,1432,33.3,0.41,1507,0
83.5,1527,28.2,0.43,1312,0
83.9,1455,28.9,0.42,1484,0
85.1,1418,31.0,0.43,1600,0
84.3,1719,27.1,0.39,1640,0
82.5,1734,27.0,0.38,1644,0
83.1,1426,29.6,0.44,1731,0
81.8,1611,27.5,0.41,1696,0
84.2,1479,29.0,0.42,1935,0
85.5,1317,32.0,0.48,1705,0
84.1,1248,35.6,0.5,1963,0
81.8,1932,24.4,0.34,1920,0
84.7,1547,27.5,0.44,1990,0
83.1,1614,27.2,0.42,2058,0
83.9,1512,31.3,0.48,2074,0
81.8,1529,27.9,0.44,2054,0
83.5,1782,27.0,0.44,2131,0
82.3,1429,29.1,0.46,2127,0
83.4,1309,33.7,0.56,2255,0
83.4,1428,29.1,0.46,2358,0
83.7,1385,32.2,0.49,2416,0
83.8,1517,29.2,0.5,2434,0
82.1,1576,29.6,0.46,2298,0
85.7,1437,31.5,0.61,2447,0
85.9,1457,31.8,0.54,2475,0
81.2,1532,28.7,0.49,2512,0
84.5,1603,27.8,0.51,2585,0
82.2,1563,27.8,0.47,2706,0
84.0,1617,27.2,0.53,2854,0
82.0,1686,28.8,0.5,2700,0
83.8,1382,31.1,0.6,2740,0
81.3,2090,24.7,0.43,2818,0
85.2,1446,29.4,0.49,2928,0
81.6,1533,27.8,0.5,3035,0
84.7,1440,31.7,0.55,2983,0
84.2,1793,26.5,0.55,2910,0
85.1,1517,32.3,0.65,2980,0
86.4,1544,29.3,0.55,3147,0
83.6,1321,31.9,0.58,3248,0
85.5,1416,31.7,0.58,3349,0
83.4,1514,31.2,0.59,3162,0
85.8,1304,33.7,0.69,3304,0
85.1,1286,34.9,0.73,3263,0
82.9,1483,30.1,0.62,3310,0
85.4,1351,31.8,0.65,3356,0
83.6,1367,32.8,0.66,3444,0
81.3,1721,29.0,0.56,3453,0
82.6,1455,30.9,0.56,3758,0
84.6,1425,32.2,0.63,3558,0
84.3,1672,27.6,0.57,3709,0
83.1,1641,30.2,0.52,3613,0
84.8,1580,30.3,0.59,3898,0
82.2,1495,32.1,0.6,3800,0
81.4,1994,24.3,0.58,3929,0
82.4,1415,28.7,0.57,3868,0
82.3,1725,28.7,0.61,4046,0
83.4,1430,29.0,0.62,4049,0
84.5,1395,32.5,0.73,4045,0
82.9,1435,31.0,0.59,4024,0
82.9,1681,27.7,0.62,4145,0
84.2,1451,31.8,0.63,4174,0
82.8,1397,31.8,0.66,4305,1
80.7,1421,31.2,0.32,481,0
80.4,1444,28.6,0.31,400,0
79.2,1827,25.3,0.27,658,0
81.0,1374,29.7,0.33,746,0
80.0,1650,26.8,0.26,598,0
81.1,1275,33.4,0.36,911,0
82.2,1421,30.0,0.33,914,0
78.8,1557,27.2,0.31,787,0
79.5,1506,28.1,0.31,784,0
84.3,1362,28.8,0.38,993,0
79.7,1542,29.2,0.36,835,0
78.5,1496,28.8,0.34,927,0
81.3,1491,27.6,0.33,911,0
77.5,1565,27.1,0.29,1070,0
80.2,1481,28.3,0.35,1222,0
83.7,1420,30.1,0.42,1170,0
80.0,1398,31.7,0.42,1275,0
78.9,1466,30.4,0.34,1201,0
80.2,1430,33.6,0.44,1290,0
81.8,1441,28.2,0.36,1220,0
83.2,1348,32.5,0.45,1346,0
79.3,1738,25.7,0.33,1347,0
81.2,1618,26.2,0.39,1430,0
82.4,1489,29.5,0.37,1478,0
83.7,1412,34.0,0.42,1524,0
78.8,2065,24.8,0.27,1771,0
77.6,1571,26.8,0.4,1798,0
80.3,1423,30.1,0.45,1805,0
79.1,1781,25.6,0.38,1889,0
81.0,1321,31.5,0.45,1948,0
80.5,1546,28.6,0.38,1868,0
81.0,1879,25.4,0.41,1895,0
81.6,1735,27.6,0.44,1977,0
80.5,1506,28.4,0.41,2031,0
81.9,1629,27.4,0.44,2000,0
80.9,1694,28.1,0.45,2196,0
81.1,1541,28.5,0.43,2082,0
82.6,1514,29.5,0.46,2254,0
81.9,1485,30.3,0.5,2199,0
85.2,1430,32.2,0.45,2308,0
79.0,1771,26.8,0.39,2365,0
81.3,1481,29.2,0.44,2357,0
81.7,1483,30.6,0.42,2290,0
82.3,1463,30.2,0.55,2415,0
83.8,1410,29.9,0.44,2635,0
81.4,1656,28.6,0.49,2590,0
80.3,1487,29.6,0.53,2715,0
83.8,1509,31.6,0.52,2724,0
82.7,1677,26.9,0.46,2796,0
80.8,1450,32.7,0.58,2929,0
82.2,1413,30.8,0.54,2883,0
79.8,1680,29.6,0.55,3022,0
80.7,1678,27.6,0.4,2992,0
81.3,1408,31.1,0.52,3264,0
83.6,1376,32.5,0.61,3024,0
82.5,1526,30.2,0.57,3139,0
80.0,1587,29.0,0.56,3178,0
84.4,1351,35.0,0.63,3149,0
80.2,1501,30.1,0.55,3351,0
82.5,1601,28.9,0.54,3312,0
81.1,1573,30.5,0.66,3191,0
81.5,1584,30.0,0.63,3490,0
82.4,1649,29.9,0.58,3437,0
84.4,1183,35.9,0.66,3515,0
82.7,2151,25.0,0.53,3631,0
83.0,1526,30.4,0.65,3583,0
82.7,1611,27.8,0.57,3618,0
82.1,1601,28.5,0.54,3899,0
83.6,1560,31.0,0.68,3565,0
84.3,1544,31.8,0.63,3670,0
83.5,1560,30.8,0.7,3721,0
81.6,1423,33.0,0.64,4005,0
83.7,1614,27.4,0.59,3846,0
83.9,1457,29.6,0.66,3952,0
83.1,1503,30.3,0.65,3948,0
82.2,1484,28.4,0.63,4070,0
85.2,1540,30.3,0.59,4110,0
84.8,1405,32.1,0.72,4166,0
83.7,1394,32.0,0.66,4338,1
79.0,1518,27.6,0.26,535,0
79.7,1527,29.7,0.28,477,0
83.2,1377,30.9,0.35,596,0
80.9,1537,28.7,0.23,800,0
80.5,1409,29.4,0.3,705,0
82.4,1393,33.2,0.39,726,0
79.1,1448,27.5,0.26,639,0
83.0,1418,29.7,0.35,843,0
81.3,1743,23.9,0.25,890,0
80.5,1394,29.4,0.33,899,0
79.9,1523,28.9,0.4,936,0
78.8,1353,34.4,0.32,1189,0
79.6,1447,29.8,0.39,1066,0
79.1,1570,27.9,0.31,1151,0
81.1,1494,27.2,0.32,1092,0
80.3,1621,27.6,0.29,1130,0
78.9,1769,26.1,0.35,1226,0
82.7,1282,33.8,0.42,1201,0
81.4,1581,26.4,0.32,1243,0
81.9,1656,27.8,0.35,1320,0
79.2,1648,24.6,0.34,1277,0
81.3,1639,28.0,0.27,1371,0
81.3,1348,32.7,0.4,1396,0
83.0,1537,28.0,0.4,1502,0
84.6,1270,33.6,0.38,1412,0
81.0,1662,26.3,0.33,1354,0
81.5,1471,29.5,0.38,1525,0
81.8,1337,30.4,0.38,1635,0
78.6,1877,25.6,0.36,1715,0
83.0,1519,31.1,0.38,1672,0
82.5,1378,31.5,0.42,1806,0
82.8,1696,27.8,0.38,1889,0
81.5,1376,31.8,0.48,1894,0
80.7,1807,25.0,0.43,1806,0
79.9,1598,27.4,0.39,1850,0
81.0,1565,29.6,0.51,1976,0
81.7,1387,32.6,0.46,2106,0
83.7,1395,30.0,0.49,2013,0
82.6,1302,34.7,0.59,2034,0
83.2,1397,34.2,0.5,1991,0
82.5,1313,32.2,0.44,2125,0
80.4,1505,29.2,0.45,2133,0
82.2,1483,30.7,0.45,2227,0
84.2,1358,35.0,0.52,2193,0
79.8,1735,25.8,0.51,2377,0
83.4,1416,30.9,0.46,2376,0
80.1,1740,27.5,0.47,2585,0
80.3,1692,25.4,0.41,2477,0
82.8,1507,30.0,0.49,2535,0
80.4,1521,28.7,0.51,2639,0
82.5,1379,34.5,0.56,2634,0
81.1,1523,29.7,0.49,2894,0
81.4,1571,28.7,0.46,2816,0
79.2,1547,33.2,0.57,2831,0
80.7,1347,32.4,0.64,2948,0
82.2,1560,27.4,0.46,2784,0
83.8,1384,33.8,0.64,3106,0
80.0,1841,26.2,0.53,3084,0
81.4,1663,28.2,0.56,3073,1
82.9,1418,31.3,0.57,3160,0
82.7,1775,25.6,0.55,3205,0
80.5,1406,32.2,0.54,3152,0
81.9,1480,30.9,0.54,3252,0
82.7,1412,31.5,0.61,3341,0
82.3,1913,25.3,0.51,3329,0
85.5,1629,28.6,0.56,3361,0
81.2,1939,25.3,0.41,3441,0
80.7,1541,29.1,0.55,3563,0
84.1,1330,34.5,0.59,3604,0
84.3,1490,31.3,0.61,3484,0
83.5,1383,32.4,0.6,3677,0
83.0,1468,33.9,0.62,3702,0
84.6,1444,30.8,0.73,3795,0
84.5,1363,33.0,0.7,3758,0
81.0,1617,28.9,0.63,3761,0
82.9,1694,27.7,0.67,3717,0
83.6,1815,27.8,0.6,3824,0
86.2,1312,36.8,0.69,4012,1
81.9,2041,25.9,0.51,3966,0
82.4,1671,28.2,0.62,4032,0
85.5,1416,31.3,0.58,4179,0
82.0,1600,30.3,0.63,4216,0
82.6,2595,23.8,0.46,4123,0
82.0,1465,30.4,0.67,4313,0
84.5,1681,28.0,0.64,4138,0
83.7,1457,31.5,0.67,4361,0
85.9,1454,31.9,0.72,4387,0
81.2,1558,26.7,0.35,592,0
79.1,1756,26.5,0.26,566,0
82.7,1564,27.9,0.41,605,0
84.3,1455,31.2,0.35,647,0
80.8,2280,21.9,0.28,911,0
80.6,1433,30.4,0.31,756,0
80.6,1513,28.2,0.38,850,0
81.2,1507,29.1,0.37,676,0
80.5,1480,30.0,0.39,807,0
83.2,1470,28.5,0.33,951,0
81.5,1540,28.4,0.28,869,0
79.8,1212,35.1,0.43,1078,0
82.4,1417,31.9,0.3,1065,0
80.9,1666,27.7,0.33,1075,0
80.8,1666,27.7,0.33,1153,0
81.6,1489,30.5,0.47,1369,0
82.2,1850,25.8,0.34,1309,0
82.9,1874,24.6,0.33,1263,0
84.9,1312,35.6,0.47,1434,1
82.0,1515,27.8,0.32,1473,0
82.8,1516,29.3,0.4,1412,0
82.9,1546,29.3,0.39,1555,0
82.2,1481,28.8,0.35,1594,0
83.4,1605,27.4,0.32,1618,0
83.2,1656,26.9,0.34,1584,0
85.9,1352,31.9,0.45,1633,0
85.6,1504,32.5,0.42,1681,0
82.8,1436,29.2,0.39,1799,0
84.4,1505,29.9,0.45,1858,0
82.5,1406,30.5,0.48,1953,0
84.1,1481,30.0,0.44,2008,0
83.5,1487,28.6,0.43,2204,0
83.5,1436,31.5,0.51,2074,0
85.7,1368,34.8,0.51,2132,1
80.6,1509,30.2,0.4,2044,0
81.9,1543,28.9,0.49,2404,0
83.3,1698,25.9,0.44,2156,0
84.5,1470,30.0,0.48,2240,0
83.2,1738,28.6,0.38,2405,0
82.4,1530,29.0,0.45,2423,0
82.7,1740,26.3,0.53,2588,0
83.9,1770,27.0,0.37,2550,0
84.9,1527,31.3,0.49,2521,0
84.6,1516,32.0,0.52,2700,0
85.4,1616,28.1,0.5,2745,0
83.9,1786,25.2,0.4,2635,0
84.4,1389,32.8,0.56,2800,0
83.4,1639,27.6,0.41,2741,0
83.1,1394,31.6,0.54,2804,0
83.6,1686,28.1,0.46,2913,0
85.1,1638,26.5,0.47,2906,0
85.2,1447,31.0,0.57,2955,0
85.9,1512,28.8,0.53,3122,0
83.4,1961,26.4,0.5,3010,0
86.0,1596,28.5,0.55,3083,0
83.3,1871,24.9,0.54,3258,0
85.3,1942,24.9,0.44,3251,0
84.4,1557,28.4,0.59,3372,0
85.2,1550,29.3,0.56,3357,0
85.3,1966,25.4,0.49,3257,0
84.1,1499,29.8,0.51,3404,0
84.7,1521,29.7,0.59,3495,0
86.6,1375,31.9,0.55,3507,0
84.0,1634,28.4,0.58,3504,0
83.7,1378,32.8,0.7,3555,0
88.4,1428,34.5,0.68,3586,0
83.3,1855,26.3,0.6,3560,0
84.6,1578,27.4,0.55,3602,0
86.3,1451,31.7,0.66,3786,0
83.6,1644,28.0,0.55,3739,0
83.6,1388,33.5,0.63,3890,0
84.8,1543,31.7,0.69,3832,0
82.4,1501,32.5,0.6,3810,0
84.1,1507,30.2,0.67,3918,0
84.6,1559,29.9,0.66,4154,0
84.2,1528,29.0,0.66,4014,0
82.9,1503,30.7,0.58,4109,0
87.1,1372,30.4,0.68,4124,0
84.6,1600,26.8,0.61,4034,0
87.2,1453,30.8,0.71,4316,0
84.2,1813,25.8,0.53,4215,0
84.5,1457,31.8,0.68,4184,0
82.6,1553,29.6,0.3,459,0
81.5,1763,24.1,0.18,537,0
80.1,2023,25.1,0.21,649,0
84.9,1457,31.1,0.25,570,0
81.3,1679,24.8,0.25,887,0
79.0,2103,23.5,0.28,638,0
84.3,1460,27.8,0.32,798,0
82.2,1454,29.1,0.32,644,0
82.3,1481,29.3,0.3,846,0
81.5,1424,31.2,0.4,921,0
85.0,1494,28.0,0.33,837,0
81.6,1424,30.7,0.35,1082,0
83.5,1347,30.4,0.4,1051,0
84.3,1374,29.9,0.32,1044,0
83.8,1403,30.3,0.38,1139,0
82.6,1573,29.8,0.36,1111,0
80.2,1691,26.2,0.31,1312,0
82.0,1538,29.0,0.4,1346,0
82.9,1556,29.2,0.39,1384,0
81.4,1593,28.1,0.36,1438,0
82.8,1474,27.8,0.38,1325,0
83.1,1543,29.4,0.39,1596,0
83.6,1587,27.3,0.4,1506,0
83.6,1222,35.8,0.49,1685,0
85.9,1513,29.5,0.45,1698,0
83.5,1660,27.9,0.4,1755,0
83.4,1545,28.3,0.34,1626,0
85.0,1380,30.7,0.37,1671,0
87.5,1321,35.7,0.52,1978,0
83.2,1309,35.3,0.49,1712,1
82.9,1627,26.2,0.41,1800,0
79.8,1791,25.0,0.43,1944,0
82.9,1861,25.2,0.38,1998,0
84.9,1493,33.0,0.48,2004,0
83.8,1442,29.3,0.41,2132,0
83.1,1532,30.0,0.46,2209,0
81.7,1421,29.3,0.49,2170,0
84.3,1613,28.8,0.44,2204,0
84.3,1876,24.9,0.37,2259,0
82.5,1593,29.3,0.55,2274,0
84.6,1397,31.7,0.5,2214,0
82.2,1414,31.9,0.48,2409,0
84.8,1378,33.3,0.56,2500,0
83.6,1301,33.1,0.52,2480,0
82.1,1737,26.6,0.41,2346,0
83.1,1396,31.2,0.53,2535,0
83.2,1534,28.8,0.46,2689,0
83.3,1774,27.8,0.52,2537,0
82.7,1453,30.9,0.55,2761,0
83.7,1453,30.0,0.52,2759,0
84.4,1380,32.1,0.55,2829,0
82.6,1334,30.6,0.57,2811,0
85.4,1702,27.4,0.49,2810,0
83.1,1431,29.4,0.6,3051,0
84.5,1308,33.7,0.65,3038,0
83.4,1565,32.1,0.57,3077,0
86.0,1486,30.5,0.5,3134,0
84.4,1479,29.6,0.52,3155,0
81.9,1927,25.4,0.51,3226,0
85.3,1488,30.5,0.52,3133,0
85.1,1350,33.6,0.66,3332,0
84.0,1561,29.8,0.51,3378,0
84.6,1276,34.6,0.59,3341,0
82.9,1580,29.2,0.53,3341,0
83.6,1610,26.3,0.57,3355,0
81.8,2203,26.1,0.47,3524,0
85.7,1639,28.9,0.49,3676,0
83.0,1553,30.8,0.65,3484,0
86.3,1374,32.3,0.61,3712,0
84.8,1430,31.5,0.6,3628,0
83.9,1626,29.0,0.54,3671,0
85.8,1421,30.0,0.69,3643,0
83.7,1501,30.1,0.59,3766,0
84.2,2093,25.6,0.54,3931,0
81.7,1504,32.9,0.63,3994,0
83.6,1538,30.1,0.57,3987,0
83.6,1440,31.3,0.61,3964,0
83.8,1414,33.1,0.63,3951,0
84.6,1536,30.4,0.68,4080,0
85.4,1476,30.4,0.65,4135,0
85.4,1571,28.9,0.73,4216,0
84.3,1998,24.6,0.55,4209,0
84.6,1357,30.4,0.63,4247,0
86.6,1424,33.2,0.76,4319,0
86.4,1380,33.1,0.75,4370,1
86.4,1618,29.4,0.67,4475,0
85.6,1579,27.6,0.58,4386,0
85.9,1423,30.9,0.76,4492,0
84.5,1435,29.9,0.67,4628,0
83.4,1336,34.2,0.34,546,1
82.4,1392,29.0,0.35,646,0
83.1,1417,31.1,0.32,539,0
83.3,1425,29.6,0.27,567,0
83.7,1512,27.5,0.3,647,0
83.8,1318,29.9,0.3,691,0
83.3,1538,30.8,0.19,817,0
83.7,1532,28.5,0.29,708,0
82.0,1715,24.7,0.26,795,0
81.8,1700,26.4,0.25,924,0
81.5,1548,29.0,0.35,891,0
83.0,1546,29.8,0.31,908,0
84.8,1343,30.5,0.38,964,0
83.3,1510,30.7,0.31,890,0
82.4,1839,25.0,0.33,942,0
83.5,1756,25.4,0.26,960,0
85.6,1300,34.3,0.32,1157,0
83.5,1311,33.4,0.45,1267,0
84.3,1636,26.8,0.3,1308,0
84.7,1643,27.5,0.42,1374,0
82.4,1418,30.9,0.41,1435,0
82.5,1516,29.8,0.41,1365,0
85.8,1419,32.6,0.45,1402,0
83.3,1623,26.2,0.37,1614,0
80.5,1664,27.9,0.37,1476,0
81.0,1744,26.8,0.41,1491,0
82.9,1510,27.4,0.39,1611,0
83.0,1382,33.5,0.43,1655,0
83.2,1381,31.4,0.45,1749,0
83.3,1556,28.3,0.33,1713,0
85.0,1464,28.9,0.46,1846,0
82.9,1481,29.4,0.47,1824,0
85.6,1323,30.6,0.5,2003,0
85.8,1426,30.6,0.49,1845,0
85.2,1516,28.7,0.42,1965,0
84.2,1416,29.9,0.45,2038,0
82.1,1440,31.9,0.44,2119,0
83.6,1576,27.0,0.49,2210,0
85.7,1387,33.2,0.48,2193,0
84.1,1464,31.9,0.5,2197,0
84.4,2137,23.6,0.4,2316,0
84.8,1431,30.1,0.41,2364,0
85.0,1458,30.7,0.43,2371,0
86.7,1280,33.1,0.54,2416,0
83.8,1657,26.6,0.42,2473,0
80.6,1565,29.5,0.46,2325,0
83.1,1560,29.3,0.52,2482,0
86.0,1359,31.2,0.52,2576,0
83.6,1500,29.5,0.53,2575,0
83.3,1785,25.9,0.47,2611,0
82.5,1891,25.8,0.43,2700,0
87.0,1524,28.9,0.47,2737,0
87.3,1431,30.0,0.53,2832,0
84.5,1385,32.2,0.56,2784,0
85.7,1503,29.8,0.58,2770,0
84.8,1311,30.7,0.54,2983,0
85.7,1575,30.2,0.52,2913,0
85.9,1485,29.9,0.53,2961,0
86.4,1527,30.1,0.51,2989,0
85.3,1537,27.6,0.58,3189,0
89.8,1463,33.5,0.63,3167,0
84.9,1482,30.1,0.52,3267,0
84.9,1417,33.9,0.65,3330,0
85.3,1506,29.5,0.49,3307,0
83.5,1639,27.7,0.57,3445,0
84.2,1418,30.0,0.54,3357,0
85.6,1298,33.2,0.66,3401,0
85.1,1395,31.2,0.53,3450,0
84.9,1578,31.2,0.55,3629,0
86.0,1597,29.2,0.58,3689,0
83.9,2016,25.3,0.5,3664,0
85.4,1585,29.4,0.56,3772,0
87.2,1505,33.0,0.69,3928,0
84.9,1505,30.6,0.7,3824,0
84.8,1706,27.4,0.62,3956,0
86.9,1385,32.4,0.62,3914,0
83.8,1495,30.4,0.69,4092,0
82.9,1663,27.6,0.54,4090,0
86.2,1840,28.2,0.58,3981,0
86.4,1822,27.5,0.59,4108,0
88.5,1644,29.2,0.7,3998,0
86.7,1441,31.3,0.7,4272,1
84.1,1451,28.1,0.27,664,0
83.5,1400,32.2,0.28,361,0
84.1,1362,31.4,0.37,457,0
84.1,1782,25.0,0.24,620,0
80.5,1536,28.1,0.31,659,0
83.2,1580,26.9,0.23,663,0
86.3,1427,28.5,0.34,592,0
83.7,1509,28.6,0.34,810,0
85.0,1434,28.0,0.27,891,0
83.2,1392,32.3,0.4,1137,0
83.1,1509,28.0,0.36,1049,0
81.9,1962,23.2,0.32,894,0
80.3,1536,27.0,0.33,1050,0
82.4,1381,29.4,0.38,1134,0
81.0,1747,26.9,0.32,1067,0
83.3,1670,26.5,0.33,1274,0
84.4,1451,31.0,0.39,1303,0
82.4,1951,25.0,0.36,1382,0
83.3,1819,25.6,0.37,1382,0
84.2,1372,32.2,0.37,1394,0
84.9,1560,29.5,0.42,1374,0
83.3,1494,28.0,0.42,1357,0
84.5,1531,33.3,0.42,1531,0
83.8,1450,31.1,0.43,1517,0
85.0,1391,31.5,0.45,1560,0
83.0,1389,29.9,0.38,1728,0
85.1,1409,31.1,0.42,1783,0
83.1,1388,34.4,0.49,1611,0
82.3,1410,29.8,0.41,1782,0
83.4,1646,26.4,0.43,1817,0
82.1,2219,24.0,0.41,1930,0
83.2,1551,29.5,0.48,1777,0
83.6,1811,25.8,0.47,1877,0
82.5,1608,28.8,0.41,2020,0
84.7,1428,33.6,0.5,2128,0
86.4,1477,31.8,0.49,2107,0
86.8,1300,32.5,0.5,2190,0
85.5,1615,27.8,0.46,2206,0
83.1,1676,28.2,0.37,2345,0
83.7,2636,22.0,0.38,2398,1
83.2,1310,33.2,0.44,2271,0
83.5,1334,31.4,0.46,2456,0
80.7,1621,27.5,0.48,2462,0
86.3,1367,29.8,0.49,2675,0
82.5,1588,28.5,0.5,2464,0
83.9,1497,28.1,0.47,2554,0
82.9,1608,29.7,0.52,2534,0
85.4,1549,31.0,0.49,2574,0
84.1,1391,31.6,0.44,2719,0
82.9,1490,28.1,0.51,2740,0
84.5,1727,28.6,0.41,2802,0
82.8,1504,32.2,0.48,2836,0
84.0,1350,33.4,0.53,2811,0
82.1,1420,29.7,0.49,2846,0
82.8,1465,30.2,0.52,2841,0
85.0,1427,30.4,0.51,2952,0
82.4,1477,30.1,0.49,3039,0
83.3,1493,33.0,0.63,3095,0
84.0,1657,26.0,0.48,3189,0
84.4,1359,31.9,0.48,3234,0
86.5,1551,27.6,0.52,3346,0
86.5,1545,28.6,0.51,3179,0
82.8,1709,25.9,0.49,3292,0
86.5,1268,33.4,0.66,3293,0
84.8,1740,27.8,0.5,3519,0
83.7,1828,26.8,0.48,3412,0
82.5,1822,24.9,0.53,3581,0
85.5,1515,31.4,0.64,3640,0
86.1,1392,34.2,0.66,3610,0
84.7,1474,29.3,0.48,3636,0
86.9,1359,35.0,0.61,3705,0
85.7,1565,33.8,0.65,3730,0
84.9,1384,31.4,0.61,3756,0
87.1,1387,32.7,0.65,3832,0
87.1,1378,33.4,0.62,4025,0
83.4,1809,27.2,0.51,3832,0
87.9,1339,33.8,0.75,3967,0
83.9,1423,29.5,0.63,4096,0
85.8,1570,30.9,0.67,4070,0
86.0,1558,28.4,0.62,4162,0
84.5,1799,24.5,0.58,4044,0
85.7,1591,30.1,0.63,4306,0
88.3,1635,26.9,0.57,4343,0
86.1,1509,31.2,0.61,4281,0
89.2,1838,26.9,0.61,4254,0
84.6,1648,26.9,0.28,563,0
85.3,1498,30.5,0.36,462,0
84.2,1757,25.9,0.3,526,0
88.0,1389,32.0,0.3,638,0
82.9,1498,28.6,0.35,817,0
82.4,1521,29.0,0.33,782,0
83.2,1394,29.1,0.35,733,0
83.7,1602,27.0,0.39,703,0
81.9,1417,28.1,0.41,930,0
84.4,1511,29.7,0.37,983,0
85.9,1654,27.1,0.34,992,0
83.6,1836,24.6,0.34,1196,0
83.9,1622,28.2,0.31,1094,0
83.9,1467,29.8,0.34,958,0
84.6,1909,25.3,0.34,1143,0
82.2,1910,25.0,0.27,1266,0
85.4,2207,24.1,0.32,1296,0
87.4,1384,31.2,0.41,1340,0
84.4,1630,25.7,0.31,1380,0
86.0,1268,33.2,0.44,1283,0
86.2,1531,29.2,0.43,1485,0
86.3,1454,31.3,0.4,1487,0
84.6,1342,31.3,0.43,1587,0
84.4,1363,30.9,0.43,1642,0
83.2,1412,29.1,0.43,1738,0
85.4,1597,28.1,0.39,1597,0
86.3,1349,30.2,0.45,1659,0
83.2,1472,26.4,0.36,1753,0
84.8,1478,30.2,0.39,1775,0
84.7,1295,31.8,0.45,1804,0
83.4,1592,27.4,0.43,2074,0
86.5,1430,31.7,0.49,2024,0
84.1,1488,28.6,0.44,2205,0
84.4,1518,29.3,0.46,2101,0
81.8,2237,24.2,0.4,2096,0
84.7,1801,25.1,0.4,2214,0
85.5,1573,28.4,0.42,2414,0
83.7,2073,24.5,0.38,2277,0
84.0,1953,24.7,0.35,2448,0
85.5,1492,29.4,0.48,2410,0
84.9,1397,33.1,0.48,2400,0
84.1,1465,28.8,0.48,2621,0
87.0,1782,26.5,0.44,2516,0
85.5,1434,30.6,0.55,2533,0
86.0,1387,31.0,0.55,2646,0
87.4,1532,30.3,0.51,2700,0
90.6,1505,30.5,0.57,2972,0
85.3,1440,30.8,0.45,2915,0
87.4,1470,29.8,0.61,2818,0
86.5,1408,32.2,0.57,2863,0
86.4,1357,31.8,0.55,2775,0
85.9,1454,30.6,0.5,3001,0
86.9,1352,36.4,0.6,2984,0
87.0,1448,31.1,0.58,3086,0
84.7,1671,29.6,0.55,2975,0
87.7,1670,28.2,0.55,3166,0
86.9,1547,28.5,0.51,3339,0
87.5,1461,30.1,0.52,3243,0
86.1,1609,29.0,0.55,3213,0
85.8,1704,27.6,0.57,3326,0
86.8,1550,30.2,0.55,3376,0
85.7,1530,31.2,0.65,3610,0
86.0,1449,30.2,0.58,3462,0
84.9,1613,28.7,0.56,3427,0
85.6,1376,34.4,0.64,3561,0
84.0,1434,30.6,0.66,3611,0
87.7,1480,29.8,0.55,3675,0
85.0,1634,27.2,0.52,3726,0
87.6,1481,29.7,0.59,3876,0
87.2,1668,27.9,0.69,3707,0
85.1,1484,29.1,0.59,3789,0
84.9,1603,28.0,0.58,3731,0
89.9,1481,29.9,0.64,3986,0
88.9,1559,28.1,0.64,3897,0
87.2,1444,30.6,0.64,4075,0
88.4,1423,33.2,0.71,4000,0
87.3,1432,32.9,0.62,4231,0
88.9,1463,33.1,0.64,4014,0
87.6,1433,33.5,0.73,4246,0
86.0,1461,33.7,0.7,4272,1
87.1,1266,34.0,0.66,4277,0
85.7,1417,31.0,0.27,411,0
83.7,1488,29.0,0.27,631,0
84.1,1816,24.5,0.26,635,0
84.6,1301,32.6,0.36,514,0
82.7,1836,24.6,0.25,838,0
85.5,1521,29.1,0.33,739,0
86.5,1322,34.1,0.37,939,1
84.6,1492,29.9,0.37,850,0
85.7,1536,28.5,0.43,970,0
83.8,1878,24.1,0.27,858,0
85.7,1471,28.5,0.36,980,0
83.4,1452,30.8,0.35,1010,0
84.0,1452,29.5,0.36,1061,0
83.8,1348,31.6,0.41,1053,0
84.6,1453,29.7,0.39,931,0
87.2,1316,32.9,0.39,1197,0
85.7,1732,25.2,0.38,1356,0
85.6,1522,27.9,0.37,1242,0
82.6,1487,29.8,0.36,1294,0
85.2,1852,25.1,0.43,1328,0
82.8,1486,29.7,0.4,1513,0
85.8,1562,28.1,0.39,1460,0
84.9,1457,31.3,0.44,1683,0
84.7,1769,26.0,0.35,1679,0
84.2,1374,33.2,0.46,1690,0
86.7,1524,29.9,0.39,1787,0
83.3,1498,29.2,0.44,1737,0
84.4,1462,30.9,0.35,1773,0
84.4,1429,32.8,0.41,1926,0
83.3,1399,31.5,0.53,1996,0
85.0,1434,30.6,0.38,2015,0
87.7,1324,32.5,0.4,1974,0
87.8,1563,27.9,0.39,2016,0
84.3,1543,28.8,0.5,2008,0
86.7,1413,30.9,0.41,2180,0
85.0,1378,30.0,0.42,1997,0
86.1,1373,30.3,0.43,2031,0
83.0,1981,24.4,0.39,2100,0
85.8,1263,32.1,0.49,2178,0
86.2,1312,31.7,0.49,2512,0
82.9,1969,24.7,0.49,2502,0
86.0,1365,33.1,0.47,2378,0
84.4,1789,25.6,0.44,2519,0
85.7,1583,28.2,0.48,2681,0
84.0,1436,30.0,0.47,2657,0
85.1,1559,30.2,0.53,2821,0
87.9,1377,32.2,0.52,2696,0
86.6,1462,29.3,0.53,2689,0
87.2,1318,30.6,0.53,2690,0
85.9,1378,32.8,0.47,2814,0
85.7,1344,32.2,0.6,2940,0
85.1,2377,23.7,0.52,2909,0
88.0,1427,31.8,0.56,2908,0
84.7,1353,34.7,0.56,3073,0
84.8,1505,31.2,0.61,3050,0
86.9,1612,28.3,0.59,3034,0
85.5,1440,28.6,0.55,3071,0
85.5,1334,32.3,0.59,3148,0
83.0,1706,25.8,0.5,3259,0
84.1,1698,26.6,0.44,3212,0
83.5,1688,28.0,0.52,3265,0
86.7,2437,24.5,0.55,3361,0
86.2,1478,31.9,0.59,3431,0
85.5,1608,28.0,0.52,3579,0
85.0,2478,25.1,0.51,3431,1
86.7,1509,29.6,0.54,3577,0
86.7,1596,28.4,0.58,3573,0
86.2,1740,27.1,0.49,3612,0
85.4,1375,32.8,0.61,3807,0
84.2,1705,28.3,0.6,3726,0
85.3,1621,29.2,0.58,3700,0
84.4,1566,31.6,0.58,3897,0
85.4,1388,31.6,0.64,3945,0
85.5,1457,29.8,0.59,3853,0
86.3,1463,31.4,0.62,3891,0
82.6,1564,30.1,0.68,4072,0
86.4,1411,33.2,0.7,4072,0
85.3,1540,32.0,0.67,4126,0
84.8,1950,25.2,0.58,4284,0
84.3,1339,30.2,0.32,453,0
84.3,1419,28.8,0.31,587,0
84.4,1499,29.9,0.28,736,0
84.7,1368,30.3,0.37,651,0
83.8,1536,28.5,0.31,567,0
82.8,1469,28.9,0.31,717,0
80.6,2633,22.0,0.23,818,1
84.5,1298,33.6,0.41,918,0
82.8,1544,27.5,0.31,832,0
82.5,1403,30.7,0.32,1065,0
83.2,1452,30.3,0.33,912,0
82.7,1509,28.6,0.38,1065,0
81.6,1474,28.5,0.27,1068,0
85.0,1377,30.5,0.36,1248,0
82.6,1741,25.9,0.36,1076,0
86.7,1460,32.8,0.39,1263,0
80.5,1631,27.2,0.35,1245,0
81.7,1561,27.7,0.4,1476,0
83.0,1572,29.2,0.41,1323,0
83.1,2127,23.6,0.3,1476,0
83.9,1448,30.3,0.39,1411,0
83.8,1543,28.8,0.43,1582,0
81.5,1508,27.7,0.42,1573,0
82.5,1403,31.3,0.43,1608,0
83.6,1454,29.4,0.4,1533,0
81.4,1772,26.2,0.38,1760,0
83.7,1479,31.6,0.49,1676,0
84.1,1723,27.1,0.43,1709,0
83.1,1469,29.4,0.47,1710,0
84.5,1830,26.0,0.34,1803,0
84.8,1497,28.9,0.42,2016,0
82.4,1540,32.5,0.47,2048,0
82.4,1514,28.7,0.5,2101,0
80.5,1654,27.0,0.42,2001,0
82.2,1519,29.2,0.49,2136,0
84.0,1720,26.9,0.4,2158,0
82.8,1470,29.0,0.43,2319,0
83.4,1642,26.9,0.45,2313,0
80.6,2006,24.6,0.46,2262,0
84.5,1505,28.1,0.45,2451,0
82.4,1609,25.9,0.34,2462,0
82.5,1863,25.8,0.36,2363,0
83.5,1401,29.7,0.51,2394,0
80.7,2007,25.0,0.37,2455,0
82.5,1494,31.7,0.48,2731,0
85.1,1457,31.0,0.52,2553,0
83.9,1556,28.2,0.4,2820,0
85.0,1510,32.3,0.5,2620,0
84.2,1567,29.0,0.46,2701,0
84.3,1476,31.0,0.47,2954,0
81.6,1663,29.2,0.47,3046,0
84.4,1409,33.0,0.53,3052,0
84.1,1666,28.7,0.55,3115,0
87.1,1520,31.2,0.61,3033,0
84.6,1644,27.8,0.51,3199,0
85.5,1479,29.6,0.51,3187,0
85.3,1446,32.7,0.58,3228,0
83.8,1407,32.2,0.56,3300,0
84.9,1234,31.9,0.56,3431,0
84.0,1696,26.6,0.47,3413,0
84.3,1384,33.9,0.57,3262,0
84.2,1572,29.3,0.63,3542,0
84.8,1386,30.8,0.56,3589,0
87.1,1461,30.2,0.48,3547,0
82.5,1525,28.9,0.57,3622,0
87.8,1333,35.9,0.61,3657,0
83.7,1505,30.4,0.61,3525,0
83.3,1439,31.4,0.61,3741,0
86.5,1491,30.7,0.63,3797,0
85.8,1488,29.9,0.61,3849,0
86.7,1536,32.6,0.64,3873,0
84.6,1960,26.5,0.5,4004,0
86.7,1594,28.9,0.59,3921,0
86.3,1357,33.1,0.72,4112,0
84.8,1445,31.2,0.72,4124,0
85.5,1543,33.1,0.66,4220,0
86.9,1366,33.3,0.69,4285,0
83.5,1458,30.1,0.67,4321,0
85.3,1416,36.7,0.8,4123,1
83.2,1794,26.4,0.58,4280,0
82.1,1484,31.3,0.69,4231,0
83.3,2514,24.3,0.53,4587,0
81.7,1648,26.9,0.64,4409,1
81.2,1614,27.7,0.31,613,0
82.1,1622,24.9,0.23,588,0
80.9,1478,26.9,0.28,378,0
84.2,1318,31.5,0.37,580,0
79.5,1493,28.0,0.32,623,0
83.9,1369,30.6,0.38,682,0
82.8,1447,30.1,0.37,831,0
79.9,1485,28.9,0.33,878,0
85.4,1489,31.0,0.43,663,0
82.4,1233,31.8,0.37,890,0
80.2,1642,26.9,0.19,924,0
80.3,1373,29.7,0.34,1109,0
81.1,1569,27.5,0.31,1099,0
80.6,1850,24.7,0.33,1072,0
82.3,1494,27.8,0.34,1140,0
81.2,1777,28.3,0.37,1041,0
83.4,1454,30.6,0.4,1318,0
81.6,1536,26.5,0.31,1269,0
80.4,1482,28.4,0.36,1271,0
82.7,1512,29.0,0.35,1477,0
79.7,1511,28.9,0.38,1482,0
83.3,1599,27.4,0.36,1461,0
81.2,1518,27.7,0.38,1501,0
82.9,1450,27.5,0.38,1632,0
84.8,1427,30.5,0.42,1679,0
81.2,1561,27.0,0.47,1694,0
84.3,1457,30.1,0.41,1631,0
83.7,1460,31.9,0.38,1732,0
84.8,1601,27.0,0.44,1810,0
82.8,1570,29.8,0.47,1889,0
81.9,1565,28.7,0.34,1937,0
84.3,1378,30.7,0.42,1963,0
81.3,2288,23.6,0.38,2003,0
82.3,1375,30.0,0.48,2198,0
81.8,1788,26.4,0.41,2169,0
83.1,1576,29.9,0.45,2231,0
83.6,1868,24.0,0.37,2227,0
81.2,1261,33.6,0.42,2249,0
81.9,1542,28.3,0.53,2311,0
83.9,1438,32.7,0.47,2350,0
82.3,1511,28.6,0.47,2432,0
83.4,1635,25.4,0.44,2325,0
82.6,1428,31.2,0.54,2497,0
81.9,1410,32.0,0.5,2488,0
83.4,1423,31.4,0.52,2383,0
82.4,1552,29.7,0.39,2570,0
82.7,1406,32.0,0.5,2512,0
83.4,1443,31.9,0.56,2627,0
83.0,1343,35.7,0.61,2693,0
82.0,1486,29.8,0.48,2638,0
82.9,1297,32.4,0.49,2808,0
84.7,1495,31.6,0.53,2853,0
79.0,1382,32.1,0.43,2944,0
83.0,1356,32.7,0.49,2883,0
82.2,1452,29.7,0.61,2994,0
79.5,1582,29.1,0.57,3054,0
82.8,1517,29.4,0.57,3117,0
83.8,1413,31.3,0.58,3070,0
82.9,1496,28.6,0.45,3230,0
79.4,1466,29.9,0.54,3334,0
84.2,1617,30.3,0.56,3236,0
81.8,1506,31.2,0.55,3346,0
84.0,1401,31.7,0.59,3394,0
82.7,1906,27.4,0.57,3523,0
81.7,1566,28.2,0.55,3526,0
84.5,1493,33.4,0.6,3582,0
83.0,1483,31.0,0.62,3594,0
80.0,1569,28.1,0.51,3591,0
84.2,1664,27.7,0.53,3593,0
82.4,1486,29.9,0.58,3714,0
83.2,1389,33.3,0.66,3804,0
83.0,1511,30.6,0.61,3818,0
84.1,1485,31.4,0.61,3962,0
84.1,1440,32.6,0.61,3973,0
84.9,1378,31.4,0.6,4032,0
82.1,1501,29.5,0.65,3806,0
83.2,1474,30.9,0.64,4148,0
84.2,1392,32.1,0.69,4096,0
86.7,1429,30.7,0.62,4143,0
85.6,1362,34.3,0.7,4236,1
82.2,1704,27.7,0.25,502,0
82.2,1492,31.6,0.32,450,0
80.8,1442,27.7,0.33,687,0
81.9,1438,31.9,0.31,563,0
81.4,1402,29.2,0.35,599,0
81.4,1684,25.6,0.3,712,0
83.7,1530,29.9,0.33,736,0
82.0,1569,30.8,0.29,803,0
82.3,1650,26.5,0.33,830,0
81.1,1415,28.9,0.31,981,0
80.6,1600,27.7,0.31,946,0
80.7,1523,29.0,0.34,876,0
81.5,1628,25.0,0.3,923,0
82.3,1331,31.3,0.36,1003,0
81.5,2158,23.8,0.25,1038,0
81.6,1445,31.7,0.31,1064,0
81.9,1593,29.3,0.4,1052,0
82.5,1672,25.6,0.31,1217,0
79.6,1644,26.9,0.33,1193,0
86.1,1402,31.7,0.4,1206,0
83.2,1286,31.6,0.46,1357,0
80.5,1486,31.1,0.47,1422,0
82.9,1345,30.8,0.4,1370,0
82.0,1629,27.8,0.36,1567,0
82.2,1429,30.2,0.35,1638,0
84.6,1306,34.2,0.4,1554,0
83.6,1380,31.2,0.36,1512,0
82.9,1443,31.3,0.39,1606,0
82.7,1426,30.6,0.32,1540,0
81.8,1486,30.8,0.46,1658,0
83.4,1530,28.5,0.41,1628,0
79.9,1507,29.5,0.41,1766,0
81.4,1608,27.9,0.45,1753,0
81.6,1474,29.4,0.38,1937,0
83.6,1326,33.5,0.46,1863,0
80.5,1434,31.2,0.38,1981,0
79.1,1526,28.6,0.47,2072,0
81.5,1483,29.1,0.41,2141,0
82.4,1457,33.4,0.48,2055,0
82.6,1540,28.7,0.47,2143,0
79.2,1707,26.1,0.47,2199,0
82.5,1624,28.0,0.44,2309,0
84.7,1331,31.1,0.51,2306,0
81.1,1431,29.5,0.43,2401,0
79.3,1705,27.6,0.5,2199,0
81.7,1427,31.2,0.48,2332,0
82.0,1625,31.8,0.49,2521,0
83.1,1477,32.3,0.49,2539,0
80.7,1651,27.0,0.5,2518,0
83.1,1716,27.4,0.46,2543,0
81.2,1400,31.5,0.56,2680,0
79.6,1556,28.2,0.51,2547,0
83.4,1429,31.4,0.51,2822,0
79.5,1433,32.8,0.58,2802,0
83.1,1320,34.7,0.61,2844,0
86.2,1374,32.7,0.53,2977,0
81.2,1598,28.7,0.46,2941,0
79.6,1910,26.3,0.48,3010,0
82.5,1399,31.3,0.61,3058,0
81.0,1720,27.1,0.56,3156,0
82.8,1368,31.5,0.5,3145,0
82.9,1749,29.3,0.53,3069,0
81.2,1542,30.7,0.58,3146,0
84.6,1553,30.3,0.56,3206,0
83.2,1639,29.6,0.61,3365,0
84.3,1447,30.8,0.62,3426,0
82.9,1397,32.9,0.56,3551,0
85.6,1361,32.9,0.59,3389,0
82.7,1460,28.2,0.59,3611,0
83.2,1632,29.1,0.61,3404,0
81.9,1697,28.8,0.58,3614,0
82.5,1553,32.1,0.54,3668,0
85.4,1362,34.3,0.62,3703,0
83.0,1484,30.9,0.64,3712,0
83.3,1447,32.6,0.64,3800,0
83.9,1393,34.2,0.67,3781,0
84.0,1760,27.6,0.62,4002,0
82.7,1477,28.8,0.56,3988,0
83.0,1681,27.2,0.57,4033,0
84.7,1314,33.5,0.67,4017,0
80.9,1762,26.9,0.61,4067,0
82.2,1402,32.4,0.69,4170,0
84.7,1429,29.5,0.6,4291,0
83.6,1448,30.4,0.65,4106,0
86.2,1501,31.7,0.7,4155,0
86.2,1522,30.7,0.59,4381,0
85.6,1493,29.5,0.66,4369,0
86.2,1704,28.7,0.58,4441,0
81.7,1408,28.3,0.27,498,0
82.8,1518,28.9,0.2,639,0
80.4,1742,25.8,0.32,602,0
85.3,1500,29.6,0.3,563,0
83.1,2424,22.1,0.21,650,0
81.4,1818,26.1,0.29,736,0
82.7,1545,27.7,0.26,684,0
84.7,1429,30.8,0.29,835,0
82.8,1448,31.0,0.4,878,0
82.4,1384,31.6,0.43,898,0
83.1,1578,27.9,0.29,979,0
81.7,1695,25.8,0.35,869,0
82.7,1543,28.5,0.35,957,0
81.1,1540,27.4,0.27,978,0
79.4,1808,24.5,0.27,1193,0
83.2,1293,31.3,0.44,1343,0
84.4,1202,33.6,0.36,1141,0
81.2,1704,26.8,0.42,1228,0
83.8,1478,28.4,0.34,1245,0
81.3,1514,28.0,0.43,1371,0
81.6,1350,31.5,0.39,1341,0
82.9,1475,31.2,0.45,1465,0
81.1,1714,27.5,0.41,1531,0
82.9,1465,29.1,0.45,1469,0
83.1,1288,36.2,0.46,1624,1
83.2,1675,27.1,0.34,1495,0
84.4,1486,28.7,0.39,1653,0
83.4,1443,32.4,0.41,1684,0
85.1,1345,33.8,0.47,1745,0
82.9,1202,34.5,0.45,1791,0
84.0,1480,28.0,0.46,1830,0
83.9,1530,27.6,0.39,1902,0
83.3,1983,24.5,0.31,1995,0
84.4,1433,31.5,0.54,2051,0
79.0,1806,27.1,0.4,2074,0
83.0,1416,32.1,0.47,2055,0
82.2,1556,29.3,0.49,2223,0
81.6,1627,26.7,0.46,2312,0
82.9,1809,25.6,0.38,2122,0
84.0,1329,34.1,0.5,2274,0
81.1,1881,26.6,0.37,2277,0
82.3,1500,29.0,0.42,2477,0
82.5,1532,27.7,0.49,2438,0
85.6,1492,33.3,0.53,2479,0
83.2,1431,28.7,0.52,2549,0
82.8,1554,28.6,0.54,2522,0
83.4,1494,30.4,0.54,2715,0
84.7,1374,29.6,0.55,2657,0
84.6,1394,31.5,0.43,2727,0
79.3,1790,27.0,0.44,2670,0
85.4,1356,30.6,0.57,2731,0
86.1,1385,33.6,0.51,2842,0
83.0,1333,33.0,0.55,2887,0
82.8,1505,30.8,0.56,2766,0
83.0,1606,27.9,0.52,2911,0
82.9,1558,30.8,0.53,2975,0
85.1,1412,33.3,0.6,3015,0
81.4,1408,29.7,0.54,3092,0
83.1,1268,34.1,0.53,3090,0
86.4,1470,32.5,0.6,2953,0
83.2,1497,31.2,0.59,3063,0
84.5,1638,27.5,0.46,3282,0
84.4,1535,31.7,0.63,3220,0
80.9,1654,26.7,0.56,3343,0
84.9,1411,32.1,0.55,3363,0
82.5,1911,27.3,0.49,3387,0
82.7,1573,28.1,0.53,3451,0
84.4,1479,32.9,0.59,3603,0
84.0,1820,28.2,0.56,3647,0
85.5,1419,31.5,0.58,3841,0
86.8,1335,32.8,0.69,3663,0
85.1,1576,29.9,0.65,3889,0
83.1,1517,32.9,0.65,3739,0
83.5,1576,30.5,0.6,3883,0
87.3,1537,29.6,0.65,3911,0
84.8,1524,28.5,0.6,3976,0
86.2,1805,26.7,0.54,4021,0
87.1,1367,33.7,0.74,4025,0
84.4,1694,27.2,0.62,4201,0
85.7,1328,32.9,0.66,4097,0
85.1,1549,32.2,0.64,4225,0
82.5,1539,27.4,0.6,4349,0
85.0,1496,31.0,0.74,4435,0
83.1,1579,28.7,0.28,578,0
81.3,1386,29.6,0.32,581,0
82.0,1505,29.3,0.32,520,0
82.4,1661,26.7,0.24,544,0
80.9,1468,30.8,0.37,569,0
81.3,1384,30.6,0.31,597,0
81.6,1381,33.1,0.44,731,0
81.0,1469,29.7,0.32,709,0
79.8,1627,28.4,0.35,898,0
80.8,1462,29.4,0.22,792,0
83.2,1633,27.8,0.28,934,0
80.6,1469,27.5,0.32,941,0
82.1,1458,29.8,0.27,886,0
81.3,1440,29.7,0.37,1121,0
82.9,1687,26.4,0.33,1143,0
84.1,1429,32.1,0.33,1187,0
82.5,1588,26.2,0.34,1223,0
83.0,1333,29.7,0.42,1151,0
81.6,1487,29.0,0.29,1188,0
79.8,1659,27.5,0.29,1319,0
84.0,1512,28.8,0.37,1459,0
80.6,1585,27.0,0.36,1420,0
82.3,1502,29.4,0.37,1503,0
82.6,1594,28.2,0.41,1418,0
81.5,1412,31.4,0.43,1584,0
83.4,1402,32.4,0.45,1498,0
81.6,2057,24.1,0.28,1586,0
83.8,1531,28.0,0.39,1573,0
82.8,1359,34.7,0.46,1763,0
80.2,1620,25.7,0.44,1817,0
80.9,1646,25.0,0.39,1680,0
82.8,1455,30.3,0.41,1958,0
82.8,1512,30.9,0.47,2095,0
82.2,1473,30.1,0.46,1912,0
79.8,1553,29.5,0.39,1966,0
83.2,1379,30.1,0.45,2111,0
84.2,1567,29.7,0.43,2053,0
82.8,1481,30.6,0.5,2100,0
83.6,1349,31.2,0.5,2288,0
83.6,1388,33.0,0.52,2064,0
83.4,1357,31.3,0.46,2144,0
82.9,1743,28.3,0.43,2294,0
83.7,1495,28.4,0.53,2167,0
82.2,1698,27.8,0.42,2302,0
82.6,1410,30.2,0.49,2337,0
82.8,1614,27.3,0.41,2498,0
84.8,1375,32.4,0.49,2512,0
83.0,1574,27.9,0.45,2375,0
84.6,1423,31.5,0.46,2508,0
84.0,1694,29.0,0.52,2597,0
84.6,1707,29.1,0.45,2688,0
85.4,1490,29.2,0.54,2653,0
83.7,1675,28.6,0.49,2831,0
82.3,1492,29.9,0.52,2775,0
83.2,1594,28.2,0.57,2930,0
84.2,1479,29.2,0.43,2937,0
81.9,1572,28.8,0.52,2894,0
85.7,1616,28.7,0.48,3137,0
83.6,1737,26.0,0.41,3175,0
84.9,1498,28.6,0.49,3120,0
85.7,1642,29.2,0.53,3131,0
83.3,1633,29.1,0.5,3101,0
86.4,1409,32.6,0.63,3325,0
85.1,1463,31.9,0.56,3341,0
85.3,1376,31.8,0.58,3263,0
83.6,1553,28.0,0.53,3309,0
86.8,1530,29.5,0.55,3436,0
85.0,1545,30.2,0.56,3359,0
86.7,1427,31.9,0.57,3438,0
83.9,1292,30.7,0.67,3494,0
85.5,2084,25.0,0.49,3532,0
86.3,1747,25.8,0.54,3591,0
86.6,1425,31.1,0.65,3756,0
85.2,1637,27.7,0.59,3579,0
86.3,1616,28.3,0.55,3790,0
88.5,1619,28.3,0.62,3829,0
84.2,1489,29.7,0.63,3921,0
87.5,1452,31.4,0.64,3900,0
85.7,1495,30.8,0.61,3902,0
87.0,1427,28.8,0.61,3921,0
86.5,1572,29.6,0.61,4119,0
86.3,1547,30.7,0.59,4115,0
87.6,1342,32.2,0.67,4071,0
85.6,1351,31.4,0.7,4237,0
88.6,1407,32.4,0.71,4164,0
84.4,1575,28.8,0.6,4235,0
86.9,1791,25.6,0.64,4240,0
86.2,1692,27.8,0.7,4385,1
82.4,1634,27.8,0.26,420,0
83.5,1864,25.7,0.28,512,0
82.1,1590,27.7,0.19,537,0
84.8,1384,30.4,0.27,646,0
84.1,1352,35.0,0.37,709,0
85.2,1484,30.8,0.28,643,0
82.3,1913,24.3,0.35,799,0
83.9,1508,27.4,0.34,702,0
84.7,1504,28.6,0.36,1031,0
83.8,1487,31.4,0.33,850,0
83.7,1727,25.1,0.26,1011,0
81.8,1647,25.4,0.28,979,0
85.3,1493,27.9,0.35,1017,0
86.2,1655,26.4,0.29,940,0
89.0,1337,31.3,0.41,1137,0
85.0,1601,28.0,0.37,1126,0
86.1,1589,26.8,0.35,1196,0
84.4,1286,32.9,0.33,1240,0
87.5,1553,30.2,0.44,1293,0
87.5,1379,31.2,0.39,1247,0
85.1,1677,26.7,0.46,1342,0
87.4,1488,28.5,0.4,1374,0
86.1,1418,30.5,0.39,1386,0
85.6,1451,29.2,0.41,1489,0
86.8,1508,30.4,0.32,1543,0
84.2,1579,28.5,0.41,1569,0
87.6,1432,30.2,0.52,1577,0
84.9,1446,30.6,0.34,1707,0
84.7,1597,29.7,0.39,1729,0
85.6,1397,30.4,0.44,1771,0
86.5,1530,26.8,0.44,1829,0
85.8,1433,32.0,0.54,1946,0
83.5,1591,27.8,0.42,1809,0
85.1,1445,29.0,0.52,1915,0
84.9,1749,26.1,0.41,2003,0
83.2,1703,26.4,0.43,1885,0
84.6,1518,30.2,0.47,2158,0
88.0,1535,30.5,0.51,2157,0
85.3,1390,31.3,0.47,2248,0
84.7,1801,25.4,0.44,2315,0
85.9,1463,29.1,0.42,2347,0
85.6,1560,27.8,0.46,2225,0
86.7,1607,28.7,0.43,2451,0
88.4,1332,32.5,0.53,2491,0
87.1,1365,32.8,0.52,2423,0
84.4,1617,26.6,0.51,2402,0
89.4,1304,34.3,0.53,2636,0
85.5,1989,26.1,0.37,2552,0
89.4,1339,34.9,0.49,2853,0
83.7,1492,28.6,0.56,2798,0
86.1,1518,29.6,0.48,2920,0
88.2,1479,30.0,0.53,2868,0
85.1,1523,27.9,0.49,2961,0
85.7,1570,29.4,0.55,2959,0
86.4,1506,28.2,0.51,3088,0
86.6,1510,31.8,0.68,2934,0
85.8,1671,26.9,0.59,3221,0
87.3,1312,34.1,0.59,3239,0
86.1,1595,29.2,0.53,3227,0
88.2,1635,27.8,0.66,3242,0
87.4,1707,29.3,0.5,3286,0
87.8,1545,30.0,0.58,3368,0
87.3,1751,27.3,0.53,3479,0
86.6,1707,26.3,0.54,3392,0
87.8,1320,33.4,0.58,3352,0
87.4,1319,33.1,0.65,3722,0
88.3,1448,32.7,0.6,3631,0
87.0,1436,31.7,0.68,3581,0
87.0,1609,29.2,0.52,3743,0
87.4,1464,30.8,0.62,3758,0
90.7,1483,32.1,0.53,3759,0
83.8,1748,27.8,0.48,3735,0
86.8,1746,27.5,0.53,3879,0
90.7,1410,34.0,0.63,3949,0
87.3,1640,28.4,0.65,3760,0
88.0,1655,29.2,0.59,3951,0
87.2,1646,28.5,0.64,4046,0
87.4,1589,30.5,0.63,4096,0
85.6,1546,31.4,0.66,4114,0
88.7,1511,31.1,0.62,4241,0
86.8,1750,27.5,0.57,4165,0
86.7,1730,27.8,0.53,4217,0
89.1,1372,36.1,0.75,4296,1
90.3,1524,30.7,0.67,4292,1
87.9,1601,29.0,0.31,389,0
85.2,1636,28.0,0.29,553,0
83.3,2261,23.1,0.32,607,0
83.5,1636,25.9,0.29,595,0
87.4,1335,32.7,0.39,649,0
88.4,1236,32.7,0.34,459,0
85.4,1445,30.9,0.3,863,0
82.0,1500,29.3,0.35,874,0
84.7,1999,24.3,0.27,731,0
86.0,1529,27.7,0.35,819,0
83.3,1467,29.4,0.35,1025,0
86.0,1334,31.3,0.34,870,0
85.9,1343,31.5,0.4,1036,0
84.3,1639,25.0,0.28,1012,0
84.6,1383,32.1,0.4,1120,0
85.5,1660,26.8,0.38,1180,0
84.5,1470,30.9,0.36,1189,0
82.0,1748,26.0,0.37,1278,0
82.2,1467,28.2,0.37,1261,0
86.4,1617,29.2,0.4,1193,0
86.8,1377,33.5,0.39,1315,0
84.4,1629,26.9,0.37,1394,0
84.0,1504,29.4,0.33,1403,0
84.5,1418,29.9,0.48,1597,0
82.9,1629,27.1,0.29,1589,0
82.7,2579,23.3,0.31,1667,1
84.0,1305,35.7,0.44,1716,0
84.3,1450,29.1,0.43,1770,0
84.5,1487,28.1,0.48,1795,0
85.3,1587,27.8,0.42,1720,0
85.6,1528,28.9,0.54,1898,0
87.5,1401,32.9,0.4,1923,0
87.6,1446,30.4,0.39,2134,0
87.0,1425,29.0,0.41,1995,0
85.0,1891,24.3,0.39,2060,0
86.0,1454,30.0,0.41,2058,0
84.5,1430,29.7,0.42,2158,0
86.7,1495,31.8,0.49,2188,0
87.8,1544,29.0,0.41,2191,0
85.7,1554,28.1,0.4,2275,0
87.6,1491,28.0,0.44,2364,0
83.7,1525,29.3,0.46,2334,0
84.1,1505,30.8,0.51,2470,0
87.5,1371,31.0,0.48,2496,0
87.2,1332,34.8,0.52,2422,0
87.3,1471,29.2,0.5,2451,0
85.4,1750,26.6,0.48,2599,0
85.4,1386,31.9,0.58,2570,0
86.7,1355,32.5,0.57,2586,0
84.8,1377,34.2,0.56,2861,0
84.6,1388,33.5,0.57,2699,0
87.7,1350,34.1,0.57,2690,0
85.7,1831,27.8,0.45,2803,0
87.7,1381,35.4,0.54,2938,1
82.8,1783,26.8,0.52,2978,0
84.5,1613,29.8,0.53,3177,0
82.3,2370,23.6,0.48,3000,0
86.4,1627,27.3,0.41,3134,0
86.7,1255,36.1,0.66,3240,1
83.3,1777,28.7,0.47,3133,0
85.2,1606,27.4,0.59,3331,0
84.3,1676,27.2,0.55,3164,0
87.4,1605,28.5,0.57,3487,0
84.8,1487,30.2,0.54,3461,0
84.8,1471,31.0,0.61,3363,0
83.5,1477,30.7,0.56,3519,0
85.6,1530,28.5,0.55,3611,0
84.8,1673,26.7,0.52,3438,0
85.5,1436,33.9,0.74,3529,0
88.6,1495,33.9,0.69,3720,0
88.1,1366,34.3,0.7,3654,0
86.6,1489,31.6,0.56,3736,0
88.2,1480,32.0,0.67,3796,0
87.0,1472,29.4,0.61,3897,0
85.9,1397,34.4,0.71,3903,0
84.7,1589,28.6,0.62,3906,0
88.1,1405,33.8,0.68,3765,0
85.5,2013,25.8,0.56,4020,0
85.4,1802,27.9,0.51,4062,0
85.4,1433,32.7,0.63,3940,0
88.4,1296,35.4,0.74,3999,1
85.5,1551,29.9,0.68,4188,0
88.3,1270,37.2,0.73,4215,1
85.7,1531,26.3,0.28,342,0
83.4,1397,28.4,0.24,470,0
81.6,1547,27.4,0.35,650,0
80.9,2074,23.2,0.3,714,0
85.1,1491,28.2,0.34,649,0
83.1,1759,26.4,0.3,719,0
83.1,1595,27.5,0.37,696,0
84.8,1351,33.6,0.35,926,0
84.0,1705,25.0,0.26,870,0
83.3,1406,29.5,0.38,838,0
84.4,1639,25.3,0.36,834,0
82.3,2026,24.0,0.23,861,0
84.4,1350,32.7,0.37,1196,0
83.8,1468,29.2,0.42,1091,0
83.6,1642,24.6,0.34,1126,0
84.7,1490,29.4,0.39,1177,0
85.1,1507,28.8,0.32,1179,0
80.0,1611,26.5,0.37,1274,0
83.2,1743,26.6,0.28,1321,0
84.7,1475,32.0,0.31,1373,0
87.3,1432,30.7,0.43,1306,0
84.2,1442,30.0,0.46,1514,0
85.3,1468,29.2,0.38,1434,0
87.2,1556,31.0,0.38,1479,0
84.3,1312,32.2,0.49,1511,0
86.3,1459,32.9,0.41,1536,0
84.3,1651,27.8,0.39,1678,0
84.8,1490,28.9,0.47,1763,0
84.3,1473,28.4,0.37,1669,0
84.5,1734,28.0,0.36,1633,0
89.7,1507,28.9,0.47,1734,0
86.8,1556,28.0,0.38,1816,0
88.0,1351,33.6,0.46,1789,0
87.1,1445,32.7,0.4,1928,0
83.8,1619,28.2,0.42,1968,0
88.2,1269,34.6,0.52,2046,0
87.2,1534,28.0,0.48,1984,0
85.6,1444,33.3,0.51,2183,0
86.4,1744,26.9,0.43,2305,0
87.0,1441,29.8,0.49,2322,0
87.7,1506,29.4,0.46,2196,0
85.1,1526,29.3,0.48,2350,0
84.0,1704,27.5,0.39,2376,0
86.1,1445,31.7,0.42,2364,0
87.5,1661,28.1,0.51,2471,0
83.8,1466,28.7,0.52,2547,0
82.9,1608,29.3,0.47,2598,0
87.1,1352,33.4,0.59,2498,0
84.9,1604,28.1,0.44,2676,0
86.7,1427,33.3,0.51,2803,0
87.5,1424,31.0,0.49,2829,0
84.8,1662,27.1,0.5,2917,0
82.9,1936,26.1,0.4,2623,0
88.1,1728,27.9,0.46,2913,0
84.3,1552,28.2,0.5,2922,0
84.5,1662,27.5,0.44,3019,0
88.7,1343,33.6,0.57,2936,0
85.6,1476,29.0,0.43,3021,0
87.0,1346,33.5,0.61,3187,0
87.5,1492,29.9,0.54,3065,0
88.0,1540,31.5,0.51,3205,0
85.8,1596,28.5,0.48,3238,0
89.3,1541,32.0,0.57,3259,0
83.8,1661,28.5,0.47,3356,0
88.9,1359,33.2,0.7,3257,0
86.2,1528,31.4,0.49,3337,0
89.5,1246,32.8,0.6,3424,0
86.8,1575,27.2,0.56,3392,0
85.8,1658,27.1,0.52,3622,0
88.9,1385,34.1,0.65,3513,0
89.2,1454,31.8,0.6,3676,0
88.1,1497,31.6,0.67,3632,0
87.0,1424,33.7,0.6,3793,0
87.3,1528,32.3,0.53,3662,0
87.7,1539,29.7,0.55,3939,0
89.0,1336,34.8,0.7,3952,1
88.2,1525,28.8,0.61,3853,0
85.7,1456,33.7,0.7,3867,0
86.8,2141,25.4,0.56,4023,0
87.2,1476,30.7,0.61,3917,0
87.0,1509,33.5,0.65,4096,0
87.1,1447,31.2,0.65,4064,0
88.2,1448,32.5,0.76,4144,0
84.4,1428,33.7,0.73,4148,0
87.9,1389,32.6,0.78,4171,0
86.5,1635,28.6,0.66,4425,0
88.9,1395,31.8,0.67,4387,0
87.6,1443,31.2,0.64,4241,0
88.4,1412,33.8,0.71,4325,0
90.2,1524,30.3,0.69,4517,0
89.7,1407,32.1,0.68,4562,0
89.5,1397,32.0,0.69,4427,0
87.4,1504,29.5,0.59,4629,0
87.6,2097,25.1,0.66,4648,1
84.8,1553,26.7,0.29,345,0
84.8,1432,27.7,0.23,503,0
85.1,1577,28.5,0.31,560,0
84.9,1370,32.2,0.31,628,0
86.5,1506,28.6,0.32,572,0
83.7,1964,23.8,0.3,706,0
85.8,1500,28.4,0.35,753,0
87.6,1488,29.9,0.34,848,0
87.4,1282,32.6,0.37,885,0
83.3,1400,29.8,0.33,1005,0
85.4,1419,27.9,0.31,1076,0
86.1,1441,27.7,0.35,1229,0
87.8,1348,33.9,0.4,1210,0
84.2,1468,28.6,0.32,1299,0
84.3,1701,27.8,0.29,1244,0
85.9,1864,25.8,0.32,1256,0
84.1,1630,28.0,0.34,1489,0
85.6,1316,31.8,0.37,1477,0
86.7,1708,27.2,0.4,1572,0
84.3,1679,25.1,0.43,1479,0
83.8,1709,27.4,0.42,1690,0
84.3,1445,29.9,0.38,1660,0
86.4,1390,33.1,0.44,1673,0
84.7,1309,33.3,0.52,1734,0
85.1,1499,29.6,0.36,1838,0
84.4,2072,23.4,0.39,1896,0
87.4,1487,29.7,0.38,1858,0
87.1,1302,31.8,0.52,1950,0
85.3,1378,32.1,0.44,1986,0
88.2,1365,32.2,0.57,2071,0
86.2,1427,30.3,0.52,2126,0
84.4,1535,28.3,0.42,2281,0
86.0,1476,28.9,0.43,2188,0
88.1,1425,31.3,0.48,2431,0
87.6,1409,32.2,0.51,2359,0
85.7,1730,25.7,0.43,2298,0
88.4,1454,29.9,0.42,2369,0
84.1,1744,27.8,0.42,2512,0
84.9,1761,27.5,0.41,2568,0
84.6,1657,28.1,0.48,2482,0
87.8,1420,31.3,0.56,2555,0
88.6,1329,34.0,0.59,2610,0
89.4,1472,29.4,0.54,2672,0
87.2,1566,25.6,0.45,2626,0
87.3,1430,30.5,0.53,2635,0
87.7,1481,31.0,0.55,2817,0
87.1,1670,27.6,0.46,2904,0
86.6,1406,33.8,0.58,2971,0
91.6,1354,32.7,0.55,2846,0
87.1,1985,25.3,0.53,2936,0
89.4,1263,34.7,0.65,3055,0
87.8,1576,27.2,0.54,3150,0
89.0,1453,32.8,0.5,3266,0
87.7,1478,30.2,0.56,3279,0
88.0,1323,33.4,0.62,3227,0
87.7,1710,26.4,0.52,3339,0
88.9,1314,35.6,0.57,3278,0
86.3,1460,29.1,0.53,3387,0
89.4,1508,32.8,0.59,3412,0
88.9,1331,31.5,0.68,3583,0
88.7,1515,33.0,0.59,3563,0
88.4,1674,28.9,0.55,3498,0
88.2,1444,32.9,0.7,3534,0
88.0,1398,30.7,0.59,3604,0
87.5,1832,28.0,0.54,3559,0
87.1,1591,31.3,0.61,3719,0
87.7,1478,29.5,0.56,3779,0
88.5,1362,30.7,0.67,3881,0
87.9,1368,34.7,0.66,3946,1
89.8,1723,27.6,0.58,3941,0
85.8,1689,27.0,0.61,3856,0
87.7,1272,34.8,0.78,3924,1
89.0,1511,28.3,0.56,4009,0
87.9,1715,28.3,0.64,4163,0
83.6,1400,29.9,0.33,549,0
87.8,1200,38.2,0.36,533,1
86.8,1555,28.9,0.32,778,0
85.9,1427,31.7,0.41,767,0
88.4,1318,31.8,0.31,830,0
83.4,1319,32.1,0.36,823,0
84.2,1960,23.1,0.29,892,0
86.2,1552,28.7,0.35,940,0
85.5,1548,28.4,0.34,800,0
84.3,1709,26.3,0.32,896,0
84.7,1464,27.7,0.36,998,0
84.4,1759,25.3,0.27,1115,0
85.5,1634,25.9,0.34,1130,0
85.4,1663,28.0,0.32,1198,0
86.8,1445,31.0,0.33,1043,0
83.0,1695,25.4,0.3,1305,0
85.1,1517,28.4,0.38,1305,0
83.8,1811,25.7,0.35,1321,0
84.0,1815,25.1,0.28,1446,0
87.0,1513,28.3,0.34,1323,0
85.4,1518,27.0,0.4,1424,0
87.8,1667,27.3,0.38,1519,0
86.8,1403,33.4,0.48,1463,0
85.6,1383,29.7,0.45,1407,0
85.9,1466,30.7,0.44,1511,0
85.1,1378,31.1,0.41,1633,0
85.5,1547,28.4,0.41,1654,0
86.8,1495,27.4,0.47,1726,0
84.8,1729,26.2,0.49,1710,0
84.8,1418,31.3,0.46,1693,0
84.3,1485,28.7,0.44,1845,0
85.2,1434,29.1,0.46,1910,0
87.0,1415,34.7,0.48,2010,0
86.8,1674,25.4,0.45,1952,0
85.0,1454,31.6,0.52,1939,0
85.1,1476,30.6,0.46,1928,0
85.3,1812,26.6,0.4,2140,0
83.6,1374,29.3,0.4,2218,0
84.7,1524,30.5,0.49,2224,0
85.5,1383,31.7,0.5,2251,0
85.7,1429,33.4,0.5,2205,0
85.8,1517,29.9,0.43,2216,0
85.9,1480,30.1,0.52,2450,0
84.5,1706,26.1,0.38,2456,0
87.2,1349,31.5,0.53,2481,0
88.8,1451,30.9,0.55,2422,0
87.7,1627,28.9,0.51,2522,0
83.4,1537,28.8,0.47,2638,0
85.5,2218,25.0,0.38,2711,0
85.8,1466,30.4,0.53,2710,0
86.0,1666,27.5,0.53,2887,0
86.0,1455,30.5,0.5,2766,0
85.3,1927,26.6,0.49,2951,0
85.4,1703,27.3,0.55,2901,0
84.8,1533,28.5,0.53,2945,0
84.0,1785,25.6,0.47,3047,0
83.8,2142,24.8,0.5,3011,0
86.5,1369,30.0,0.53,3071,0
85.9,1706,27.2,0.46,3035,0
86.2,1802,24.3,0.53,3261,0
85.7,1413,29.3,0.55,3248,0
87.4,1484,32.4,0.6,3398,0
87.3,1535,30.5,0.54,3362,0
87.2,1579,29.6,0.54,3470,0
87.3,1300,35.3,0.72,3375,0
85.9,1452,31.7,0.66,3549,0
85.9,1562,29.8,0.64,3492,0
84.1,1664,27.3,0.59,3577,0
85.7,1495,28.1,0.6,3671,0
87.9,1533,30.7,0.55,3888,0
87.4,1484,29.5,0.59,3821,0
86.5,1604,29.0,0.69,3864,0
87.5,1483,31.9,0.62,3782,0
85.9,1549,29.3,0.66,3874,0
87.5,1604,29.5,0.61,3890,0
86.6,1685,28.5,0.48,4045,0
87.7,1372,33.1,0.69,3957,0
87.6,1374,32.0,0.71,4110,0
86.9,1606,28.5,0.6,3935,0
87.2,1471,31.8,0.72,4187,0
87.6,1659,27.9,0.54,4042,0
87.9,1400,33.5,0.62,4215,0
90.0,1503,29.5,0.67,4130,0
88.9,1798,27.3,0.61,4285,0
86.4,1608,28.9,0.69,4194,0
88.5,1322,32.5,0.73,4407,0
86.9,1547,30.3,0.61,4427,0
88.2,1374,31.3,0.71,4401,1
87.3,1447,27.1,0.31,546,0
85.2,1373,29.5,0.24,629,0
85.4,1515,27.7,0.29,515,0
86.8,1317,31.7,0.33,542,0
84.1,1551,29.2,0.27,574,0
83.9,1592,28.2,0.31,599,0
84.2,1433,27.5,0.27,663,0
84.9,1432,29.8,0.34,859,0
83.1,1350,32.1,0.37,865,0
86.8,1370,30.2,0.38,720,0
88.9,1415,29.2,0.3,868,0
86.5,1498,29.2,0.28,852,0
85.3,1382,31.4,0.38,1049,0
85.5,1511,29.5,0.34,998,0
86.7,1330,32.4,0.52,963,0
85.5,1383,31.2,0.4,1136,0
87.7,1431,29.8,0.38,1207,0
87.2,1461,28.2,0.35,1117,0
85.1,1438,29.4,0.33,1208,0
86.5,1779,26.2,0.36,1246,0
89.3,1293,31.3,0.41,1471,0
90.2,1308,32.6,0.42,1390,0
90.5,1532,29.2,0.38,1403,0
86.4,1470,30.0,0.39,1492,0
90.6,1548,26.5,0.31,1515,0
85.9,1898,24.6,0.38,1622,0
87.0,1335,30.9,0.39,1700,0
88.7,1420,32.7,0.44,1790,0
87.3,1418,29.9,0.49,1697,0
88.0,1535,28.4,0.48,1787,0
86.7,1457,31.0,0.37,1935,0
87.5,1493,29.1,0.43,2027,0
88.4,1670,26.6,0.4,1871,0
88.0,1446,30.9,0.4,2077,0
89.4,1465,34.1,0.54,2152,1
88.2,1590,28.7,0.44,2228,0
87.7,2174,24.4,0.4,2289,0
86.0,1590,29.5,0.42,2160,0
88.2,1577,26.1,0.46,2223,0
89.2,1371,35.8,0.57,2387,0
87.5,1767,24.4,0.43,2379,0
89.7,1517,28.5,0.45,2225,0
87.4,1555,29.5,0.46,2305,0
88.1,1416,31.0,0.51,2545,0
86.3,1588,26.2,0.48,2595,0
88.9,1422,31.9,0.56,2473,0
91.4,1376,33.4,0.52,2705,0
89.2,1434,32.9,0.49,2636,0
87.6,1423,30.8,0.54,2606,0
88.7,1364,32.4,0.53,2678,0
85.8,1825,25.4,0.49,2661,0
87.5,1365,30.5,0.53,2745,0
89.3,1430,30.6,0.57,2681,0
87.3,1435,30.2,0.5,2877,0
89.1,1811,26.7,0.48,2966,0
88.8,1465,30.8,0.52,2865,0
89.5,1372,32.8,0.52,3027,0
87.3,1858,26.8,0.46,2997,0
88.7,1715,27.4,0.48,3150,0
89.2,1590,30.3,0.59,2947,0
87.9,1664,25.2,0.48,3225,0
88.6,1512,28.6,0.49,3076,0
88.2,1498,30.7,0.58,3240,0
89.0,1395,30.4,0.57,3236,0
88.0,1490,30.2,0.56,3299,0
88.0,1527,29.7,0.55,3295,0
87.9,1512,31.0,0.61,3639,0
88.0,1474,30.9,0.62,3439,0
87.7,1505,30.5,0.62,3480,0
88.8,1496,30.9,0.55,3756,0
90.4,1382,30.9,0.75,3674,0
89.9,1419,32.0,0.67,3583,0
86.5,1462,31.0,0.62,3709,0
90.2,1450,30.9,0.58,3736,0
88.1,1389,30.8,0.67,3673,0
88.2,1697,27.4,0.56,3837,0
88.2,1335,34.3,0.68,3948,1
88.6,1476,30.1,0.57,4087,0
88.4,1497,32.9,0.6,4007,0
85.1,1669,27.5,0.61,4048,0
88.8,1455,31.4,0.71,4045,0
89.4,1499,30.0,0.67,4234,0
88.1,1478,31.7,0.68,4254,0
88.7,1928,26.3,0.58,4281,0
87.5,1621,28.2,0.59,4262,0
89.8,1356,30.9,0.69,4178,0
85.8,1490,33.3,0.72,4447,0
90.5,1578,29.1,0.64,4400,0
89.4,1681,29.4,0.69,4406,0
88.3,1417,31.7,0.68,4502,0
82.7,1532,29.1,0.25,518,0
85.4,1499,27.5,0.29,468,0
83.8,1432,29.5,0.32,581,0
85.0,1753,27.0,0.27,490,0
86.2,1414,31.9,0.38,685,0
83.6,1655,25.8,0.32,820,0
86.1,1516,27.8,0.25,605,0
86.6,1426,29.6,0.39,795,0
86.4,1479,27.9,0.21,874,0
84.6,1569,28.0,0.4,921,0
83.2,1568,28.7,0.31,849,0
85.9,1843,25.4,0.28,856,0
85.7,1480,28.7,0.34,951,0
84.4,1447,28.4,0.35,1147,0
87.7,1454,28.9,0.35,950,0
89.5,1310,32.9,0.39,1025,0
85.9,1513,29.5,0.4,1139,0
87.3,2140,21.7,0.32,1187,0
87.4,1377,31.9,0.36,1350,0
85.8,1585,25.9,0.38,1502,0
86.4,1491,30.6,0.41,1329,0
90.2,1264,32.9,0.42,1502,0
86.6,1372,29.7,0.44,1549,0
88.0,1510,29.6,0.39,1558,0
86.3,1423,29.4,0.39,1494,0
86.6,1464,27.2,0.38,1605,0
88.2,1602,27.2,0.3,1641,0
86.3,1629,27.3,0.37,1778,0
85.8,1811,24.3,0.39,1814,0
87.7,1711,25.7,0.38,1692,0
89.5,1297,31.3,0.4,1821,0
88.3,1405,29.9,0.48,1865,0
87.5,1397,33.1,0.46,2097,0
86.4,1682,28.1,0.35,2000,0
87.7,1528,28.8,0.52,1926,0
88.0,1548,29.0,0.39,1985,0
87.3,1395,32.8,0.5,2071,0
90.1,1378,32.9,0.48,2219,0
89.1,1480,33.5,0.51,2264,0
85.9,1428,29.5,0.41,2277,0
87.1,1505,30.1,0.42,2297,0
87.2,1445,29.7,0.48,2357,0
88.1,1488,30.3,0.5,2393,0
89.6,1601,27.4,0.5,2296,0
88.0,1550,29.2,0.46,2469,0
86.5,1540,29.1,0.56,2464,0
88.0,1587,29.2,0.48,2413,0
87.5,1489,29.7,0.52,2774,0
88.3,1486,27.9,0.43,2695,0
89.1,1430,29.3,0.47,2707,0
89.1,1809,27.0,0.48,2711,0
88.2,1534,30.3,0.51,2853,0
89.4,1852,26.1,0.48,2737,0
89.0,1595,28.1,0.46,2858,0
87.8,1424,29.6,0.54,2843,0
90.2,1776,28.0,0.5,3012,0
88.7,1499,29.6,0.49,2924,0
85.4,2710,23.4,0.46,3132,1
90.8,1359,31.7,0.52,3089,0
90.0,1617,28.6,0.52,3194,0
88.7,1443,33.3,0.67,3218,0
87.9,1374,31.7,0.62,3324,0
86.9,1851,26.6,0.53,3200,0
90.5,1274,35.9,0.63,3401,0
89.8,1533,31.6,0.66,3232,0
88.6,1477,29.2,0.62,3420,0
88.8,1462,30.1,0.57,3409,0
89.4,1664,26.6,0.52,3376,0
87.6,1414,30.1,0.64,3470,0
88.1,2129,26.1,0.58,3526,0
88.7,1323,35.9,0.62,3650,0
88.5,1427,32.3,0.57,3660,0
89.2,1375,35.3,0.66,3744,0
88.9,1402,32.4,0.56,3724,0
88.2,1500,31.1,0.63,3806,0
89.9,1558,29.4,0.66,3856,0
87.7,1447,30.2,0.57,3947,0
87.6,1518,28.8,0.63,4054,0
89.8,1889,26.5,0.55,4090,0
89.4,1675,27.2,0.67,4076,0
85.0,1720,27.6,0.57,4127,0
87.6,1499,30.9,0.69,4207,0
86.8,1441,31.0,0.65,4210,0
87.8,1397,31.3,0.7,4343,0
84.9,1493,31.0,0.67,4287,0
89.3,1422,33.3,0.71,4231,0
87.9,1399,33.3,0.68,4365,1
89.0,1425,31.5,0.71,4596,0
86.8,1501,31.6,0.68,4496,0
85.4,1629,26.6,0.25,522,0
85.5,1490,29.7,0.36,531,0
87.2,1550,25.3,0.3,634,0
88.0,1416,30.8,0.34,630,0
86.5,1485,27.1,0.29,655,0
84.9,1564,28.6,0.29,745,0
86.4,1910,23.6,0.25,694,0
83.8,1460,29.0,0.34,797,0
83.5,1603,27.7,0.33,788,0
85.9,1486,31.1,0.34,829,0
88.0,1560,26.4,0.27,808,0
85.6,1498,29.1,0.36,892,0
86.2,1431,28.9,0.36,901,0
84.5,1486,28.9,0.3,1124,0
86.9,1486,28.8,0.25,934,0
86.8,1441,28.2,0.36,1176,0
87.9,1366,30.8,0.36,1001,0
85.2,1471,28.6,0.38,1237,0
85.2,1463,27.7,0.32,1162,0
84.7,1413,29.0,0.37,1310,0
85.7,1604,26.4,0.33,1291,0
85.9,1401,31.7,0.48,1275,0
83.8,1652,25.9,0.38,1534,0
86.1,1403,31.4,0.45,1523,0
84.6,1887,25.1,0.34,1536,0
85.9,1405,31.2,0.45,1480,0
86.3,1496,30.2,0.4,1632,0
85.8,1499,29.6,0.47,1553,0
85.0,1549,27.5,0.39,1513,0
86.3,1515,31.2,0.37,1602,0
84.5,1540,28.7,0.33,1689,0
86.0,1426,30.3,0.5,1738,0
86.2,1465,29.0,0.45,1853,0
85.0,1359,32.1,0.49,1909,0
87.2,1551,29.1,0.48,1942,0
85.1,1596,28.9,0.36,1878,0
86.0,1670,26.8,0.39,2098,0
87.1,1868,25.6,0.38,2115,0
88.2,1490,29.8,0.48,2116,0
86.6,1676,28.4,0.42,2337,0
85.4,1875,25.1,0.36,2259,0
87.3,1867,26.5,0.37,2337,0
87.4,1646,26.7,0.49,2449,0
86.7,1375,30.6,0.46,2302,0
86.2,1558,28.2,0.45,2508,0
84.6,1631,27.9,0.5,2609,0
87.8,1366,30.1,0.47,2574,0
87.3,1360,30.9,0.45,2512,0
88.3,1547,30.2,0.44,2614,0
86.6,1571,26.5,0.47,2703,0
87.6,1528,28.9,0.51,2555,0
85.7,1432,30.7,0.51,2651,0
88.8,1356,31.5,0.58,3006,0
86.2,1422,30.9,0.48,2922,0
87.3,1438,30.5,0.48,3091,0
84.8,1483,31.2,0.64,3077,0
87.2,1331,32.0,0.62,3075,0
83.8,1463,29.8,0.56,3054,0
86.1,1446,30.0,0.52,3145,0
87.3,1356,31.3,0.56,3266,0
84.9,1676,27.9,0.52,3252,0
84.1,1910,26.7,0.55,3235,0
89.0,1375,33.4,0.63,3243,0
86.9,1513,29.8,0.59,3332,0
86.2,1511,28.5,0.55,3303,0
86.4,1662,27.2,0.56,3421,0
91.0,1493,33.2,0.62,3415,0
88.6,1555,30.0,0.58,3478,0
88.9,1452,29.6,0.56,3477,0
87.7,1500,29.5,0.58,3560,0
87.1,1603,28.3,0.52,3576,0
83.9,1682,26.6,0.55,3801,0
86.8,1567,29.1,0.6,3630,0
87.6,1413,32.7,0.53,3768,0
85.9,1429,30.2,0.61,3697,0
86.2,1692,29.1,0.54,3830,0
86.3,1476,33.4,0.67,3885,0
87.8,1596,27.5,0.61,3749,0
89.8,1390,31.8,0.64,3839,0
89.0,1607,28.7,0.63,3963,0
87.5,1821,26.4,0.61,3989,0
85.6,2141,25.5,0.55,4135,0
85.4,1553,28.7,0.69,4237,1
83.5,1442,29.9,0.27,415,0
83.9,1459,30.9,0.37,563,0
82.7,2496,23.0,0.22,555,0
86.3,1367,33.0,0.32,670,0
83.0,2004,22.2,0.24,663,0
86.1,1406,30.7,0.29,788,0
84.8,1548,28.4,0.33,915,0
86.3,1333,29.8,0.3,882,0
85.6,1767,26.0,0.34,967,0
82.9,1827,25.5,0.26,779,0
86.0,1533,29.5,0.38,873,0
84.7,1515,28.6,0.33,1025,0
84.4,1568,30.4,0.36,1190,0
86.3,1452,31.2,0.35,1157,0
85.7,1433,28.0,0.36,1058,0
83.1,1650,26.6,0.34,1141,0
84.1,1629,26.9,0.28,1256,0
84.9,1520,29.4,0.32,1252,0
84.3,1393,29.3,0.35,1236,0
85.8,1364,31.0,0.37,1366,0
85.8,1389,33.6,0.46,1477,0
86.9,1466,31.3,0.41,1445,0
82.1,1650,28.2,0.34,1646,0
83.8,1554,27.0,0.37,1568,0
82.9,1474,28.4,0.38,1633,0
84.0,1600,27.4,0.37,1775,0
82.8,1356,31.8,0.42,1771,0
84.2,1571,30.0,0.38,1895,0
82.6,1658,27.5,0.42,1769,0
83.6,1393,31.1,0.46,1922,0
83.3,1448,33.0,0.45,1990,0
83.7,1477,29.4,0.44,1910,0
86.0,1506,32.0,0.44,1998,0
83.8,1685,27.6,0.41,2053,0
84.6,1533,27.9,0.44,2135,0
86.2,1447,30.7,0.47,2192,0
84.2,1488,30.3,0.39,2117,0
84.2,1427,32.3,0.49,2238,0
84.6,1424,29.6,0.41,2424,0
83.4,1472,30.1,0.5,2434,0
83.8,1438,30.2,0.52,2449,0
82.6,1507,30.2,0.46,2406,0
86.0,1393,31.5,0.51,2627,0
84.7,1283,31.0,0.44,2574,0
84.1,1644,27.5,0.5,2531,0
83.6,1498,32.2,0.54,2581,0
85.0,1400,30.5,0.54,2562,0
83.3,1679,27.5,0.53,2666,0
84.5,1618,28.8,0.43,2771,0
85.5,1714,27.0,0.52,2833,0
85.8,1574,27.1,0.56,2851,0
85.2,1574,27.2,0.45,2783,0
82.9,1472,29.1,0.52,2956,0
88.4,1552,28.9,0.49,3029,0
87.1,1603,27.3,0.54,2930,0
86.9,1353,31.9,0.47,3036,0
84.1,1690,29.0,0.59,3240,0
84.9,1745,25.9,0.5,3072,0
85.9,1522,31.7,0.61,3199,0
87.6,1641,29.1,0.54,3376,0
86.2,1596,26.8,0.55,3358,0
85.4,1497,30.4,0.47,3339,0
86.6,1371,32.7,0.61,3470,0
87.8,1445,30.1,0.62,3572,0
88.1,1564,31.8,0.6,3543,0
88.1,1439,31.7,0.54,3643,0
87.9,1352,33.8,0.64,3649,0
85.9,1560,30.2,0.55,3691,0
82.6,1616,30.2,0.57,3755,0
85.7,1835,27.5,0.49,3731,0
85.7,1649,28.2,0.61,3715,0
86.8,1452,31.6,0.69,3882,0
84.9,2144,24.9,0.62,3869,0
84.7,1554,30.1,0.57,3879,0
85.8,1827,27.6,0.6,3993,0
86.9,1448,32.1,0.69,4088,0
86.6,1530,29.7,0.61,4009,0
86.1,1983,26.5,0.53,4076,0
86.4,1620,29.6,0.59,4016,0
84.8,1630,27.8,0.59,4146,0
87.4,1229,36.4,0.76,4235,1
84.8,1873,26.8,0.64,4251,0
86.0,1426,32.2,0.73,4260,0
87.9,1376,33.5,0.65,4382,1
86.2,1622,29.8,0.61,4364,0
88.5,1492,31.8,0.74,4602,0
88.9,1374,32.2,0.68,4465,0
85.0,1737,26.5,0.63,4282,1
78.4,1426,29.8,0.23,411,0
83.7,1826,25.0,0.3,578,0
82.0,1669,26.9,0.2,537,0
82.2,1473,29.4,0.24,578,0
82.0,1751,25.3,0.32,579,0
83.2,1446,29.2,0.41,675,0
84.0,1483,29.5,0.31,782,0
81.1,1535,29.5,0.32,833,0
81.8,1477,29.4,0.37,756,0
84.0,1391,31.5,0.36,938,0
83.0,1636,24.2,0.29,814,0
83.1,1675,28.1,0.3,1033,0
82.1,1329,31.5,0.3,1061,0
81.0,1548,27.6,0.34,1048,0
82.4,1391,27.5,0.37,1092,0
83.1,1437,30.6,0.35,1242,0
86.1,1370,33.2,0.38,1202,0
80.3,1577,27.8,0.32,1267,0
82.3,1485,28.3,0.39,1373,0
80.6,1504,27.9,0.39,1392,0
80.0,1551,28.3,0.35,1316,0
84.2,1428,30.4,0.37,1438,0
82.8,1755,26.8,0.32,1421,0
84.4,1329,32.7,0.47,1601,0
83.7,1496,28.3,0.38,1690,0
82.2,1532,27.4,0.4,1535,0
83.8,1389,33.5,0.48,1636,0
86.1,1524,32.5,0.42,1747,0
83.1,1422,32.0,0.39,1729,0
83.2,1739,26.8,0.34,1826,0
82.3,1736,25.7,0.42,1820,0
81.5,1419,32.0,0.42,1767,0
81.6,1326,30.6,0.44,1897,0
82.9,1449,30.9,0.39,2013,0
84.7,1534,29.0,0.38,2001,0
85.1,1443,33.2,0.44,2142,0
84.7,1498,28.4,0.51,1923,0
81.5,1796,27.5,0.43,2131,0
85.4,1519,30.3,0.44,2085,0
82.6,1339,31.3,0.53,2102,0
83.5,1483,29.9,0.45,2314,0
81.5,2099,24.2,0.45,2223,0
82.1,1689,27.0,0.52,2268,0
85.8,1369,32.3,0.56,2377,0
82.4,1512,28.7,0.48,2267,0
83.3,1303,36.6,0.6,2583,1
83.2,1552,28.8,0.49,2680,0
82.2,1713,26.2,0.38,2636,0
87.5,1456,29.5,0.48,2632,0
84.3,1524,29.2,0.46,2617,0
83.4,1394,31.9,0.49,2584,0
81.1,1981,24.6,0.52,2819,0
81.1,1565,28.2,0.54,2832,0
81.8,1657,27.8,0.5,2830,0
83.6,1625,28.8,0.54,2857,0
84.9,1606,29.5,0.42,2907,0
86.4,1336,33.6,0.61,2877,0
84.2,1587,28.8,0.55,3208,0
83.9,1602,30.6,0.45,3038,0
84.3,1471,30.3,0.57,3063,0
84.3,1332,32.0,0.52,3222,0
87.0,1434,31.8,0.51,3219,0
83.3,1921,27.9,0.56,3309,0
83.9,1704,27.8,0.49,3459,0
82.5,1397,31.9,0.58,3489,0
83.7,1791,26.8,0.58,3546,0
84.8,1818,25.1,0.52,3464,0
83.5,1540,30.0,0.57,3645,0
84.4,1502,28.3,0.59,3568,0
85.7,1761,28.0,0.58,3665,0
83.5,1517,29.7,0.6,3805,0
87.1,1309,34.7,0.66,3841,0
85.1,1363,31.8,0.65,3932,0
83.4,1787,25.5,0.57,3977,0
82.8,1640,27.7,0.6,4036,0
84.6,1720,26.8,0.65,3896,0
88.6,1384,33.0,0.67,4246,0
86.8,1294,34.1,0.69,4091,0
84.3,1464,31.0,0.68,4279,0
85.7,1803,27.4,0.64,4016,0
84.8,1602,28.5,0.61,4232,0
86.9,1519,30.3,0.66,4172,0
86.2,1638,28.6,0.54,4309,0
81.4,1615,29.8,0.64,4435,0
80.7,1651,28.3,0.32,473,0
84.3,1387,31.2,0.3,641,0
81.9,1678,27.9,0.29,713,0
81.1,1585,27.8,0.28,547,0
81.3,1640,26.3,0.26,621,0
80.4,1406,30.9,0.36,631,0
82.2,1679,28.0,0.26,841,0
84.2,1717,25.6,0.3,815,0
83.3,1429,29.2,0.33,841,0
85.1,1533,29.9,0.31,952,0
83.4,1525,28.3,0.34,955,0
82.6,1739,24.5,0.27,965,0
84.3,1436,28.3,0.36,1073,0
81.8,1595,27.7,0.28,1083,0
81.7,1435,30.0,0.36,1186,0
82.2,1637,27.7,0.33,1116,0
83.3,1558,28.6,0.4,1298,0
80.8,1644,26.8,0.36,1263,0
80.4,1641,25.8,0.39,1384,0
82.3,1504,29.1,0.4,1480,0
83.5,1506,31.1,0.43,1398,0
83.1,1380,30.2,0.38,1592,0
80.4,1549,29.1,0.44,1446,0
86.1,1402,35.5,0.47,1762,1
81.6,1401,31.2,0.35,1791,0
81.5,1459,29.3,0.4,1656,0
80.5,1465,28.5,0.43,1710,0
85.9,1295,32.2,0.39,1697,0
82.1,1529,30.0,0.38,1943,0
81.2,1484,30.6,0.39,1896,0
82.2,1739,27.6,0.44,1944,0
82.5,1422,28.9,0.51,1922,0
81.4,1463,30.2,0.44,2246,0
81.8,1667,29.0,0.44,2059,0
80.4,1565,28.6,0.47,2174,0
81.2,1393,29.8,0.54,2278,0
79.6,1453,31.4,0.46,2265,0
80.3,1442,32.5,0.49,2302,0
83.8,1364,30.6,0.48,2356,0
83.1,1453,28.8,0.48,2466,0
81.6,1394,30.9,0.61,2482,0
83.1,1500,29.8,0.49,2693,0
80.7,1523,27.9,0.44,2554,0
82.3,1254,34.2,0.51,2766,0
82.2,1325,33.5,0.6,2618,0
82.3,1424,32.2,0.51,2732,0
81.6,1505,29.5,0.54,2765,0
83.9,1392,32.5,0.52,2777,0
82.4,1529,30.0,0.49,2942,0
83.4,1477,31.0,0.58,2946,0
83.8,1459,31.3,0.53,2826,0
81.3,2240,23.9,0.47,3221,0
81.5,1449,31.3,0.6,3129,0
80.3,1589,30.3,0.55,3150,0
81.7,1740,29.0,0.5,3308,0
82.1,1499,29.8,0.59,3318,0
82.3,1480,29.6,0.52,3269,0
81.7,1751,27.5,0.43,3190,0
85.5,1510,31.1,0.6,3427,0
81.5,1437,33.0,0.61,3340,0
80.1,1609,28.8,0.56,3605,0
82.9,1490,29.6,0.51,3479,0
81.8,1601,28.1,0.5,3594,0
82.2,1665,29.5,0.57,3559,0
83.2,1452,31.2,0.68,3601,0
83.3,1487,28.1,0.58,3746,0
81.1,1382,32.0,0.63,3792,0
81.0,1686,26.9,0.57,3824,0
82.8,1491,30.0,0.7,4079,0
84.4,1442,34.8,0.72,3999,0
85.8,1390,31.9,0.63,3987,0
84.2,1502,33.4,0.66,3801,0
83.8,1344,36.2,0.72,4123,0
81.7,1385,31.2,0.62,4350,1
79.3,1547,27.9,0.31,485,0
79.3,1525,30.4,0.27,471,0
80.5,1540,28.5,0.23,602,0
80.3,1450,29.3,0.32,510,0
79.8,1353,34.4,0.36,697,0
80.1,1582,32.1,0.32,816,0
82.2,1396,30.8,0.3,678,0
80.8,1551,27.3,0.28,716,0
80.2,1836,24.8,0.32,814,0
81.7,1390,31.2,0.37,833,0
82.8,1534,28.8,0.3,788,0
79.5,1953,24.5,0.2,914,0
79.9,1634,26.2,0.28,933,0
78.3,1881,23.9,0.3,1125,0
81.1,1448,30.5,0.33,1144,0
78.3,1362,29.8,0.35,1217,0
81.9,1225,35.0,0.39,1222,0
80.7,1384,29.1,0.38,1210,0
79.9,1334,29.7,0.42,1177,0
80.2,1336,30.9,0.39,1389,0
83.6,1331,34.2,0.43,1346,0
81.1,1629,28.1,0.34,1272,0
80.8,1776,25.7,0.32,1334,0
81.9,1530,28.4,0.41,1342,0
81.0,1719,26.5,0.38,1367,0
82.6,1495,27.2,0.46,1598,0
81.3,1450,29.9,0.43,1522,0
79.4,1563,27.9,0.38,1596,0
83.4,1501,28.5,0.37,1748,0
82.5,1351,30.8,0.48,1783,0
81.3,1365,30.1,0.41,1777,0
80.2,1525,29.3,0.45,1991,0
83.3,1288,34.5,0.46,1783,0
81.0,1423,30.8,0.45,1840,0
82.9,1502,27.9,0.39,2031,0
80.6,1428,30.1,0.48,1997,0
79.7,1566,28.3,0.39,2030,0
82.3,1483,31.2,0.48,2050,0
81.9,1593,28.4,0.43,2217,0
80.6,1724,26.7,0.42,2297,0
80.6,2617,22.4,0.36,2324,1
82.7,1294,34.7,0.51,2303,0
81.7,1533,28.4,0.48,2325,0
81.8,1671,26.2,0.41,2408,0
82.7,1370,31.4,0.49,2587,0
81.6,1462,30.8,0.49,2671,0
82.7,1545,29.4,0.47,2670,0
78.5,1484,27.6,0.46,2657,0
84.1,1344,32.0,0.56,2749,0
79.9,1357,32.2,0.53,2629,0
80.4,1572,26.8,0.48,2702,0
80.8,1861,26.8,0.42,2854,0
81.5,1548,31.7,0.62,2838,0
83.3,1496,29.7,0.61,2910,0
81.3,1314,32.9,0.53,2997,0
82.9,1422,31.0,0.61,3038,0
80.4,1842,24.9,0.46,2938,0
83.8,1434,32.2,0.65,3062,0
82.5,1585,29.2,0.53,3041,0
82.7,1704,28.3,0.52,3106,0
81.8,1971,28.3,0.4,3120,0
83.1,1431,29.6,0.53,3303,0
84.2,1546,28.9,0.56,3185,0
84.7,1496,29.1,0.56,3395,0
84.6,1243,36.5,0.61,3508,0
83.5,1452,31.3,0.57,3531,0
85.7,1380,31.3,0.62,3528,0
84.6,1567,29.9,0.53,3682,0
85.2,1628,29.2,0.58,3621,0
83.6,1505,31.1,0.67,3561,0
81.2,1827,27.3,0.57,3676,0
83.5,1577,30.1,0.62,3876,0
84.0,1304,34.3,0.59,3668,0
84.5,1324,34.4,0.63,3680,0
82.7,1537,31.7,0.7,3929,0
85.2,1501,31.7,0.63,3897,0
82.3,1654,27.5,0.64,3926,0
83.7,1519,29.3,0.6,3921,0
84.3,1371,33.2,0.67,3919,0
85.0,1181,36.1,0.76,3994,1
83.3,1469,31.3,0.66,4275,0
83.5,1637,30.1,0.64,4181,0
80.4,1370,30.2,0.3,343,0
81.7,1630,26.7,0.22,630,0
80.6,1517,27.9,0.26,670,0
78.6,1668,27.1,0.26,705,0
80.0,1818,24.3,0.26,626,0
79.8,1541,28.8,0.34,692,0
81.7,1482,29.8,0.32,778,0
84.6,1439,31.4,0.36,914,0
80.2,1492,29.6,0.33,794,0
80.5,1725,25.2,0.25,813,0
79.3,1559,29.2,0.34,965,0
81.9,1435,29.9,0.34,1041,0
80.0,1512,27.5,0.36,976,0
80.1,1564,29.2,0.29,1087,0
80.0,1522,28.6,0.26,1078,0
83.2,1356,33.7,0.41,1085,0
82.2,1556,30.2,0.36,1074,0
81.5,1393,29.5,0.36,1084,0
79.3,1753,25.8,0.32,1162,0
82.4,1651,27.3,0.37,1169,0
81.2,1372,33.1,0.39,1305,0
78.9,1446,29.4,0.37,1416,0
81.9,1501,29.6,0.39,1370,0
80.3,1411,30.0,0.34,1333,0
81.3,1672,27.2,0.34,1529,0
80.8,1475,28.9,0.39,1573,0
81.8,1469,28.8,0.46,1642,0
82.2,1704,26.0,0.35,1597,0
79.5,1463,29.5,0.41,1765,0
81.9,1280,34.9,0.52,1853,0
81.4,1464,27.9,0.38,1801,0
83.7,1332,29.9,0.5,1909,0
80.3,1634,27.1,0.49,1975,0
80.9,1430,29.3,0.44,1886,0
82.1,1523,31.0,0.43,1970,0
80.5,1557,29.8,0.5,2036,0
80.8,1585,28.1,0.45,1995,0
78.9,1579,28.3,0.43,2154,0
85.4,1354,34.2,0.58,2289,0
79.5,1627,28.5,0.49,2249,0
80.6,1477,28.7,0.44,2324,0
80.1,1595,28.3,0.44,2444,0
83.3,1520,29.0,0.49,2353,0
78.8,1618,28.6,0.45,2450,0
84.2,1397,32.6,0.46,2411,0
82.6,1450,32.0,0.47,2444,0
81.7,1501,28.0,0.43,2555,0
80.4,1392,32.7,0.55,2600,0
81.9,1385,30.3,0.46,2661,0
80.6,1461,30.8,0.53,2658,0
84.2,1364,32.8,0.64,2725,0
80.1,1579,29.4,0.56,2874,0
81.2,1514,29.5,0.43,2861,0
80.6,1560,28.0,0.46,2857,0
80.1,1542,27.8,0.48,2924,0
81.3,1668,27.2,0.44,2895,0
80.8,1816,26.5,0.4,2942,0
82.4,1509,28.6,0.51,3047,0
79.6,1479,30.3,0.56,3068,0
82.6,1655,27.5,0.55,3160,0
84.1,1711,27.6,0.49,3234,0
81.3,1581,27.9,0.52,3160,0
85.7,1279,32.4,0.62,3043,0
82.3,1468,31.7,0.56,3455,0
80.7,1419,31.2,0.6,3276,0
81.9,1530,28.6,0.58,3379,0
82.6,1710,27.2,0.51,3457,1
81.4,1518,30.0,0.5,3548,0
81.3,1679,28.3,0.62,3615,0
82.1,1870,25.7,0.49,3495,0
82.8,1484,31.5,0.62,3672,0
83.5,1457,31.8,0.53,3628,0
82.4,1546,29.6,0.58,3868,0
82.5,1478,29.3,0.6,3825,0
81.9,1447,31.8,0.64,3776,0
82.6,1443,32.3,0.75,3763,0
80.8,1527,28.6,0.56,3652,0
85.0,1469,33.9,0.71,3951,0
81.0,1681,27.3,0.6,4031,0
84.2,1420,31.6,0.62,4064,0
82.7,1543,32.4,0.7,3851,0
83.3,1376,33.5,0.67,3992,0
78.1,1631,25.2,0.3,538,0
78.1,1529,28.6,0.38,732,0
77.8,1468,30.5,0.33,673,0
79.0,1378,30.5,0.33,801,0
79.7,1401,30.1,0.39,666,0
79.4,1531,28.1,0.37,801,0
80.3,1512,26.3,0.27,798,0
79.6,1522,29.3,0.33,951,0
77.9,1615,27.4,0.33,866,0
78.2,1449,30.1,0.35,1097,0
81.3,1315,33.4,0.34,973,0
81.5,1465,28.0,0.37,948,0
81.8,1404,29.5,0.38,1004,0
81.3,1547,30.2,0.35,1091,0
81.2,1426,29.2,0.37,1206,0
81.6,1730,27.4,0.31,1180,0
80.2,1548,28.7,0.31,1199,0
80.8,1517,27.7,0.35,1372,0
79.2,1687,26.4,0.34,1079,0
77.7,1738,25.8,0.27,1337,0
79.0,1512,27.4,0.35,1300,0
80.7,1365,29.9,0.42,1427,0
79.1,2011,24.8,0.39,1569,0
81.6,1806,28.0,0.35,1622,0
79.4,1716,26.1,0.32,1650,0
80.8,1666,26.7,0.35,1805,0
79.6,1578,27.7,0.38,1762,0
79.6,1558,28.7,0.43,1943,0
78.7,1456,31.1,0.42,1891,0
79.4,1457,31.3,0.34,1792,0
80.6,1467,30.1,0.59,2078,0
79.4,1661,29.4,0.43,1981,0
80.3,1592,29.4,0.42,2162,0
79.6,1596,28.9,0.37,2026,0
79.2,1489,29.1,0.39,2105,0
82.7,1471,31.1,0.47,2153,0
79.6,1505,31.7,0.47,2141,0
81.1,1519,29.5,0.48,2309,0
79.6,1408,30.2,0.49,2398,0
80.6,1332,29.6,0.43,2095,0
81.4,1351,30.9,0.41,2379,0
79.6,1500,29.0,0.46,2278,0
75.7,1614,27.9,0.42,2178,0
79.2,1489,28.4,0.42,2480,0
79.8,1751,26.4,0.47,2516,0
80.2,1511,30.0,0.44,2582,0
78.9,1691,27.3,0.48,2593,0
76.2,1757,27.1,0.4,2669,0
78.2,1545,28.3,0.49,2586,0
78.1,2262,25.4,0.46,2744,0
79.1,1559,27.9,0.48,2815,0
79.7,1626,28.2,0.56,2920,0
79.2,1424,33.7,0.64,2851,0
78.3,1648,27.2,0.5,2866,0
78.5,1523,29.5,0.55,2932,0
77.6,1502,29.4,0.58,2877,0
75.7,1489,31.1,0.56,3069,0
78.1,1620,27.7,0.53,2927,0
77.8,1631,28.1,0.49,3128,0
77.6,1429,31.8,0.5,3139,0
78.3,1334,36.9,0.61,3062,1
78.7,1423,29.3,0.65,3120,0
78.0,1390,32.9,0.6,3206,0
79.0,1338,31.1,0.58,3283,0
80.0,1461,31.2,0.61,3482,0
75.0,1627,28.2,0.53,3444,0
77.2,1385,30.2,0.62,3550,0
78.0,1538,32.1,0.62,3643,0
79.5,1557,30.9,0.59,3681,0
75.7,1606,27.1,0.56,3630,0
81.0,1430,31.2,0.58,3610,0
78.2,1601,29.4,0.55,3759,0
79.1,1356,33.1,0.62,3718,0
78.2,1624,28.5,0.58,3953,0
79.5,1327,33.6,0.62,3931,0
81.0,1410,31.5,0.6,3914,0
78.2,1478,30.8,0.64,3974,0
80.0,1460,29.5,0.62,3983,0
78.9,1435,30.4,0.64,3974,0
78.7,1359,31.7,0.66,4079,0
81.6,1729,28.2,0.71,4109,0
79.8,1384,32.9,0.69,4319,0
80.8,1297,31.9,0.69,4198,0
80.8,1633,28.8,0.64,4329,0
78.0,1505,31.8,0.69,4261,0
82.6,1433,32.1,0.71,4314,0
77.6,1369,34.1,0.74,4270,1
78.8,1475,30.8,0.69,4482,1
76.0,1561,27.6,0.27,457,0
77.7,1472,28.7,0.31,622,0
77.5,1441,29.7,0.37,604,0
77.7,1401,32.1,0.34,619,0
76.8,1691,26.6,0.25,547,0
76.8,1382,30.2,0.31,742,0
76.2,1355,30.9,0.24,678,0
78.8,1529,30.1,0.33,652,0
77.8,1829,23.8,0.33,837,0
79.5,1480,28.7,0.27,737,0
76.7,1475,30.5,0.34,760,0
79.1,1431,31.6,0.41,1066,0
76.9,1437,27.1,0.39,971,0
78.9,1476,30.4,0.41,912,0
78.6,1490,28.6,0.27,1028,0
77.0,1632,25.9,0.36,1136,0
77.2,1402,29.8,0.33,1321,0
78.8,1347,31.0,0.34,1132,0
77.7,1747,26.2,0.38,1193,0
76.9,1557,28.0,0.38,1414,0
77.1,1371,33.0,0.46,1389,0
76.9,1506,27.8,0.34,1479,0
79.0,1590,28.1,0.44,1510,0
79.7,1336,32.1,0.46,1747,0
76.4,1411,28.9,0.44,1517,0
75.4,1704,25.7,0.32,1679,0
78.6,1723,26.5,0.42,1812,0
76.7,1459,29.1,0.4,1697,0
78.5,1572,28.1,0.38,1703,0
78.2,1384,34.5,0.49,1860,0
80.8,1383,31.5,0.47,1914,0
77.8,1360,31.9,0.42,1806,0
79.2,1596,28.3,0.5,2040,0
79.4,1448,32.8,0.55,1980,0
78.5,1443,28.5,0.46,2053,0
76.0,1492,28.9,0.45,2184,0
76.3,1497,30.2,0.47,2180,0
78.1,1530,29.2,0.38,2154,0
78.9,1478,31.0,0.48,2136,0
78.3,1328,34.5,0.53,2460,0
76.0,1771,28.8,0.4,2216,0
78.7,1564,27.8,0.44,2393,0
78.9,1461,29.3,0.39,2462,0
79.2,1335,34.3,0.5,2554,0
79.9,1441,30.7,0.55,2733,0
78.2,1268,34.2,0.63,2620,0
77.1,1697,25.8,0.42,2645,0
81.0,1421,31.5,0.53,2830,0
78.8,1496,29.3,0.54,2730,0
80.0,1375,33.1,0.54,2847,0
82.5,1295,33.1,0.58,2828,0
76.9,1643,26.8,0.5,2922,0
80.0,1514,28.5,0.56,2941,0
80.6,1671,27.2,0.44,2887,0
80.1,1355,33.3,0.55,2807,0
81.3,1365,30.9,0.59,2910,0
78.6,1407,30.2,0.55,2932,0
79.5,1455,31.9,0.56,3107,0
80.8,1502,32.3,0.59,2980,0
81.7,1471,32.4,0.56,3191,0
81.0,1581,28.3,0.47,3268,0
81.8,1530,30.0,0.53,3361,0
80.6,1312,33.4,0.59,3368,0
81.2,1494,30.4,0.57,3436,0
78.6,1528,26.1,0.59,3432,0
80.1,1688,27.7,0.57,3427,0
79.9,1520,29.9,0.62,3533,0
79.4,1664,27.0,0.56,3527,0
80.4,1514,31.0,0.6,3666,0
78.6,1456,33.3,0.62,3557,0
78.3,1494,30.3,0.55,3805,0
78.9,1605,28.5,0.54,3678,0
78.1,1353,31.5,0.63,3803,0
81.2,1447,32.5,0.6,3870,0
80.9,1588,30.4,0.63,3972,0
80.3,1524,31.4,0.62,3781,0
78.0,1611,28.3,0.58,3978,0
81.3,1604,29.2,0.66,4101,0
82.8,1483,31.8,0.57,4251,0
79.9,1543,30.3,0.63,4143,0
80.9,1323,30.9,0.57,4134,1
77.2,1555,26.9,0.29,662,0
77.1,1583,27.2,0.3,600,0
77.1,1584,27.6,0.24,681,0
76.3,1766,25.0,0.22,528,0
78.9,1498,30.4,0.25,702,0
81.0,1413,30.6,0.34,627,0
75.5,1505,27.7,0.28,645,0
78.1,1438,29.6,0.32,831,0
76.2,1655,26.4,0.3,926,0
80.1,1451,28.3,0.3,888,0
77.2,1466,29.4,0.38,1095,0
75.0,1774,23.9,0.31,1004,0
79.3,1284,32.0,0.33,1048,0
79.7,1425,28.0,0.32,1120,0
79.5,1437,32.8,0.35,1139,0
79.0,1335,33.6,0.45,1296,0
78.3,1471,27.9,0.39,1146,0
80.3,1364,31.3,0.4,1204,0
76.5,1578,28.5,0.43,1223,0
77.2,1712,27.5,0.41,1504,0
76.6,1733,26.9,0.34,1363,0
76.2,1652,26.7,0.34,1363,0
76.8,1917,26.9,0.32,1437,0
79.6,1444,29.4,0.35,1564,0
78.7,1442,27.4,0.45,1603,0
78.5,1717,26.8,0.33,1539,0
78.8,1474,28.7,0.44,1606,0
79.1,1509,30.2,0.43,1557,0
78.1,1451,29.3,0.4,1721,0
78.2,1554,28.6,0.47,1848,0
78.3,1669,26.6,0.32,1734,0
79.4,1366,31.1,0.45,1867,0
78.5,1578,26.4,0.39,1805,0
78.2,1513,29.5,0.46,1800,0
77.9,1515,30.8,0.45,1995,0
81.9,1562,26.9,0.35,2182,0
79.8,1501,27.7,0.48,2073,0
79.2,1398,29.5,0.46,2032,0
79.5,1352,31.3,0.45,2091,0
78.0,1569,28.9,0.42,2307,0
79.0,1486,30.2,0.43,2268,0
78.2,1864,24.8,0.41,2271,0
77.1,1447,30.7,0.49,2363,0
77.1,1392,29.0,0.47,2438,0
78.6,1358,30.7,0.49,2494,0
79.5,1491,29.9,0.42,2613,0
78.7,1556,26.9,0.49,2630,0
80.8,1531,30.1,0.4,2579,0
77.4,1429,29.1,0.49,2595,0
78.3,1573,27.2,0.41,2719,0
81.5,1538,29.2,0.51,2692,0
79.8,1467,30.3,0.51,2855,0
81.2,1323,32.8,0.57,2796,0
80.9,1798,26.9,0.5,2940,0
78.9,1411,30.7,0.59,3092,0
79.2,1528,31.1,0.48,3034,0
78.9,1504,30.7,0.54,3044,0
76.8,1384,30.3,0.62,3020,0
77.7,1677,27.6,0.5,3091,0
79.7,1764,27.2,0.48,3042,0
80.0,1472,30.3,0.55,3211,0
81.0,1465,33.2,0.6,3051,0
78.7,1657,28.3,0.49,3352,0
78.2,1635,28.4,0.57,3387,0
80.9,1582,26.8,0.56,3371,0
78.5,1761,27.7,0.47,3374,0
80.2,1587,28.0,0.56,3451,0
81.0,1446,32.9,0.61,3346,0
82.6,1352,34.2,0.57,3607,0
81.6,1392,31.9,0.56,3582,0
79.4,1417,32.8,0.58,3769,0
78.0,1824,25.5,0.54,3715,0
80.9,1603,28.7,0.58,3791,0
80.0,1620,29.5,0.55,3840,0
80.5,1353,32.0,0.64,3766,0
82.4,1360,32.4,0.69,3843,0
81.1,1380,34.3,0.69,3926,0
81.2,1363,32.7,0.72,3926,0
81.1,1452,30.9,0.63,3958,0
79.3,1680,28.8,0.67,4035,0
82.0,1536,30.2,0.65,4096,0
75.8,1621,25.4,0.24,685,0
78.1,1585,27.4,0.29,510,0
80.1,1408,30.3,0.28,517,0
75.8,1536,28.6,0.29,612,0
77.9,1352,31.0,0.36,834,0
78.9,1481,29.1,0.34,875,0
79.6,1454,29.6,0.32,994,0
78.2,1349,30.5,0.47,878,0
77.6,1327,31.3,0.36,978,0
79.3,1552,28.9,0.28,896,0
79.8,1456,30.6,0.4,988,0
76.8,1254,29.8,0.38,962,0
76.6,1437,29.3,0.37,1143,0
77.4,1694,26.9,0.3,1143,0
79.1,1306,31.7,0.4,1194,0
76.7,1699,27.9,0.4,1144,0
79.4,1369,33.0,0.41,1333,0
77.2,1471,29.1,0.32,1108,0
75.5,1410,30.6,0.24,1316,0
77.7,1412,31.4,0.41,1363,0
78.6,1418,32.8,0.37,1263,0
76.7,1782,26.5,0.34,1491,0
76.3,1497,28.9,0.34,1482,0
75.5,1459,28.7,0.36,1594,0
75.9,1796,24.6,0.32,1745,0
78.1,1569,26.7,0.35,1647,0
79.7,1469,29.3,0.45,1734,0
79.3,1472,30.5,0.43,1802,0
77.6,1475,30.6,0.38,1767,0
76.8,1488,29.3,0.36,1694,0
79.2,1524,28.9,0.44,1667,0
79.5,1486,32.1,0.49,1864,0
80.2,1255,33.7,0.53,1838,0
76.2,1469,28.8,0.4,2026,0
76.9,1692,29.2,0.46,1938,0
78.1,1604,28.5,0.34,2011,0
79.7,1446,31.4,0.46,1972,0
79.5,1503,30.1,0.48,2073,0
78.2,1625,28.0,0.34,2061,0
78.6,1574,28.6,0.53,2122,0
78.5,1378,29.2,0.52,2221,0
78.5,1693,26.7,0.46,2230,0
79.4,1462,33.6,0.46,2525,0
79.6,1435,35.1,0.51,2417,0
78.7,1425,32.1,0.53,2526,0
79.9,1376,33.1,0.48,2483,0
80.3,1481,31.2,0.51,2589,0
80.2,1349,31.1,0.56,2600,0
79.8,1551,29.1,0.45,2933,0
80.6,1623,27.8,0.5,2750,0
80.6,1462,33.7,0.48,2800,0
80.0,1447,35.3,0.54,2823,0
80.1,1799,26.8,0.46,2964,0
78.3,1548,29.4,0.56,3104,0
79.1,1485,32.4,0.54,3130,0
80.7,1463,32.0,0.58,3036,0
80.1,1587,27.2,0.5,3070,0
78.7,1469,31.1,0.54,3268,0
79.5,1430,29.9,0.62,3389,0
78.3,1726,26.3,0.47,3299,0
79.2,1651,28.5,0.58,3496,0
81.4,1529,30.0,0.58,3317,0
81.4,1473,31.5,0.58,3403,0
81.0,1324,33.2,0.58,3425,0
79.2,1708,26.1,0.51,3628,0
79.4,1540,31.1,0.56,3616,0
83.5,1320,32.9,0.65,3703,0
81.3,1376,29.2,0.62,3817,0
79.2,1542,29.3,0.59,3720,0
81.1,1506,30.1,0.6,3834,0
80.4,1492,32.3,0.63,3755,0
80.1,1564,30.1,0.63,3990,0
80.8,1645,28.7,0.62,4074,0
81.2,1348,35.1,0.66,4104,0
81.7,1325,35.9,0.72,4138,1
78.5,1443,29.5,0.35,459,0
77.9,1436,28.0,0.25,424,0
78.4,1596,26.1,0.28,613,0
80.9,1491,30.2,0.3,685,0
77.1,1573,30.6,0.27,822,0
76.3,1575,27.6,0.37,682,0
76.0,1458,29.2,0.32,771,0
78.5,1433,28.6,0.38,874,0
76.9,1662,27.5,0.29,930,0
80.1,1327,33.1,0.41,824,0
77.8,1742,26.0,0.27,905,0
76.2,1506,26.1,0.29,920,0
77.1,1457,29.5,0.37,926,0
79.2,1488,28.1,0.35,1151,0
78.9,1619,28.4,0.36,1092,0
79.0,1558,28.3,0.37,1117,0
76.7,1731,26.7,0.27,1196,0
79.4,1574,27.6,0.31,1216,0
81.1,1290,31.4,0.43,1247,0
79.1,1416,29.6,0.29,1239,0
77.9,1566,28.4,0.39,1515,0
79.6,1456,31.1,0.39,1379,0
77.3,1528,27.9,0.41,1386,0
81.3,1338,32.1,0.43,1490,0
79.5,1558,29.1,0.36,1722,0
77.3,1614,28.5,0.36,1537,0
78.9,1557,27.8,0.37,1713,0
81.0,1443,31.0,0.45,1725,0
80.4,1332,32.7,0.35,1800,0
78.9,1752,25.3,0.39,1943,0
78.9,1460,29.7,0.41,1785,0
79.9,1802,26.8,0.4,1905,0
79.2,1527,28.0,0.45,2084,0
77.5,1458,28.2,0.37,2055,0
79.5,1520,28.0,0.43,2100,0
82.0,1378,31.3,0.49,2229,0
79.6,1529,27.9,0.45,2136,0
81.9,1527,26.1,0.43,2345,0
81.0,1438,29.2,0.43,2362,0
80.0,1583,29.2,0.42,2369,0
79.3,1530,27.9,0.41,2423,0
79.5,1530,29.0,0.5,2514,0
77.8,2089,26.2,0.41,2427,0
78.7,1616,28.2,0.47,2581,0
79.7,1681,27.1,0.39,2703,0
78.6,1475,29.6,0.5,2668,0
78.4,1371,32.9,0.55,2634,0
77.9,1546,28.8,0.42,2873,0
81.6,1461,29.5,0.49,2760,0
79.6,1638,28.9,0.43,2942,0
79.6,1577,28.6,0.49,2832,0
77.9,1532,29.5,0.49,3004,0
79.0,1710,26.7,0.5,2911,0
78.6,1584,27.2,0.51,3034,0
80.3,1446,32.5,0.63,3013,0
78.9,1522,31.8,0.56,3249,0
80.5,1382,31.7,0.6,3168,0
79.2,1584,28.9,0.53,3150,0
79.6,1385,33.1,0.57,3282,0
80.4,1592,27.6,0.58,3353,0
78.0,1404,29.6,0.63,3344,0
80.3,1518,31.3,0.62,3334,0
80.0,1529,30.9,0.58,3518,0
78.0,1550,30.1,0.53,3571,0
77.0,1773,24.4,0.57,3374,0
79.5,1446,30.8,0.62,3471,0
80.3,1487,30.9,0.7,3564,0
80.0,1524,32.5,0.58,3588,0
80.5,1403,33.2,0.69,3726,0
79.5,2267,25.0,0.54,3867,0
78.2,1529,29.8,0.59,3724,0
77.6,1402,31.4,0.71,3934,0
79.5,1693,26.7,0.59,3726,0
81.7,1496,31.7,0.6,3916,0
78.9,1633,28.9,0.59,3867,0
77.9,1399,29.9,0.6,3989,0
79.1,1363,30.4,0.63,3846,0
78.0,1527,31.0,0.67,3937,0
80.2,1405,29.9,0.69,4166,0
79.1,1459,33.7,0.73,4131,1
78.5,1789,26.7,0.57,4209,0
78.7,1531,30.5,0.68,4435,0
79.8,1620,28.9,0.68,4335,0
76.4,1571,27.8,0.21,572,0
77.1,1434,28.5,0.3,475,0
77.2,1474,28.8,0.3,464,0
75.7,1544,29.0,0.34,600,0
77.0,1601,27.2,0.31,541,0
75.9,1801,25.6,0.29,640,0
75.8,1465,29.8,0.3,750,0
80.6,1340,32.2,0.35,758,0
77.8,1517,29.9,0.36,847,0
77.3,1434,30.5,0.34,922,0
77.4,1935,24.0,0.28,831,0
78.8,1595,26.6,0.26,940,0
75.5,2188,23.1,0.28,895,0
78.1,1449,29.1,0.28,1075,0
75.9,1471,28.4,0.33,1217,0
76.4,1639,27.9,0.34,1313,0
75.8,1846,24.7,0.35,1244,0
77.1,1452,28.4,0.32,1392,0
77.8,1483,28.8,0.39,1367,0
79.3,1284,33.9,0.49,1398,0
78.0,1419,30.9,0.38,1376,0
74.7,1763,25.7,0.29,1270,0
75.7,1478,29.0,0.41,1594,0
75.8,1518,28.5,0.33,1545,0
77.0,1447,31.1,0.39,1696,0
79.0,1355,32.3,0.48,1545,0
76.8,1348,33.4,0.53,1868,0
77.5,1348,32.0,0.41,1690,0
77.5,1734,27.2,0.35,1690,0
77.0,1420,29.9,0.42,1781,0
76.3,1797,25.5,0.35,1848,0
77.1,1403,29.3,0.52,1864,0
76.5,1628,26.7,0.38,1882,0
75.9,1687,25.7,0.39,1814,0
77.9,1456,31.0,0.52,1948,0
75.3,1496,31.0,0.48,2151,0
75.6,1636,27.7,0.46,2030,0
77.1,1536,29.5,0.41,1999,0
78.0,1454,31.2,0.46,2087,0
79.2,1396,31.1,0.45,2200,0
75.7,1575,30.0,0.48,2182,0
77.8,1514,29.6,0.5,2256,0
75.7,1455,31.9,0.47,2250,0
78.0,1549,31.0,0.48,2448,0
77.3,1474,31.2,0.47,2442,0
74.5,1661,27.6,0.4,2616,0
76.0,1535,28.5,0.44,2497,0
75.7,1556,28.6,0.49,2540,0
77.6,1435,30.1,0.48,2711,0
76.8,1332,32.9,0.54,2683,0
76.4,1513,30.7,0.46,2630,0
78.5,1502,29.5,0.5,2786,0
78.1,1315,33.6,0.56,2808,0
78.7,1261,31.8,0.5,2669,0
78.3,1406,34.8,0.62,2814,0
79.4,1584,29.2,0.57,2916,0
76.7,1443,30.8,0.5,3052,0
76.6,1580,29.3,0.51,3046,0
78.5,1825,27.0,0.49,2981,0
77.6,1469,30.7,0.5,3005,0
79.5,1493,30.6,0.48,3161,0
78.4,1598,28.8,0.56,2938,0
77.4,1450,29.6,0.5,3121,0
75.5,1632,28.6,0.6,3387,0
76.6,1980,25.2,0.44,3352,0
78.5,1474,30.9,0.61,3321,0
79.2,1540,29.6,0.55,3321,0
79.8,1609,29.9,0.57,3520,0
77.6,1467,31.0,0.67,3512,0
79.0,1492,29.9,0.53,3524,0
79.4,1493,31.8,0.64,3607,0
79.1,1500,29.8,0.62,3626,0
78.3,1477,29.1,0.72,3655,0
76.4,1342,31.9,0.59,3578,0
77.4,1538,30.4,0.56,3637,0
77.9,1337,35.7,0.71,3833,0
78.1,1417,31.2,0.61,3853,0
80.1,1383,32.8,0.62,3874,0
79.1,1440,31.5,0.67,3833,0
79.4,1579,29.2,0.59,3994,0
78.8,1441,29.2,0.59,3939,0
76.6,1530,29.2,0.65,4108,0
74.8,1705,26.9,0.6,3998,0
79.1,1435,30.2,0.64,4051,0
80.1,1340,34.3,0.72,4170,1
78.5,1431,33.2,0.66,4303,1
78.1,1396,33.8,0.74,4268,1
79.0,1369,32.4,0.69,4309,0
78.6,1615,28.9,0.62,4328,1
76.4,1662,27.4,0.22,521,0
76.3,1553,26.3,0.29,530,0
78.1,1536,27.4,0.26,508,0
75.9,1548,29.9,0.24,635,0
77.3,1706,26.8,0.23,672,0
77.2,1366,29.2,0.31,884,0
77.7,1440,27.7,0.29,682,0
75.9,1685,26.0,0.28,700,0
78.4,1444,29.7,0.32,842,0
77.8,1395,30.8,0.29,794,0
76.1,1483,28.7,0.29,823,0
77.5,1403,31.5,0.39,830,0
76.0,1793,27.0,0.34,936,0
77.0,1723,25.7,0.34,1027,0
75.5,1386,27.2,0.37,1020,0
77.3,1585,30.7,0.41,1138,0
76.5,1731,26.1,0.28,1058,0
77.2,1519,29.2,0.36,1340,0
77.7,1896,25.5,0.28,1291,0
76.7,2358,23.1,0.26,1339,0
78.1,1341,32.6,0.43,1454,0
77.5,1550,29.3,0.41,1490,0
79.1,1309,32.9,0.44,1446,0
77.8,1599,26.7,0.44,1568,0
75.6,1343,29.0,0.4,1709,0
77.4,1378,29.1,0.37,1540,0
75.7,1603,27.7,0.34,1716,0
78.6,1664,26.7,0.41,1603,0
77.6,1488,29.3,0.41,1821,0
78.3,1370,33.0,0.47,1706,0
78.9,1545,28.3,0.29,1756,0
78.2,1566,26.5,0.41,1944,0
76.2,1820,25.5,0.36,1963,0
77.3,1901,25.0,0.32,1886,0
77.4,1638,27.9,0.41,2004,0
75.9,1521,29.2,0.48,1991,0
76.3,1864,27.0,0.48,1973,0
77.9,1430,29.5,0.47,2205,0
77.8,1686,28.4,0.41,2197,0
77.3,1326,35.3,0.49,2203,0
78.6,1805,25.6,0.46,2436,0
78.3,1453,31.0,0.45,2295,0
77.6,1863,25.5,0.46,2468,0
78.4,1576,28.5,0.48,2596,0
77.3,1419,28.9,0.5,2525,0
78.2,1833,27.0,0.38,2522,0
76.7,2182,24.4,0.41,2640,0
76.7,1656,26.7,0.41,2742,0
79.9,1351,34.2,0.54,2811,0
79.4,1790,27.6,0.52,2926,0
78.4,1678,27.8,0.53,2829,0
79.7,1427,30.1,0.55,2935,0
78.3,1429,33.4,0.55,2853,0
75.4,1770,27.5,0.55,3043,0
79.4,1689,27.5,0.49,3094,0
80.7,1554,29.2,0.5,3100,0
79.8,1506,29.0,0.56,3119,0
78.1,1474,31.9,0.59,3176,0
76.0,1762,27.6,0.49,3258,0
76.8,1566,28.6,0.55,3197,0
76.5,1554,29.5,0.59,3286,0
77.1,1869,26.3,0.53,3401,0
79.8,1527,28.6,0.58,3312,0
78.4,1309,32.7,0.59,3386,0
78.1,1541,29.0,0.59,3453,0
81.9,1326,37.8,0.72,3685,1
78.5,1365,34.3,0.62,3528,0
80.6,1428,31.2,0.6,3679,0
79.6,1681,27.7,0.55,3636,0
77.2,1662,25.8,0.5,3693,0
76.3,1989,23.8,0.51,3693,0
78.4,1747,26.6,0.58,3897,0
77.6,1765,27.9,0.53,3791,0
77.1,1568,29.5,0.58,4023,0
79.8,1709,26.3,0.69,4024,0
81.5,1370,36.1,0.66,4033,0
79.5,1458,31.9,0.65,4168,0
76.9,1712,29.4,0.58,4377,0
77.3,1642,29.1,0.63,4202,0
76.9,1468,31.1,0.28,410,0
76.4,1477,31.4,0.31,655,0
76.9,1446,32.3,0.31,639,0
77.2,1653,26.3,0.33,829,0
77.6,1494,28.5,0.31,709,0
78.3,1490,29.7,0.28,887,0
76.2,1550,29.9,0.37,820,0
76.0,1677,27.7,0.27,1086,0
76.8,1854,22.9,0.22,904,0
77.4,1662,27.0,0.31,1203,0
79.6,1440,30.0,0.41,1051,0
78.3,1513,27.7,0.27,1137,0
80.6,1389,30.8,0.32,1241,0
79.2,1351,32.1,0.41,1095,0
79.1,1482,28.5,0.33,1271,0
76.9,1744,26.3,0.36,1224,0
78.2,1476,28.3,0.33,1295,0
79.6,1444,30.5,0.4,1325,0
79.8,1659,27.0,0.42,1417,0
79.7,1475,30.6,0.35,1503,0
78.2,1526,28.6,0.44,1468,0
78.7,1675,26.5,0.39,1559,0
75.1,1525,30.0,0.33,1416,0
76.2,1396,30.1,0.44,1718,0
78.7,1580,28.4,0.41,1809,0
78.3,1462,29.7,0.42,1725,0
79.2,1426,31.0,0.46,1617,0
77.9,1569,26.7,0.38,1840,0
78.9,1477,29.5,0.42,1755,0
76.4,1761,25.6,0.39,1866,0
79.5,1486,30.1,0.47,1942,0
79.1,1664,27.1,0.34,1984,0
79.6,1576,26.3,0.46,2063,0
81.4,1463,29.5,0.41,2024,0
79.1,1585,30.3,0.48,2115,0
79.6,1479,29.2,0.47,2213,0
77.1,1449,28.7,0.4,2184,0
79.2,1404,30.4,0.51,2170,0
78.2,1694,26.5,0.39,2350,0
79.6,1731,27.1,0.48,2259,0
77.9,1522,28.9,0.44,2379,0
79.4,1536,30.7,0.41,2311,0
78.7,1373,30.4,0.54,2412,0
78.3,1597,28.0,0.48,2451,0
78.7,1678,27.3,0.5,2449,0
78.4,1452,32.4,0.47,2651,0
78.4,1447,30.8,0.42,2680,0
76.6,1574,29.4,0.56,2757,0
78.8,1528,29.7,0.5,2673,0
78.0,1688,26.9,0.48,2689,0
78.6,1393,28.6,0.54,2823,0
80.3,1429,32.3,0.54,2805,0
81.1,1347,33.8,0.58,2858,0
79.6,1553,29.2,0.59,2698,0
81.3,1260,32.6,0.57,2997,0
79.6,1546,29.6,0.55,3022,0
78.7,1596,28.8,0.44,3007,0
79.6,1340,35.6,0.64,3109,0
80.2,1369,31.9,0.53,3127,0
80.6,1462,32.4,0.63,3077,0
81.0,1487,30.1,0.59,3150,0
80.7,1510,28.0,0.54,3176,0
77.9,1671,26.5,0.52,3427,0
78.7,1612,28.0,0.53,3477,0
80.5,1509,30.2,0.54,3387,0
81.5,1415,31.3,0.6,3555,0
79.3,2384,22.4,0.58,3564,0
81.1,1326,36.6,0.72,3522,0
79.1,1390,33.1,0.61,3623,0
79.0,1392,29.6,0.61,3735,0
81.0,1385,31.5,0.62,3795,0
79.9,1896,26.8,0.55,3995,0
79.3,1474,31.6,0.6,3851,0
80.9,1388,31.8,0.66,3860,0
80.8,1715,26.4,0.61,3978,0
79.0,1650,29.2,0.57,3954,0
81.3,1871,26.3,0.66,4011,1
79.4,1403,33.6,0.41,426,1
79.7,1518,29.1,0.32,261,0
78.2,1504,30.2,0.25,630,0
78.3,1340,33.7,0.36,476,0
78.5,1435,30.5,0.33,572,0
78.5,1507,27.6,0.32,755,0
78.1,1521,26.5,0.37,741,0
78.7,1576,30.9,0.32,974,0
79.1,1543,29.0,0.4,735,0
78.8,1665,27.3,0.34,1070,0
79.5,1442,31.8,0.35,1037,0
76.0,1629,25.9,0.4,1035,0
79.7,1379,31.6,0.39,1113,0
78.7,1502,28.4,0.32,1066,0
80.5,1595,28.5,0.33,933,0
77.6,1439,29.1,0.37,1146,0
75.6,1970,26.0,0.3,1040,0
79.4,1562,27.5,0.35,1169,0
79.4,1530,29.4,0.33,1241,0
77.6,1393,28.3,0.3,1228,0
77.1,1532,29.0,0.37,1412,0
80.5,1607,29.1,0.37,1354,0
80.9,1469,33.0,0.42,1440,0
75.5,1538,28.8,0.35,1460,0
77.6,1613,27.6,0.31,1524,0
80.2,1602,26.8,0.33,1478,0
78.2,1404,30.5,0.45,1509,0
78.0,1548,28.1,0.37,1626,0
78.2,1559,28.1,0.37,1597,0
77.2,1621,28.4,0.38,1821,0
76.4,1579,27.2,0.37,1635,0
80.6,1547,30.1,0.4,1968,0
77.2,1386,30.9,0.41,1858,0
79.6,1406,29.1,0.48,1875,0
81.5,1393,33.8,0.5,1862,0
76.2,2456,23.3,0.4,2011,0
79.0,1409,31.7,0.52,1996,0
81.7,1390,31.4,0.39,2089,0
79.8,1679,27.9,0.44,2168,0
78.5,1508,29.1,0.42,2190,0
80.1,1681,27.1,0.47,2271,0
80.9,1469,31.9,0.44,2251,0
80.2,1421,29.9,0.45,2220,0
78.9,1354,32.5,0.44,2166,0
79.9,1350,34.0,0.51,2384,0
81.1,1282,34.2,0.57,2439,0
79.1,1675,27.3,0.46,2611,0
81.0,1525,29.7,0.43,2501,0
78.4,1382,31.2,0.59,2593,0
78.6,1450,30.6,0.54,2661,0
79.5,1820,26.0,0.48,2675,0
78.7,1822,25.7,0.5,2737,0
79.9,1473,29.8,0.45,2640,0
78.1,1572,29.7,0.46,2663,0
78.8,2042,24.1,0.47,2772,0
79.6,1922,24.5,0.43,2674,0
81.1,1539,28.5,0.5,2880,0
81.3,1350,32.0,0.56,2866,0
80.7,1403,31.8,0.5,2980,0
80.8,1904,25.4,0.45,2969,0
78.2,1592,29.8,0.56,2944,0
79.8,1556,27.4,0.54,3184,0
77.0,1811,27.2,0.54,3121,0
79.0,1456,32.5,0.59,3237,0
79.3,1436,33.0,0.61,3236,0
81.4,1362,32.9,0.61,3347,0
79.1,1683,28.1,0.54,3255,0
81.2,1269,33.8,0.62,3501,0
79.4,1454,32.7,0.57,3523,0
79.1,1767,27.4,0.51,3487,0
78.8,1708,27.0,0.53,3547,0
80.2,1862,26.4,0.52,3639,0
78.8,1695,28.6,0.57,3565,0
82.7,1488,29.6,0.61,3504,0
78.4,1657,30.1,0.58,3656,0
79.1,1823,27.0,0.57,3732,0
82.5,1651,26.7,0.62,3806,0
80.2,1533,29.0,0.6,3967,0
79.5,1508,30.2,0.67,3838,0
81.0,1616,30.2,0.62,3902,0
80.0,1651,27.7,0.65,3919,0
80.1,1569,29.2,0.68,4074,0
81.3,1296,34.4,0.73,3953,0
81.9,1379,29.6,0.3,560,0
77.4,1694,25.3,0.27,514,0
77.3,1377,31.8,0.33,580,0
80.2,1470,28.0,0.28,819,0
80.0,1404,30.0,0.37,865,0
78.0,1593,28.2,0.28,830,0
77.4,1526,27.5,0.38,751,0
79.9,1390,31.9,0.35,1070,0
77.3,1737,25.1,0.41,947,0
77.0,1362,31.9,0.36,1018,0
79.9,1666,26.4,0.33,1107,0
79.1,1354,33.7,0.39,912,0
81.4,1302,32.5,0.37,1054,0
78.5,1991,25.6,0.34,1135,0
77.6,1353,32.8,0.35,1186,0
79.2,1520,29.0,0.32,1107,0
78.4,1428,32.7,0.43,1327,0
75.4,1605,24.8,0.37,1339,0
77.2,1691,27.9,0.29,1505,0
79.3,1447,30.2,0.42,1487,0
78.1,1606,28.3,0.39,1421,0
77.6,1645,26.4,0.32,1516,0
80.3,1470,30.9,0.37,1666,0
79.5,1336,31.1,0.34,1697,0
78.3,1414,30.9,0.49,1600,0
79.4,1802,26.0,0.42,1930,0
78.9,1683,27.0,0.34,1737,0
76.9,1410,31.3,0.48,2050,0
79.3,1605,27.3,0.38,1939,0
79.0,1709,27.2,0.43,1890,0
80.1,1444,33.0,0.45,1787,0
80.7,1367,30.9,0.44,2074,0
79.0,1418,28.3,0.44,1923,0
81.1,1353,33.6,0.47,2112,0
77.4,1643,27.9,0.49,2273,0
80.3,1437,29.0,0.48,2063,0
81.8,1437,27.9,0.45,2249,0
79.0,1413,30.2,0.52,2160,0
78.8,1524,29.6,0.4,2369,0
78.9,1479,30.0,0.43,2373,0
80.4,1313,32.5,0.53,2419,0
79.0,1335,31.4,0.54,2553,0
80.3,1367,31.1,0.5,2560,0
81.4,1459,32.8,0.45,2481,0
79.5,1804,26.4,0.4,2742,0
77.8,1491,29.1,0.51,2529,0
81.7,1537,31.1,0.61,2710,0
80.9,1646,27.7,0.52,2657,0
81.0,1783,27.2,0.54,2693,0
81.5,1395,32.9,0.57,2775,0
81.3,1423,32.8,0.56,2897,0
81.9,1562,28.2,0.48,2965,0
83.4,1549,29.2,0.57,3057,0
80.4,1540,30.0,0.54,3126,0
82.2,1573,27.2,0.54,3066,0
81.6,1418,31.1,0.57,3097,0
80.9,1565,28.9,0.54,3251,0
80.0,1569,30.2,0.56,3172,0
81.3,1417,29.8,0.57,3129,0
80.5,1480,30.5,0.6,3421,0
81.3,1364,31.2,0.54,3487,0
79.2,1911,26.0,0.45,3351,0
81.1,1409,31.7,0.61,3609,0
81.6,1335,33.2,0.69,3535,0
81.5,1512,31.3,0.65,3558,0
79.8,1447,29.9,0.54,3536,0
79.7,1537,31.2,0.57,3694,0
82.1,1510,29.6,0.54,3526,0
80.1,1677,28.6,0.55,3674,0
82.3,1504,28.3,0.63,3679,0
80.2,2051,26.3,0.53,3668,0
82.1,1474,30.2,0.61,3931,0
82.5,1507,29.7,0.63,3925,0
80.3,1496,29.4,0.59,4015,0
79.3,1921,26.9,0.63,3964,0
82.2,1450,30.0,0.64,4118,0
81.8,1402,32.9,0.64,4081,0
81.3,1501,32.0,0.7,4073,0
82.1,1725,27.5,0.65,4095,0
80.8,1500,31.3,0.71,4023,0
80.8,1531,27.9,0.61,4364,0
81.7,1458,31.7,0.73,4444,0
76.8,1577,27.5,0.29,734,0
78.7,1363,28.9,0.29,562,0
79.4,1706,26.6,0.25,589,0
79.2,1391,32.0,0.29,595,0
77.8,1616,27.9,0.27,861,0
78.4,1442,30.5,0.38,879,0
78.6,1626,29.6,0.35,980,0
79.0,1426,28.4,0.29,836,0
79.3,1436,30.6,0.29,1020,0
77.4,1599,28.2,0.28,956,0
77.1,2186,23.5,0.25,1159,0
78.3,1645,26.3,0.31,1130,0
76.2,1780,25.0,0.36,998,0
78.9,1345,28.2,0.34,1148,0
75.3,1607,27.6,0.4,1038,0
78.6,1708,26.3,0.26,1154,0
80.3,1270,32.6,0.39,1194,0
78.8,1646,25.1,0.36,1267,0
78.2,1407,29.6,0.42,1351,0
79.2,1581,30.7,0.39,1420,0
80.0,1532,30.3,0.43,1470,0
79.4,1610,27.2,0.4,1494,0
77.5,1682,28.0,0.34,1558,0
77.8,1519,26.9,0.39,1485,0
78.6,1683,26.3,0.39,1626,0
77.5,1254,32.7,0.42,1771,0
78.2,1461,32.0,0.5,1696,0
80.0,1472,30.5,0.39,1785,0
79.0,1510,30.2,0.42,1813,0
77.9,1547,27.4,0.36,1885,0
76.9,1418,32.1,0.46,1893,0
78.7,1289,32.0,0.42,2026,0
77.4,1487,30.1,0.43,2035,0
79.1,1453,29.9,0.39,2082,0
77.7,1466,31.8,0.49,2101,0
77.5,1288,31.6,0.49,2038,0
75.0,1738,25.7,0.46,2114,0
79.6,1488,29.7,0.45,2268,0
77.0,1816,26.6,0.48,2510,0
78.6,1419,33.7,0.51,2407,0
78.0,1435,31.7,0.5,2481,0
76.6,1480,30.2,0.58,2335,0
76.1,1610,28.0,0.45,2561,0
76.5,1548,29.9,0.54,2588,0
78.1,1379,34.5,0.58,2456,0
77.3,1907,23.5,0.43,2747,0
75.3,2033,24.8,0.38,2645,0
80.3,1390,32.6,0.52,2772,0
78.7,1544,28.3,0.56,2999,0
79.9,1258,34.6,0.66,2985,0
77.7,1560,31.4,0.53,2972,0
78.9,2071,25.3,0.47,3019,0
78.4,1437,32.3,0.6,3117,0
78.6,1489,32.1,0.57,3199,0
79.6,1334,32.4,0.65,3179,0
79.4,1500,28.5,0.58,3400,0
80.1,1498,32.3,0.6,3254,0
78.9,1370,33.0,0.59,3243,0
78.1,1526,29.0,0.54,3514,0
80.1,1477,31.2,0.48,3489,0
79.9,1446,31.6,0.65,3565,0
77.5,1720,26.7,0.53,3647,0
76.1,1734,27.4,0.55,3591,0
77.7,1697,27.5,0.48,3695,0
78.4,2007,25.4,0.5,3771,0
81.4,1469,30.8,0.61,3886,0
75.8,2189,24.5,0.49,3767,0
79.4,1435,31.6,0.67,3825,0
78.7,1637,29.6,0.61,3942,0
80.8,1664,26.4,0.53,4003,0
79.3,1666,29.1,0.55,4011,0
79.3,1404,31.7,0.61,4203,0
79.8,1702,26.9,0.66,3976,0
80.1,1439,31.9,0.72,4033,0
79.7,1354,33.1,0.67,4048,1
76.8,1361,29.7,0.22,596,0
79.6,1463,29.3,0.31,595,0
77.7,1515,29.0,0.31,497,0
77.6,1432,30.3,0.34,686,0
75.7,1911,23.5,0.3,729,0
77.6,1472,28.1,0.34,590,0
78.6,1382,32.2,0.31,817,0
77.1,1665,26.2,0.31,762,0
77.0,1676,26.6,0.34,948,0
78.1,1585,27.3,0.28,835,0
78.2,1415,30.2,0.37,998,0
77.9,1341,32.9,0.36,1137,0
77.3,1540,27.6,0.41,1147,0
75.3,1837,24.5,0.26,1145,0
80.6,1498,26.5,0.39,1187,0
78.6,1671,27.8,0.26,1109,0
78.0,1430,32.8,0.48,1230,0
77.9,1619,29.7,0.32,1282,0
78.3,1430,31.4,0.41,1312,0
79.5,1626,27.3,0.29,1267,0
77.2,1443,30.8,0.35,1460,0
78.4,1481,31.5,0.43,1366,0
78.5,1527,29.9,0.44,1620,0
80.5,1315,32.5,0.45,1561,0
79.1,1433,29.7,0.45,1681,0
77.5,1378,33.8,0.48,1733,0
78.7,1432,29.8,0.39,1876,0
78.2,1394,31.6,0.38,1760,0
79.9,1411,33.1,0.46,1767,0
79.4,2136,23.2,0.33,1858,0
77.8,1446,31.1,0.46,2043,0
79.2,1388,31.9,0.5,1871,0
79.4,1323,31.3,0.45,1995,0
78.5,1780,27.8,0.44,2138,0
80.2,1434,29.7,0.48,2142,0
78.9,1494,30.4,0.49,2285,0
79.5,1536,29.7,0.44,2154,0
79.2,1392,33.1,0.54,2344,0
81.2,1360,32.2,0.55,2388,0
81.1,1583,28.0,0.5,2406,0
78.4,1983,24.7,0.49,2598,0
81.3,1630,27.4,0.48,2556,0
80.0,1692,26.9,0.43,2588,0
81.6,1417,30.7,0.46,2586,0
79.9,1579,29.8,0.54,2658,0
81.4,1399,30.6,0.54,2642,0
81.0,1414,31.4,0.6,2846,0
80.8,1570,30.1,0.44,2913,0
81.1,1552,29.5,0.55,3000,0
82.4,1440,31.0,0.54,2954,0
80.0,1460,32.2,0.53,2927,0
83.5,1471,32.5,0.53,2970,0
78.1,1702,27.7,0.53,3083,0
81.5,1375,34.4,0.62,3095,0
80.9,1698,28.7,0.48,3101,0
82.4,1439,30.8,0.58,3129,0
82.6,1774,26.9,0.54,3333,0
79.8,1375,30.6,0.6,3258,0
81.2,1446,30.4,0.61,3454,0
80.0,1455,31.5,0.58,3396,0
82.3,1523,30.5,0.49,3405,0
82.0,1692,29.2,0.56,3408,0
83.7,1693,28.2,0.57,3511,0
81.4,1890,26.2,0.55,3617,0
83.1,1600,28.7,0.61,3582,0
83.3,1434,29.6,0.54,3770,0
82.6,1365,32.6,0.64,3721,0
81.8,1309,32.4,0.64,3781,0
82.5,1546,28.8,0.55,3777,0
80.4,1663,29.6,0.6,4013,0
83.8,1589,29.4,0.64,3983,0
82.8,1472,31.3,0.67,4166,0
84.1,1583,30.4,0.61,4149,0
81.8,1567,28.3,0.62,4135,0
83.4,1407,30.9,0.69,4280,0
83.5,1418,34.0,0.7,4250,0
83.0,1489,32.2,0.64,4351,0
82.9,1586,29.8,0.63,4255,0
84.8,1398,34.3,0.66,4397,1
82.6,1516,30.2,0.66,4435,0
82.8,1373,31.1,0.62,4307,0
86.1,1349,33.4,0.81,4640,0
81.5,1443,28.1,0.26,407,0
81.0,1542,28.3,0.33,485,0
83.1,1534,29.3,0.37,450,0
80.6,1697,26.6,0.3,751,0
83.8,1396,30.4,0.33,618,0
82.3,1495,29.4,0.29,743,0
80.9,1551,30.4,0.31,887,0
84.5,1440,29.4,0.41,889,0
83.1,1429,28.4,0.34,859,0
82.1,1548,29.8,0.34,817,0
83.3,1505,29.3,0.39,1025,0
81.6,1611,27.6,0.36,1138,0
83.3,1502,28.4,0.34,1161,0
79.7,1504,29.0,0.37,1301,0
81.0,1449,28.1,0.33,1159,0
83.0,1575,27.8,0.33,1142,0
81.2,1598,26.1,0.34,1307,0
82.4,1416,30.8,0.41,1353,0
79.7,1682,26.6,0.29,1371,0
84.9,1341,32.8,0.42,1347,0
83.2,1523,28.0,0.36,1230,0
81.7,1580,28.5,0.35,1398,0
81.2,1531,28.1,0.36,1558,0
83.7,1375,31.2,0.32,1572,0
84.3,1484,29.0,0.37,1662,0
82.9,1657,27.1,0.33,1666,0
84.9,1494,30.6,0.4,1751,0
80.7,1658,26.6,0.28,1788,0
81.8,1411,31.3,0.43,1818,0
82.4,1395,33.8,0.5,1854,0
83.7,1550,31.5,0.43,1672,0
84.1,1233,32.8,0.51,1888,0
83.0,1459,31.3,0.44,1945,0
84.8,1405,32.1,0.42,2021,0
85.1,1458,29.0,0.46,2044,0
82.1,1384,32.6,0.51,2229,0
82.0,1705,26.7,0.37,2119,0
85.0,1443,29.9,0.46,2313,0
82.6,1609,27.1,0.42,2184,0
81.7,1818,25.6,0.54,2266,0
85.1,1457,29.4,0.49,2295,0
82.6,1480,30.5,0.42,2363,0
84.5,1424,32.7,0.42,2533,0
84.8,1628,29.1,0.51,2448,0
83.2,1754,28.9,0.56,2504,0
84.9,1716,27.6,0.44,2522,0
84.6,1378,32.0,0.51,2596,0
86.1,1708,28.2,0.49,2687,0
84.8,1430,29.3,0.47,2688,0
86.6,1560,31.6,0.42,2729,0
85.7,1679,28.0,0.52,2876,0
84.5,1521,27.8,0.48,2852,0
82.6,1649,28.6,0.54,2774,0
85.8,1451,31.2,0.51,2912,0
85.4,1391,31.7,0.57,2929,0
85.5,1523,30.2,0.57,3050,0
84.3,1495,29.2,0.58,3069,0
84.4,1440,30.1,0.57,3187,0
86.8,1585,26.7,0.53,3091,0
83.7,1374,30.7,0.61,3224,0
85.9,1507,30.6,0.58,3190,0
84.3,1577,26.8,0.5,3325,0
84.8,1496,29.2,0.51,3258,0
85.1,1487,30.0,0.5,3443,0
83.6,1853,26.7,0.56,3448,0
87.0,1435,31.0,0.6,3501,0
86.7,1763,27.1,0.57,3605,0
85.6,1820,25.6,0.55,3613,0
86.0,1498,30.7,0.55,3528,0
84.6,1603,28.6,0.58,3639,0
86.8,1412,30.7,0.59,3713,0
88.6,1588,29.8,0.58,3729,0
84.2,1948,25.8,0.57,3774,0
85.7,1384,32.3,0.75,3974,0
84.5,1589,29.1,0.65,3887,0
85.4,1405,32.4,0.65,3946,0
82.5,1491,30.8,0.68,3808,0
86.4,1418,31.3,0.73,4064,0
84.3,1603,29.7,0.57,4321,0
82.5,1922,27.5,0.63,4254,1
84.1,1364,31.2,0.34,465,0
81.4,1551,29.5,0.35,736,0
81.8,1589,27.1,0.31,591,0
85.5,1423,31.6,0.33,649,0
81.6,1418,31.0,0.42,656,0
80.9,1404,30.6,0.34,690,0
83.8,1281,34.0,0.35,587,0
83.8,1529,31.2,0.34,865,0
80.6,1563,29.9,0.37,814,0
84.0,1348,31.1,0.37,876,0
83.1,1462,28.2,0.35,949,0
80.1,1510,31.8,0.35,947,0
83.4,1472,29.4,0.33,1090,0
84.1,1325,31.6,0.35,1201,0
81.8,1570,27.4,0.29,1190,0
84.3,1379,31.7,0.44,1181,0
84.1,1352,32.2,0.39,1219,0
81.6,1727,25.6,0.2,1281,0
81.8,1432,30.4,0.41,1234,0
80.8,1466,30.0,0.4,1406,0
81.7,1510,28.5,0.3,1480,0
82.8,1490,29.9,0.35,1467,0
81.3,1463,28.8,0.34,1462,0
79.3,1561,30.1,0.38,1509,0
82.1,2109,23.5,0.38,1637,0
82.0,1705,27.2,0.37,1533,0
81.6,1549,28.7,0.39,1591,0
83.2,1637,28.6,0.45,1581,0
83.8,1484,28.7,0.43,1801,0
79.1,1401,29.5,0.36,1921,0
82.5,1571,29.0,0.39,1994,0
80.6,1513,29.3,0.45,2047,0
82.9,1470,28.7,0.4,1921,0
82.5,1505,29.3,0.52,2032,0
83.5,1432,30.0,0.45,2015,0
81.5,1625,27.5,0.39,2215,0
81.8,1377,35.0,0.47,2241,1
82.6,1441,31.0,0.5,2185,0
83.2,1564,30.4,0.43,2176,0
83.5,1580,29.0,0.47,2003,0
81.1,1516,27.5,0.41,2200,0
83.9,1447,29.9,0.48,2202,0
82.3,1323,31.7,0.49,2270,0
83.2,1470,32.3,0.49,2589,0
80.5,2049,26.4,0.39,2371,0
81.9,1794,27.1,0.49,2443,0
84.3,1356,32.1,0.5,2490,0
81.2,1555,29.5,0.48,2807,0
82.5,1487,31.7,0.52,2683,0
84.0,1341,32.8,0.64,2821,0
85.3,1487,28.9,0.54,2808,0
81.3,1569,27.7,0.53,2689,0
84.2,2053,25.3,0.4,3059,0
85.2,1583,28.8,0.5,3058,0
82.3,1672,29.8,0.56,3052,0
83.6,1337,34.7,0.56,3238,0
82.4,1421,30.4,0.56,3122,0
84.2,1425,32.7,0.56,3228,0
81.4,1609,29.7,0.5,3247,0
83.8,1507,30.3,0.64,3396,0
85.5,1463,30.0,0.59,3411,0
83.7,1393,31.2,0.63,3404,0
83.0,1725,26.7,0.56,3386,0
82.1,1514,29.2,0.56,3476,0
85.5,1365,31.8,0.61,3457,0
85.2,1372,30.4,0.6,3670,0
84.4,1509,30.6,0.59,3487,0
83.6,1629,29.7,0.64,3776,0
83.5,1749,27.7,0.5,3787,0
84.4,1582,27.7,0.55,3646,0
84.3,1458,30.7,0.6,3722,0
84.1,1416,31.2,0.66,3734,0
83.3,1657,28.2,0.66,3861,0
84.9,1437,31.1,0.64,4028,0
84.1,1580,29.8,0.63,4063,0
84.2,1488,32.3,0.66,3987,0
86.2,1373,34.1,0.72,4175,1
85.2,1367,34.6,0.74,4204,1
85.8,1431,32.6,0.7,4131,0
84.3,1623,28.4,0.65,4234,0
81.6,1484,29.7,0.69,4394,0
84.8,1548,27.4,0.57,4391,0
84.9,1287,35.6,0.75,4440,1
83.5,1392,32.5,0.69,4584,0
84.6,1458,32.4,0.71,4475,0
83.3,1570,28.7,0.64,4546,0
85.1,1435,32.2,0.73,4682,1
84.7,1317,35.0,0.72,4768,1
85.9,1610,29.1,0.6,4595,0
83.7,1838,28.3,0.67,4664,0
85.0,1352,32.1,0.69,4652,1
83.5,1619,29.1,0.68,4796,0
84.7,1619,28.1,0.64,4875,0
84.4,1690,27.5,0.74,4764,0
85.5,1412,31.1,0.73,4966,0
79.6,1744,26.6,0.26,464,0
79.0,1593,26.9,0.32,546,0
81.6,1695,23.0,0.36,733,0
84.3,1298,33.4,0.37,628,0
78.9,1886,22.8,0.25,619,0
81.9,2033,24.2,0.29,826,0
81.2,1711,25.9,0.23,792,0
81.2,1598,28.8,0.31,952,0
80.0,1894,25.8,0.37,958,0
80.0,1412,29.3,0.35,787,0
82.8,1394,29.7,0.36,1085,0
81.3,1338,33.8,0.38,1168,0
80.8,1376,30.2,0.36,1152,0
83.1,1360,30.9,0.39,1244,0
79.4,1486,28.9,0.39,1174,0
79.3,1649,26.6,0.32,1191,0
82.0,1367,30.5,0.28,1300,0
83.3,1362,33.6,0.44,1392,0
81.8,1520,28.3,0.45,1425,0
80.7,1582,27.2,0.34,1372,0
84.0,1667,27.0,0.29,1400,0
80.7,1693,26.5,0.38,1377,0
81.0,1559,27.0,0.44,1583,0
80.0,1592,27.2,0.39,1536,0
81.6,1404,28.4,0.47,1579,0
82.3,1413,29.7,0.45,1777,0
82.0,1663,26.1,0.4,1740,0
79.3,1508,28.2,0.38,1753,0
81.9,1353,32.4,0.46,1829,0
82.1,1485,30.5,0.42,1930,0
82.1,1633,26.8,0.39,1722,0
82.2,1422,30.2,0.43,1842,0
82.9,1577,29.7,0.44,1904,0
81.1,1482,29.0,0.38,1880,0
83.5,1705,27.0,0.44,1973,0
83.1,1699,28.5,0.38,1923,0
80.1,1664,27.1,0.4,2157,0
80.5,1486,28.3,0.44,2077,0
82.5,1336,33.8,0.48,2188,0
83.4,1429,31.7,0.39,2212,0
81.7,1456,30.9,0.48,2341,0
82.7,1496,29.3,0.43,2153,0
81.9,1894,25.5,0.44,2421,0
83.5,1373,33.1,0.48,2399,0
83.0,1387,30.5,0.56,2489,0
81.2,1500,30.1,0.5,2451,0
82.7,1517,30.3,0.48,2614,0
82.5,1309,33.7,0.47,2720,0
82.8,1357,33.5,0.55,2667,0
82.4,1490,29.9,0.5,2648,0
81.1,1911,25.6,0.4,2687,0
81.8,1599,29.4,0.5,2876,0
79.8,2098,24.7,0.43,2911,0
80.9,1629,25.8,0.48,2947,0
82.1,1557,29.9,0.52,2969,0
80.6,1461,30.1,0.51,3024,0
81.4,1563,28.5,0.53,3038,0
82.2,1695,27.7,0.5,3049,0
81.2,1528,28.8,0.55,3175,0
84.9,1389,32.2,0.56,3175,0
83.1,2231,24.6,0.43,3289,0
81.9,1442,30.2,0.54,3311,0
85.2,1458,32.0,0.63,3297,0
83.6,1444,30.7,0.63,3411,0
84.7,1348,36.2,0.69,3323,0
81.8,1791,27.9,0.59,3446,0
84.2,1509,28.2,0.56,3516,0
83.9,1515,30.6,0.61,3397,0
82.0,1655,28.0,0.56,3594,0
82.3,1495,31.2,0.63,3536,0
81.9,1623,28.8,0.58,3580,0
84.2,1562,30.8,0.61,3641,0
84.1,1574,29.3,0.59,3717,0
83.7,1611,27.9,0.6,3649,0
83.6,1403,30.9,0.66,3859,0
82.8,1481,32.8,0.65,3840,0
83.0,1441,29.2,0.63,4016,0
85.5,1483,32.0,0.65,3939,0
82.5,1555,29.3,0.67,4050,0
82.8,1615,27.6,0.52,3971,0
81.4,1561,28.8,0.57,3981,0
83.3,1593,30.2,0.65,4160,0
82.0,1552,28.5,0.63,4059,0
84.0,1561,28.9,0.64,4251,0
84.0,1597,29.2,0.67,4425,0
82.6,1517,30.1,0.65,4400,0
81.8,2271,26.1,0.55,4423,1
79.2,1613,26.6,0.31,522,0
78.6,1509,31.0,0.31,505,0
78.3,1703,25.9,0.25,580,0
79.3,1925,25.6,0.28,579,0
79.7,1635,26.4,0.31,555,0
81.6,1294,34.8,0.39,716,1
79.6,1472,29.3,0.38,838,0
81.4,1449,29.8,0.38,681,0
79.9,1563,29.3,0.35,985,0
80.8,1611,28.4,0.42,1006,0
78.6,1386,30.8,0.35,976,0
74.8,1584,25.9,0.3,1013,0
81.3,1424,30.7,0.41,1054,0
78.1,1561,26.4,0.33,1126,0
79.5,1560,28.2,0.35,1121,0
79.9,1375,29.8,0.32,1196,0
81.4,1684,26.0,0.36,1294,0
81.9,1397,33.0,0.35,1486,0
81.8,1387,33.3,0.42,1435,0
82.7,1311,32.0,0.42,1408,0
81.4,1509,28.2,0.36,1506,0
81.0,1477,31.0,0.34,1492,0
82.9,1441,29.6,0.33,1559,0
80.6,1404,30.9,0.39,1711,0
82.2,1466,29.6,0.44,1634,0
80.0,1435,30.9,0.45,1713,0
80.8,1697,28.6,0.39,1769,0
80.4,1738,27.3,0.35,1847,0
83.4,1420,30.5,0.48,2049,0
78.9,1535,27.4,0.37,2059,0
79.7,1715,26.7,0.31,2078,0
82.1,1483,30.8,0.45,2139,0
80.9,1521,28.4,0.42,2189,0
80.7,1573,29.3,0.49,2166,0
80.1,1414,31.1,0.49,2203,0
79.5,1590,28.0,0.52,2510,0
81.7,1623,28.5,0.44,2518,0
80.0,1694,27.0,0.47,2505,0
80.5,1597,27.9,0.46,2637,0
80.9,1471,31.3,0.57,2770,0
79.1,1551,28.4,0.47,2609,0
82.6,1421,33.6,0.57,2616,0
81.9,1496,31.6,0.49,2847,0
82.4,1984,25.4,0.43,2730,0
78.9,1692,27.4,0.49,2940,0
81.7,1467,31.1,0.59,2948,0
78.5,1651,26.9,0.41,3062,0
82.1,1417,34.9,0.59,3005,0
82.5,1413,32.7,0.58,3175,0
78.2,1441,31.7,0.48,3055,0
80.9,1353,32.6,0.57,3224,0
79.9,1502,31.8,0.5,3168,0
79.2,1610,30.0,0.44,3301,0
81.6,1411,32.0,0.57,3211,0
83.0,1387,33.0,0.6,3344,0
80.8,1430,29.5,0.56,3487,0
81.1,1576,30.5,0.59,3480,0
80.7,1721,27.8,0.51,3618,0
81.7,1465,31.2,0.67,3575,0
80.8,1407,32.8,0.61,3590,0
83.0,1464,28.8,0.64,3698,0
82.3,1568,28.7,0.53,3787,0
82.1,1667,29.1,0.56,3638,0
82.3,1360,35.8,0.72,3868,1
81.4,1488,31.6,0.62,3786,0
81.5,1504,29.5,0.58,3820,0
79.3,1610,29.2,0.52,3994,0
80.4,1345,32.4,0.71,4093,0
82.2,1376,33.7,0.72,4039,0
83.4,1385,32.7,0.69,3967,0
81.5,1429,30.4,0.63,4057,0
81.7,1337,35.0,0.66,4131,1
80.7,1542,29.7,0.63,4215,0
79.9,2118,26.7,0.52,4229,0
81.5,1386,31.6,0.65,4310,0
80.8,1632,26.7,0.32,580,0
80.2,1545,28.7,0.21,581,0
81.3,1390,31.6,0.36,661,0
81.3,1355,32.2,0.39,621,0
78.2,1425,30.3,0.36,959,0
78.3,1491,29.3,0.36,775,0
77.9,1486,30.1,0.3,839,0
81.5,1359,32.1,0.33,1014,0
79.3,1395,31.2,0.26,934,0
78.5,1383,30.0,0.37,911,0
78.3,1484,27.5,0.31,1103,0
79.3,1421,30.0,0.34,1196,0
80.4,1339,32.5,0.4,1135,0
79.8,1362,31.6,0.37,1299,0
78.5,1568,29.0,0.33,1187,0
79.3,2312,23.1,0.36,1357,0
78.7,1498,28.1,0.38,1439,0
78.8,1761,26.4,0.37,1379,0
81.6,1316,29.0,0.41,1461,0
79.2,1525,28.0,0.4,1543,0
79.8,1362,29.1,0.37,1467,0
81.3,1516,29.0,0.42,1520,0
79.7,1450,29.8,0.4,1727,0
81.0,1366,32.6,0.41,1681,0
80.8,1547,25.9,0.39,1669,0
82.7,1580,27.5,0.38,1753,0
80.8,1755,27.0,0.47,1839,0
80.6,1800,26.8,0.4,1762,0
82.2,1439,31.2,0.51,1998,0
81.2,1411,32.0,0.53,2027,0
81.4,1645,28.3,0.41,2162,0
79.9,2450,23.8,0.35,2065,0
81.9,1630,27.9,0.36,2247,0
82.3,1411,28.9,0.43,2168,0
82.1,1526,29.1,0.47,2219,0
81.1,1590,26.9,0.42,2266,0
81.2,1884,26.4,0.43,2446,0
79.2,1947,25.3,0.33,2268,0
82.5,1373,33.6,0.53,2461,0
83.3,1616,28.6,0.51,2460,0
82.8,1449,30.5,0.43,2490,0
82.6,1363,33.3,0.54,2592,0
85.0,1461,32.6,0.6,2687,0
81.3,1374,34.7,0.63,2730,0
81.7,1293,34.0,0.55,2822,0
84.1,1490,28.6,0.54,2739,0
81.4,1753,26.8,0.53,2808,0
81.8,1493,30.0,0.53,2768,0
79.7,1895,26.7,0.51,3042,0
81.9,1654,29.6,0.51,2904,0
81.7,1673,27.5,0.52,2984,0
79.8,1613,26.2,0.47,3092,0
80.6,1903,25.5,0.47,3168,0
81.5,1368,30.1,0.58,3059,0
81.9,1575,28.4,0.5,3245,0
80.6,1516,29.7,0.55,3179,0
82.8,1645,28.9,0.57,3407,0
83.4,1374,30.2,0.68,3285,0
82.4,1407,31.5,0.52,3422,0
82.8,1284,33.1,0.71,3456,0
81.2,1645,29.0,0.54,3416,0
81.7,1387,32.5,0.68,3428,0
80.7,1618,29.2,0.62,3518,0
81.7,1357,31.7,0.68,3710,0
83.6,1396,32.2,0.59,3511,0
82.0,1586,28.7,0.56,3728,0
82.7,1449,30.9,0.61,3757,0
82.5,1423,31.9,0.63,3692,0
80.7,1402,30.1,0.69,3816,0
81.9,1437,31.9,0.65,3904,0
82.3,1537,29.8,0.55,4026,0
80.5,1423,31.4,0.65,4175,0
82.0,1587,28.8,0.57,4197,0
84.5,1487,31.4,0.65,4135,0
80.1,1456,30.5,0.34,434,0
79.9,1607,26.0,0.25,411,0
79.1,1469,29.4,0.3,541,0
79.7,1481,27.2,0.29,535,0
78.6,1327,34.0,0.36,657,0
78.4,1589,25.3,0.31,696,0
78.2,1670,26.6,0.32,693,0
77.5,1662,25.8,0.38,730,0
79.4,1553,28.5,0.31,765,0
77.3,1557,27.1,0.34,833,0
79.0,1352,32.6,0.31,1042,0
79.5,1305,31.7,0.37,1004,0
77.0,1450,28.1,0.34,1041,0
78.9,1347,31.2,0.33,1168,0
76.3,1566,27.2,0.33,1214,0
79.1,1615,27.1,0.34,1343,0
79.0,1384,33.1,0.39,1330,0
78.1,1367,31.2,0.5,1352,0
75.9,1897,23.8,0.34,1342,0
77.7,1522,27.0,0.45,1377,0
78.0,1576,26.5,0.41,1549,0
78.3,1479,29.9,0.36,1523,0
77.0,1452,29.8,0.42,1512,0
77.0,1432,30.1,0.41,1489,0
77.4,1663,26.0,0.37,1864,0
76.3,1597,27.8,0.35,1648,0
77.7,1472,31.1,0.41,1708,0
78.3,1452,30.2,0.46,1897,0
77.4,1534,26.4,0.41,1737,0
78.7,1505,32.5,0.46,1965,0
75.4,1528,27.7,0.41,2104,0
73.4,2636,23.1,0.39,2163,0
76.0,1722,26.1,0.4,2047,0
79.8,1395,30.7,0.52,2135,0
80.6,1375,32.7,0.41,2140,0
78.6,1766,26.4,0.44,2206,0
77.3,1399,32.6,0.51,2365,0
75.0,1578,28.7,0.43,2184,0
74.4,1502,29.7,0.46,2384,0
76.2,1529,28.9,0.48,2352,0
75.8,1804,26.4,0.47,2530,0
79.3,1411,32.9,0.45,2562,0
78.9,1413,31.8,0.56,2477,0
78.5,1355,34.4,0.53,2537,0
76.4,1429,30.9,0.56,2652,0
75.6,1565,28.1,0.41,2695,0
77.8,1446,30.3,0.61,2454,0
78.1,1462,28.6,0.47,2777,0
77.3,1578,27.5,0.55,2891,0
75.5,1606,26.0,0.49,2833,0
77.8,1525,30.2,0.47,2924,0
78.4,1379,32.4,0.57,3003,0
75.7,1575,28.5,0.55,2954,0
77.6,1399,32.8,0.52,3037,0
79.0,1429,29.7,0.59,3009,0
77.4,1435,29.3,0.54,3039,0
78.7,1766,27.3,0.52,3026,0
77.6,1703,28.1,0.51,3128,0
77.2,1507,30.7,0.53,3301,0
77.3,1609,28.3,0.48,3114,0
77.7,1605,29.2,0.56,3288,0
78.1,1491,32.1,0.62,3300,0
76.3,1891,27.3,0.54,3428,0
79.8,1563,30.8,0.61,3532,0
80.5,1390,32.1,0.66,3414,0
79.5,1444,29.4,0.64,3478,0
82.4,1361,35.9,0.61,3518,1
78.0,1589,29.3,0.48,3556,0
80.0,1705,26.4,0.62,3616,0
78.1,1422,29.5,0.55,3712,0
78.7,1377,33.6,0.6,3651,0
77.7,1334,32.8,0.64,3751,0
78.8,1559,30.3,0.54,3781,0
79.6,1353,32.4,0.63,3919,0
80.5,1507,31.1,0.61,3910,0
79.2,1694,27.8,0.58,3949,0
78.4,1432,31.2,0.65,3937,0
79.2,1572,28.7,0.61,3965,0
80.0,1507,30.2,0.64,4312,0
78.0,1500,29.3,0.65,4212,0
78.2,1771,28.5,0.64,4505,0
75.8,1577,26.5,0.34,562,0
78.7,1527,28.6,0.28,700,0
76.3,1827,24.9,0.34,668,0
77.8,1484,29.1,0.34,655,0
75.7,1401,31.0,0.28,630,0
77.5,1634,26.5,0.23,635,0
78.0,1604,26.4,0.26,839,0
74.2,1632,27.8,0.36,824,0
76.4,1645,27.4,0.29,941,0
79.1,1408,32.1,0.28,1010,0
78.8,1500,27.5,0.33,1062,0
92.4,2800,31.5,0.64,4820,1
94.1,2950,33.2,0.68,5100,1
90.8,2750,32.0,0.62,4700,1
72.0,1800,22.0,0.25,1200,0
68.5,1500,21.0,0.22,950,0
